day,fold,l_q,station,error
0,0,10.0,20,1.2363685674141713
0,0,10.0,21,-0.007268658332495903
0,0,10.0,22,-0.4706130223644962
0,0,10.0,23,0.19224032033291394
0,0,10.0,25,2.5920162459540528
0,0,10.0,28,0.9070721635020504
0,0,10.0,32,0.1548373320310077
0,0,10.0,38,-1.3815040269987158
0,0,25.0,20,1.1994511782040185
0,0,25.0,21,-0.012999411834016428
0,0,25.0,22,-0.47757261462641765
0,0,25.0,23,0.0809407606133945
0,0,25.0,25,2.5681359809087745
0,0,25.0,28,0.7807368822421736
0,0,25.0,32,0.03105679703437403
0,0,25.0,38,-1.3642016700723119
0,0,60.0,20,1.1044002404075428
0,0,60.0,21,-0.0344167555666246
0,0,60.0,22,-0.5058247853819466
0,0,60.0,23,-0.07578245336011236
0,0,60.0,25,2.4799837739526467
0,0,60.0,28,0.5361818696779928
0,0,60.0,32,-0.20794331431808644
0,0,60.0,38,-1.313459953386804
0,0,120.0,20,1.0518955276003652
0,0,120.0,21,-0.04841715155470183
0,0,120.0,22,-0.5233824440272237
0,0,120.0,23,-0.14525227988695377
0,0,120.0,25,2.428243701327162
0,0,120.0,28,0.41468491680821273
0,0,120.0,32,-0.3271751540145367
0,0,120.0,38,-1.289673630283918
0,0,250.0,20,1.032634596611853
0,0,250.0,21,-0.053845413762701355
0,0,250.0,22,-0.5300340811758559
0,0,250.0,23,-0.16923608717138094
0,0,250.0,25,2.4090852553460387
0,0,250.0,28,0.3713669353351321
0,0,250.0,32,-0.36974377671261394
0,0,250.0,38,-1.2815581476934703
0,1,10.0,8,-0.5125257105022349
0,1,10.0,9,0.4117747024991374
0,1,10.0,15,0.9318072197048046
0,1,10.0,17,-0.1664881351319849
0,1,10.0,18,0.4700453708448862
0,1,10.0,19,-0.16275380052410426
0,1,10.0,24,0.48670820796179015
0,1,10.0,33,1.260974978175046
0,1,25.0,8,-0.526546915281422
0,1,25.0,9,0.3961885738237747
0,1,25.0,15,0.7510304972094524
0,1,25.0,17,-0.1528361940219689
0,1,25.0,18,0.49176057275177953
0,1,25.0,19,-0.16233960066242403
0,1,25.0,24,0.37410471508048815
0,1,25.0,33,1.2040587683589337
0,1,60.0,8,-0.5271329256671287
0,1,60.0,9,0.39470004236357425
0,1,60.0,15,0.4817957793924492
0,1,60.0,17,-0.14258683149079587
0,1,60.0,18,0.5179931366894834
0,1,60.0,19,-0.14800446545301327
0,1,60.0,24,0.14955064603552515
0,1,60.0,33,1.1543123317118003
0,1,120.0,8,-0.5252019384574105
0,1,120.0,9,0.39666289645256114
0,1,120.0,15,0.3484186525864956
0,1,120.0,17,-0.16266084573721074
0,1,120.0,18,0.5059842425925289
0,1,120.0,19,-0.16080854779487552
0,1,120.0,24,0.048109912111559794
0,1,120.0,33,1.1313174563252986
0,1,250.0,8,-0.5248159757143291
0,1,250.0,9,0.3970671594240862
0,1,250.0,15,0.3002061580405133
0,1,250.0,17,-0.17433900131238644
0,1,250.0,18,0.4972273676899519
0,1,250.0,19,-0.1696556539179248
0,1,250.0,24,0.013524229507936525
0,1,250.0,33,1.1224727060722124
0,2,10.0,3,0.9103934979150203
0,2,10.0,6,-0.3966919706237455
0,2,10.0,7,-0.04477141602601975
0,2,10.0,10,0.5048278973576679
0,2,10.0,12,0.04381131266379512
0,2,10.0,13,-0.34685980430557706
0,2,10.0,14,1.0324642623761022
0,2,10.0,37,-1.4056437795575079
0,2,25.0,3,0.8919752193432089
0,2,25.0,6,-0.34500485868755604
0,2,25.0,7,-0.023857503698707205
0,2,25.0,10,0.45599875998930983
0,2,25.0,12,-0.02324421390045117
0,2,25.0,13,-0.43608486403485713
0,2,25.0,14,0.8555533028297866
0,2,25.0,37,-1.3751877825188679
0,2,60.0,3,0.7541532906489934
0,2,60.0,6,-0.17966969019999013
0,2,60.0,7,0.08357935015433782
0,2,60.0,10,0.31185451439057843
0,2,60.0,12,-0.2837006010290821
0,2,60.0,13,-0.6933651849386102
0,2,60.0,14,0.5988946885692705
0,2,60.0,37,-1.239111436625194
0,2,120.0,3,0.6048860165267733
0,2,120.0,6,-0.07173188101133832
0,2,120.0,7,0.1697886637924988
0,2,120.0,10,0.1840533176136283
0,2,120.0,12,-0.4597104747250711
0,2,120.0,13,-0.8822273973570134
0,2,120.0,14,0.4351005626400344
0,2,120.0,37,-1.1369517310389128
0,2,250.0,3,0.5293071150940598
0,2,250.0,6,-0.02685144338585843
0,2,250.0,7,0.20786086056586583
0,2,250.0,10,0.12313480069935778
0,2,250.0,12,-0.5312723422888261
0,2,250.0,13,-0.9648912927360733
0,2,250.0,14,0.364554072606051
0,2,250.0,37,-1.092711484536828
0,3,10.0,0,0.4449186739430502
0,3,10.0,1,-0.7023473035210728
0,3,10.0,2,-0.04122402128309588
0,3,10.0,4,-1.0765642007722924
0,3,10.0,16,0.3047565013087379
0,3,10.0,34,-2.0270591614067754
0,3,10.0,35,0.7438712714619093
0,3,10.0,36,0.4152761541272234
0,3,25.0,0,0.7922981041718877
0,3,25.0,1,-0.7388716055657198
0,3,25.0,2,-0.09883744099898095
0,3,25.0,4,-1.0975640532542315
0,3,25.0,16,0.2692698637079829
0,3,25.0,34,-2.1952048206540695
0,3,25.0,35,0.49470588273372584
0,3,25.0,36,0.30776868029291293
0,3,60.0,0,1.1659023324175735
0,3,60.0,1,-0.8620063651481118
0,3,60.0,2,-0.24293992915758977
0,3,60.0,4,-1.1750392484108723
0,3,60.0,16,0.11802597850162044
0,3,60.0,34,-2.5067352032737737
0,3,60.0,35,0.1572359177506506
0,3,60.0,36,0.061231203675699675
0,3,120.0,0,1.3128015793359609
0,3,120.0,1,-0.9385337431564942
0,3,120.0,2,-0.3254207195839385
0,3,120.0,4,-1.234054400874406
0,3,120.0,16,0.026907726116732533
0,3,120.0,34,-2.669416331587467
0,3,120.0,35,-0.0016588385573186315
0,3,120.0,36,-0.06453623784868157
0,3,250.0,0,1.3614819577263546
0,3,250.0,1,-0.968564644410904
0,3,250.0,2,-0.3570961055033415
0,3,250.0,4,-1.2586301843804542
0,3,250.0,16,-0.007108440288224216
0,3,250.0,34,-2.728509225871793
0,3,250.0,35,-0.05827667344678744
0,3,250.0,36,-0.10990263958725066
0,4,10.0,5,-1.1774386176772467
0,4,10.0,11,0.5493155241365031
0,4,10.0,26,0.9233961429663999
0,4,10.0,27,0.8446461483427292
0,4,10.0,29,0.818368288309749
0,4,10.0,30,1.950355957736278
0,4,10.0,31,0.5177700853066902
0,4,25.0,5,-0.9878678380519368
0,4,25.0,11,0.503469443273385
0,4,25.0,26,0.891103979619519
0,4,25.0,27,0.8214061804892765
0,4,25.0,29,0.8449845784414158
0,4,25.0,30,1.853039317917876
0,4,25.0,31,0.5348529439143732
0,4,60.0,5,-0.7407949605974871
0,4,60.0,11,0.4248588096852721
0,4,60.0,26,0.6902383662759703
0,4,60.0,27,0.6157913834125388
0,4,60.0,29,0.788428319463403
0,4,60.0,30,1.5946882386401917
0,4,60.0,31,0.4684130688107295
0,4,120.0,5,-0.6377196553313169
0,4,120.0,11,0.38446081258886267
0,4,120.0,26,0.5127002363583131
0,4,120.0,27,0.4174992894054803
0,4,120.0,29,0.7330018801554239
0,4,120.0,30,1.4037355087001195
0,4,120.0,31,0.4094591877212359
0,4,250.0,5,-0.6029715673106963
0,4,250.0,11,0.36921768410589095
0,4,250.0,26,0.431910334864817
0,4,250.0,27,0.32519724948409134
0,4,250.0,29,0.7091920040296422
0,4,250.0,30,1.3180164949300384
0,4,250.0,31,0.38449512200754654
2,0,10.0,20,0.3133655689017729
2,0,10.0,21,0.7557791910378349
2,0,10.0,22,0.24386675674649894
2,0,10.0,23,0.8269821200616114
2,0,10.0,25,2.1018186015205664
2,0,10.0,28,1.1345505202732014
2,0,10.0,32,0.7172668601700565
2,0,10.0,38,-2.4283999735840744
2,0,25.0,20,0.24787250144121487
2,0,25.0,21,0.7425167961044536
2,0,25.0,22,0.2286117667233647
2,0,25.0,23,0.6300182439960729
2,0,25.0,25,2.058049388263374
2,0,25.0,28,1.1588594803988066
2,0,25.0,32,0.7455763725931774
2,0,25.0,38,-2.2451211497156187
2,0,60.0,20,0.06857294305413575
2,0,60.0,21,0.6705003115490378
2,0,60.0,22,0.14298440605707086
2,0,60.0,23,0.4124817256392994
2,0,60.0,25,1.8878216408213682
2,0,60.0,28,1.176193657410316
2,0,60.0,32,0.7674823803219653
2,0,60.0,38,-2.0371882032037583
2,0,120.0,20,-0.0480084039845039
2,0,120.0,21,0.6023324348574661
2,0,120.0,22,0.06406243027281988
2,0,120.0,23,0.30546329117385795
2,0,120.0,25,1.7665710051773225
2,0,120.0,28,1.1707499808104274
2,0,120.0,32,0.7637343494473043
2,0,120.0,38,-1.9483024166604501
2,0,250.0,20,-0.09925934399758063
2,0,250.0,21,0.5667093840870727
2,0,250.0,22,0.023458441439075273
2,0,250.0,23,0.26408802968427025
2,0,250.0,25,1.7117927096935617
2,0,250.0,28,1.1663831208550235
2,0,250.0,32,0.7599400221511203
2,0,250.0,38,-1.9182781422143371
2,1,10.0,8,-0.6368080336020085
2,1,10.0,9,-0.6179962478174232
2,1,10.0,15,0.2499111335409836
2,1,10.0,17,-0.2748057128692736
2,1,10.0,18,0.03664461271554842
2,1,10.0,19,-0.3757131600752821
2,1,10.0,24,1.047020772997648
2,1,10.0,33,0.9687950262591052
2,1,25.0,8,-0.5983618909218968
2,1,25.0,9,-0.5666269400795372
2,1,25.0,15,0.27511266781712607
2,1,25.0,17,-0.07755690546067484
2,1,25.0,18,0.23792979921960367
2,1,25.0,19,-0.20178102940275267
2,1,25.0,24,0.89459174295936
2,1,25.0,33,0.7072760787025238
2,1,60.0,8,-0.45637848026050065
2,1,60.0,9,-0.41745438748266395
2,1,60.0,15,0.2515516748348716
2,1,60.0,17,0.24400954533648544
2,1,60.0,18,0.5698999685858084
2,1,60.0,19,0.12773286547080076
2,1,60.0,24,0.6872628300342889
2,1,60.0,33,0.5324778921525031
2,1,120.0,8,-0.3669078284092109
2,1,120.0,9,-0.32781693194242223
2,1,120.0,15,0.23035540128484655
2,1,120.0,17,0.3851401932556051
2,1,120.0,18,0.7156904197526543
2,1,120.0,19,0.28205720698039016
2,1,120.0,24,0.5913570818023324
2,1,120.0,33,0.4989698487942178
2,1,250.0,8,-0.33269074299338186
2,1,250.0,9,-0.29386605294830304
2,1,250.0,15,0.22200226245992383
2,1,250.0,17,0.43388111256264494
2,1,250.0,18,0.7660541718170357
2,1,250.0,19,0.3364018146458392
2,1,250.0,24,0.5570778049862604
2,1,250.0,33,0.4919825068910484
2,2,10.0,3,0.6731587873225351
2,2,10.0,6,-0.4238958960919881
2,2,10.0,7,-0.19773986635709306
2,2,10.0,10,0.3226581120394343
2,2,10.0,13,1.0534603093412436
2,2,10.0,14,-0.1830277815305763
2,2,10.0,37,-1.207843044576613
2,2,25.0,3,0.6823159926760987
2,2,25.0,6,-0.3231864187546343
2,2,25.0,7,-0.16703493187653962
2,2,25.0,10,0.34378521047476696
2,2,25.0,13,1.0307920917116142
2,2,25.0,14,-0.2273945598966982
2,2,25.0,37,-1.1560574235354402
2,2,60.0,3,0.7529100847429291
2,2,60.0,6,0.012393494286186524
2,2,60.0,7,0.026493438121097057
2,2,60.0,10,0.3774458866796486
2,2,60.0,13,0.983771309340046
2,2,60.0,14,-0.2675068197899755
2,2,60.0,37,-0.9102226629964854
2,2,120.0,3,0.8047358850576494
2,2,120.0,6,0.23786053929836726
2,2,120.0,7,0.19446121761761503
2,2,120.0,10,0.387803441117903
2,2,120.0,13,0.9551975991245278
2,2,120.0,14,-0.2841506434454715
2,2,120.0,37,-0.7178590897606796
2,2,250.0,3,0.8251017432162975
2,2,250.0,6,0.3326469312799425
2,2,250.0,7,0.27074963358617765
2,2,250.0,10,0.39062525965242045
2,2,250.0,13,0.9441374671771818
2,2,250.0,14,-0.29005309070869245
2,2,250.0,37,-0.6328760989572046
2,3,10.0,0,-0.25962111469280913
2,3,10.0,1,-0.9498465606401858
2,3,10.0,2,-0.37685834652717176
2,3,10.0,4,-1.472108704598142
2,3,10.0,16,-0.7313521508894425
2,3,10.0,34,-1.3754207403388428
2,3,10.0,35,1.6072609047452353
2,3,10.0,36,0.7911056187024101
2,3,25.0,0,0.4261453301766416
2,3,25.0,1,-0.9212583636968183
2,3,25.0,2,-0.3330102609056027
2,3,25.0,4,-1.4449016057691608
2,3,25.0,16,-0.6907109779541756
2,3,25.0,34,-1.5452339937750956
2,3,25.0,35,1.388624938390624
2,3,25.0,36,0.7183551688311063
2,3,60.0,0,1.2337575693399572
2,3,60.0,1,-0.8045166010623852
2,3,60.0,2,-0.20106759375175542
2,3,60.0,4,-1.3947144314712858
2,3,60.0,16,-0.7020242536607917
2,3,60.0,34,-1.8350444622997664
2,3,60.0,35,1.097093561517454
2,3,60.0,36,0.5480879823449776
2,3,120.0,0,1.5804180450284662
2,3,120.0,1,-0.7193167270514351
2,3,120.0,2,-0.10242977438747758
2,3,120.0,4,-1.3775558423498317
2,3,120.0,16,-0.7230485007205338
2,3,120.0,34,-1.9791408472965273
2,3,120.0,35,0.9631299994770224
2,3,120.0,36,0.4619438468341741
2,3,250.0,0,1.700172859589248
2,3,250.0,1,-0.6845966818019313
2,3,250.0,2,-0.06140619575993256
2,3,250.0,4,-1.3726069661958356
2,3,250.0,16,-0.7319079118336731
2,3,250.0,34,-2.0308213802239514
2,3,250.0,35,0.9158163022747878
2,3,250.0,36,0.43104203185695056
2,4,10.0,11,-0.015023015123833972
2,4,10.0,27,0.257230883581947
2,4,10.0,29,-0.33258019693238694
2,4,10.0,30,0.8850984015850152
2,4,10.0,31,0.10068835805597942
2,4,25.0,11,-0.04396114983381949
2,4,25.0,27,0.22765251069668935
2,4,25.0,29,-0.3635636235153932
2,4,25.0,30,0.8010220375562263
2,4,25.0,31,0.07259144372156356
2,4,60.0,11,-0.11628495083388302
2,4,60.0,27,-0.04122452597993487
2,4,60.0,29,-0.410688188773328
2,4,60.0,30,0.5481006745617094
2,4,60.0,31,0.026090542303148112
2,4,120.0,11,-0.17209901370822678
2,4,120.0,27,-0.3282918037839728
2,4,120.0,29,-0.447015165304844
2,4,120.0,30,0.3208575792040733
2,4,120.0,31,-0.010601770215615147
2,4,250.0,11,-0.19738691508043615
2,4,250.0,27,-0.4720652552764335
2,4,250.0,29,-0.46448157732108797
2,4,250.0,30,0.20802217444969529
2,4,250.0,31,-0.028272818221623197
3,0,10.0,20,0.31872679078480104
3,0,10.0,21,0.5868623800949351
3,0,10.0,22,0.5132474580514668
3,0,10.0,23,0.26222221915388744
3,0,10.0,25,1.2877355808491053
3,0,10.0,28,-1.3417782137805396
3,0,10.0,32,-1.0441515011586588
3,0,10.0,38,-0.9057831575586626
3,0,25.0,20,0.28994660967039465
3,0,25.0,21,0.5960757802507466
3,0,25.0,22,0.5142296533897017
3,0,25.0,23,0.16105030611711157
3,0,25.0,25,1.2685205416544605
3,0,25.0,28,-1.3365448603635635
3,0,25.0,32,-1.0395300479309704
3,0,25.0,38,-0.5668867137060651
3,0,60.0,20,0.26830289482964886
3,0,60.0,21,0.6637805014620568
3,0,60.0,22,0.5636895849018551
3,0,60.0,23,0.11463105982122812
3,0,60.0,25,1.2536706243611455
3,0,60.0,28,-1.2622415689902375
3,0,60.0,32,-0.9663395933418357
3,0,60.0,38,-0.23410848828682518
3,0,120.0,20,0.3154072853621983
3,0,120.0,21,0.7617384821803448
3,0,120.0,22,0.6592644627071742
3,0,120.0,23,0.12240803594232119
3,0,120.0,25,1.3066535781288486
3,0,120.0,28,-1.2140075380173663
3,0,120.0,32,-0.9187015027963241
3,0,120.0,38,-0.11043835764139942
3,0,250.0,20,0.35296167400078815
3,0,250.0,21,0.8210084237012616
3,0,250.0,22,0.7202433023848016
3,0,250.0,23,0.13113945418393413
3,0,250.0,25,1.3481852439481727
3,0,250.0,28,-1.1959364109015596
3,0,250.0,32,-0.9008444440635088
3,0,250.0,38,-0.06896343115813508
3,1,10.0,8,-0.0367350471143304
3,1,10.0,9,0.04875780910439076
3,1,10.0,15,-1.0363883146299386
3,1,10.0,17,-1.5225773462570622
3,1,10.0,18,-1.73733209351699
3,1,10.0,19,-0.48663418216284526
3,1,10.0,24,0.7793518642976416
3,1,10.0,33,0.8739903779077309
3,1,25.0,8,-0.014350377812025528
3,1,25.0,9,0.058514077095118466
3,1,25.0,15,-0.9771497517896428
3,1,25.0,17,-1.404347146312869
3,1,25.0,18,-1.6192626263989283
3,1,25.0,19,-0.38015248582241057
3,1,25.0,24,0.7462688203951515
3,1,25.0,33,0.7325578871438019
3,1,60.0,8,0.1407174863283025
3,1,60.0,9,0.19344627778009738
3,1,60.0,15,-0.8155711327695094
3,1,60.0,17,-1.1060552066572882
3,1,60.0,18,-1.3265811619134418
3,1,60.0,19,-0.09014615291151529
3,1,60.0,24,0.7462952036280903
3,1,60.0,33,0.6554085371615876
3,1,120.0,8,0.24908019391689962
3,1,120.0,9,0.2911099814548166
3,1,120.0,15,-0.7171927182868849
3,1,120.0,17,-0.9325926602394112
3,1,120.0,18,-1.1565771436135677
3,1,120.0,19,0.08945626989576638
3,1,120.0,24,0.7657653204397086
3,1,120.0,33,0.6596788373292171
3,1,250.0,8,0.2915151704815351
3,1,250.0,9,0.3294625256907935
3,1,250.0,15,-0.6794752801609043
3,1,250.0,17,-0.8655795683431151
3,1,250.0,18,-1.0907180698046517
3,1,250.0,19,0.1608078368697896
3,1,250.0,24,0.7752748285835267
3,1,250.0,33,0.6666833506353527
3,2,10.0,3,-1.2957352950209966
3,2,10.0,6,-0.8996702054015948
3,2,10.0,7,-0.9114303755775133
3,2,10.0,10,-0.6617451007927038
3,2,10.0,12,-0.2095042265158078
3,2,10.0,13,0.014774602315046792
3,2,10.0,14,-0.07824193053679807
3,2,10.0,37,-1.2262767694003465
3,2,25.0,3,-1.2480246138622775
3,2,25.0,6,-0.8431737627603617
3,2,25.0,7,-0.8970035502182903
3,2,25.0,10,-0.6608421714643384
3,2,25.0,12,-0.1728742945121624
3,2,25.0,13,0.10201617080467784
3,2,25.0,14,0.09071822787284134
3,2,25.0,37,-1.1990323910382727
3,2,60.0,3,-0.9207601234411378
3,2,60.0,6,-0.6546843247098799
3,2,60.0,7,-0.7986717710134492
3,2,60.0,10,-0.5849701010858119
3,2,60.0,12,-0.029084595750717313
3,2,60.0,13,0.3153238537090921
3,2,60.0,14,0.3148833776448612
3,2,60.0,37,-1.066842286828841
3,2,120.0,3,-0.6333777663428073
3,2,120.0,6,-0.5328719030434144
3,2,120.0,7,-0.712807869134469
3,2,120.0,10,-0.48177052930001096
3,2,120.0,12,0.08081091443157362
3,2,120.0,13,0.4769032470563488
3,2,120.0,14,0.460536555438086
3,2,120.0,37,-0.9655198085243946
3,2,250.0,3,-0.5018264932998022
3,2,250.0,6,-0.4823022774161103
3,2,250.0,7,-0.6736196327902988
3,2,250.0,10,-0.42752116240576044
3,2,250.0,12,0.12917271892107962
3,2,250.0,13,0.5503919229699257
3,2,250.0,14,0.5248618581774345
3,2,250.0,37,-0.9209802578148611
3,3,10.0,0,-0.8720906205923313
3,3,10.0,1,-0.8078099342014262
3,3,10.0,2,0.5260945106822064
3,3,10.0,4,-1.1631369982622424
3,3,10.0,16,-0.37925618780966275
3,3,10.0,34,-0.7332926126468635
3,3,10.0,35,0.7471541652559033
3,3,10.0,36,1.1768799577917015
3,3,25.0,0,-0.4673239019216453
3,3,25.0,1,-0.7837863481106275
3,3,25.0,2,0.5452583110859948
3,3,25.0,4,-1.0108149984146557
3,3,25.0,16,-0.1837735075102387
3,3,25.0,34,-0.8446006099174461
3,3,25.0,35,0.5761585299620577
3,3,25.0,36,1.10219114122577
3,3,60.0,0,0.020821881143117338
3,3,60.0,1,-0.6074345367055223
3,3,60.0,2,0.6947981745281311
3,3,60.0,4,-0.5329385639880329
3,3,60.0,16,0.11766755540099894
3,3,60.0,34,-0.9761937231667481
3,3,60.0,35,0.3975536754112454
3,3,60.0,36,0.9731865846833117
3,3,120.0,0,0.22233837763086584
3,3,120.0,1,-0.46981712690291744
3,3,120.0,2,0.8141421699953852
3,3,120.0,4,-0.25149193665918546
3,3,120.0,16,0.25817899027905256
3,3,120.0,34,-1.0209668855817888
3,3,120.0,35,0.3381447026363986
3,3,120.0,36,0.9253350955855701
3,3,250.0,0,0.2901931504400359
3,3,250.0,1,-0.41346837787382285
3,3,250.0,2,0.8633592747731669
3,3,250.0,4,-0.14513671516067106
3,3,250.0,16,0.30811396012592596
3,3,250.0,34,-1.0346385304007448
3,3,250.0,35,0.3199884054039188
3,3,250.0,36,0.9103712147192837
3,4,10.0,5,-2.315501173298408
3,4,10.0,11,0.05442106846685846
3,4,10.0,26,-0.5950019127640864
3,4,10.0,27,-1.1339456980738483
3,4,10.0,29,0.24719408484289218
3,4,10.0,30,-0.13905363970218687
3,4,10.0,31,-0.15029528567215067
3,4,25.0,5,-2.0817764228802673
3,4,25.0,11,0.09066151800648825
3,4,25.0,26,-0.5832045251724303
3,4,25.0,27,-1.1279161916968654
3,4,25.0,29,0.34491579477836254
3,4,25.0,30,-0.04137101532801424
3,4,25.0,31,-0.05468148947059248
3,4,60.0,5,-1.725407627699731
3,4,60.0,11,0.14588332544575877
3,4,60.0,26,-0.48457563079737653
3,4,60.0,27,-1.030309516334114
3,4,60.0,29,0.5672570702895285
3,4,60.0,30,0.28051778756160317
3,4,60.0,31,0.16982019405954674
3,4,120.0,5,-1.5638747439437957
3,4,120.0,11,0.17614121907184455
3,4,120.0,26,-0.37375147382517326
3,4,120.0,27,-0.9077566066688298
3,4,120.0,29,0.6892895938064925
3,4,120.0,30,0.5033766546476421
3,4,120.0,31,0.29343823473527664
3,4,250.0,5,-1.5075979627491947
3,4,250.0,11,0.18816686580368014
3,4,250.0,26,-0.318772278779047
3,4,250.0,27,-0.8454581712454861
3,4,250.0,29,0.7354700827815392
3,4,250.0,30,0.5980525816836639
3,4,250.0,31,0.3402174888495999
5,0,10.0,20,0.677650853989821
5,0,10.0,21,0.9754970737558537
5,0,10.0,22,-0.15099461118149904
5,0,10.0,23,-1.0840081072210843
5,0,10.0,25,1.2421793368163137
5,0,10.0,28,-0.8795640588616784
5,0,10.0,32,-0.2888345472056386
5,0,10.0,38,0.13788497388539156
5,0,25.0,20,0.7262309720505726
5,0,25.0,21,1.0024204132154892
5,0,25.0,22,-0.13116020305869114
5,0,25.0,23,-0.9108633999429614
5,0,25.0,25,1.277212311505778
5,0,25.0,28,-0.9223675285507582
5,0,25.0,32,-0.33603542105175066
5,0,25.0,38,0.0773240561375097
5,0,60.0,20,0.9325398133426468
5,0,60.0,21,1.1703637773298574
5,0,60.0,22,0.03228063247125945
5,0,60.0,23,-0.6090428849161995
5,0,60.0,25,1.487327606295949
5,0,60.0,28,-0.9387853286815755
5,0,60.0,32,-0.35812994652600594
5,0,60.0,38,0.03673729669759851
5,0,120.0,20,1.1274050821150716
5,0,120.0,21,1.358845347014249
5,0,120.0,22,0.23101246893104843
5,0,120.0,23,-0.4602744422183811
5,0,120.0,25,1.7046024321816304
5,0,120.0,28,-0.933188840251848
5,0,120.0,32,-0.3546172926095039
5,0,120.0,38,0.04177929050114315
5,0,250.0,20,1.227078294556911
5,0,250.0,21,1.4625831433204972
5,0,250.0,22,0.34255108482739516
5,0,250.0,23,-0.404608860912397
5,0,250.0,25,1.8188927320496013
5,0,250.0,28,-0.9300756850118539
5,0,250.0,32,-0.35217154824744057
5,0,250.0,38,0.047881515795843654
5,1,10.0,8,-1.0376854788520298
5,1,10.0,9,-1.3868452862844585
5,1,10.0,17,0.15504833405009677
5,1,10.0,18,0.5920716376303758
5,1,10.0,19,0.9621166063489177
5,1,10.0,24,-0.4874994055378359
5,1,10.0,33,0.7985306694704661
5,1,25.0,8,-0.897171637280259
5,1,25.0,9,-1.2041162477065939
5,1,25.0,17,0.14440369876023595
5,1,25.0,18,0.5858117466688029
5,1,25.0,19,0.9426683156913533
5,1,25.0,24,-0.29264817834075174
5,1,25.0,33,0.4256941785770607
5,1,60.0,8,-0.6043280945399516
5,1,60.0,9,-0.8920492405933231
5,1,60.0,17,0.12218697696498992
5,1,60.0,18,0.5632683695411167
5,1,60.0,19,0.87837851151858
5,1,60.0,24,-0.0578773395005463
5,1,60.0,33,0.01952147414149863
5,1,120.0,8,-0.45848793197491844
5,1,120.0,9,-0.7488128786310781
5,1,120.0,17,0.09633876180514633
5,1,120.0,18,0.5341319093949082
5,1,120.0,19,0.8201360523693424
5,1,120.0,24,0.05040570061468941
5,1,120.0,33,-0.14061737671269015
5,1,250.0,8,-0.40582829701461876
5,1,250.0,9,-0.6980830871903443
5,1,250.0,17,0.08401813848835715
5,1,250.0,18,0.520239349029616
5,1,250.0,19,0.7944856544197378
5,1,250.0,24,0.08839023362272513
5,1,250.0,33,-0.19530094952272492
5,2,10.0,3,0.006261328113918552
5,2,10.0,6,1.168910572151205
5,2,10.0,7,-0.7193311675613394
5,2,10.0,10,-0.5534967354652487
5,2,10.0,12,-0.9470052781501295
5,2,10.0,13,-0.9631429981302944
5,2,10.0,14,0.4871698807298799
5,2,10.0,37,-0.7999980394481234
5,2,25.0,3,0.0053797591406272716
5,2,25.0,6,1.1868664325082037
5,2,25.0,7,-0.7131548735888202
5,2,25.0,10,-0.35373242813398775
5,2,25.0,12,-0.7721352924117681
5,2,25.0,13,-0.9207095315281357
5,2,25.0,14,0.5055393982300629
5,2,25.0,37,-0.7950562672084054
5,2,60.0,3,0.04851724242760369
5,2,60.0,6,1.291804557090689
5,2,60.0,7,-0.6291153346561558
5,2,60.0,10,0.037252445653262356
5,2,60.0,12,-0.2863973001086677
5,2,60.0,13,-0.6532226676088548
5,2,60.0,14,0.7098977521040801
5,2,60.0,37,-0.7248156735847893
5,2,120.0,3,0.1467007642987852
5,2,120.0,6,1.3810276244468014
5,2,120.0,7,-0.5476712215670929
5,2,120.0,10,0.28836090145337323
5,2,120.0,12,-0.0005350724585220235
5,2,120.0,13,-0.395205169971252
5,2,120.0,14,0.9550889875874482
5,2,120.0,37,-0.6512039141134274
5,2,250.0,3,0.2098339033682315
5,2,250.0,6,1.4210624759486485
5,2,250.0,7,-0.5100374539693533
5,2,250.0,10,0.4011087460005207
5,2,250.0,12,0.11499280608186879
5,2,250.0,13,-0.2668537274650049
5,2,250.0,14,1.0860875940614427
5,2,250.0,37,-0.6161730507643917
5,3,10.0,0,0.29988710173016386
5,3,10.0,1,-0.6429132790775505
5,3,10.0,2,-1.1927365791463096
5,3,10.0,4,-0.5451736760572388
5,3,10.0,16,0.4253190522317425
5,3,10.0,34,0.5348980636759393
5,3,10.0,35,1.8514670226585075
5,3,10.0,36,0.161022544199259
5,3,25.0,0,0.29958669616141975
5,3,25.0,1,-0.5623083239001474
5,3,25.0,2,-1.0043193585909087
5,3,25.0,4,-0.6226792060488293
5,3,25.0,16,0.3070949496982429
5,3,25.0,34,0.42496270218845567
5,3,25.0,35,1.697829072833592
5,3,25.0,36,0.08375768551283258
5,3,60.0,0,0.311335370382384
5,3,60.0,1,-0.3360222286064314
5,3,60.0,2,-0.5928181010550979
5,3,60.0,4,-0.868038850935271
5,3,60.0,16,0.1141566411008057
5,3,60.0,34,0.2514717388218983
5,3,60.0,35,1.4813215570646463
5,3,60.0,36,-0.12299850404689039
5,3,120.0,0,0.33139606844847336
5,3,120.0,1,-0.21567193647235783
5,3,120.0,2,-0.38805760963288805
5,3,120.0,4,-1.0138070004363087
5,3,120.0,16,0.024187588876699806
5,3,120.0,34,0.16794615668625568
5,3,120.0,35,1.3805934620924987
5,3,120.0,36,-0.23168231382816984
5,3,250.0,0,0.3412440341161407
5,3,250.0,1,-0.17172569174914187
5,3,250.0,2,-0.31454851806062223
5,3,250.0,4,-1.0692348760907393
5,3,250.0,16,-0.007852653586905234
5,3,250.0,34,0.13747830516996373
5,3,250.0,35,1.3444657349814335
5,3,250.0,36,-0.27139055033952175
5,4,10.0,11,-1.2640661125486545
5,4,10.0,26,-1.817281335458727
5,4,10.0,27,-1.565230995416183
5,4,10.0,29,0.8631797658297664
5,4,10.0,30,-0.975986170724223
5,4,10.0,31,0.8774437639063173
5,4,25.0,11,-1.0365936686036328
5,4,25.0,26,-1.739059979379359
5,4,25.0,27,-1.5365816670338432
5,4,25.0,29,0.8430744418665483
5,4,25.0,30,-0.9247651636009024
5,4,25.0,31,0.8578512047098954
5,4,60.0,11,-0.6769256224277811
5,4,60.0,26,-1.470039026847438
5,4,60.0,27,-1.3174690154815138
5,4,60.0,29,0.7630182870570259
5,4,60.0,30,-0.7334900275728486
5,4,60.0,31,0.7776834389119323
5,4,120.0,11,-0.534891077489732
5,4,120.0,26,-1.275844591961608
5,4,120.0,27,-1.1159645833374938
5,4,120.0,29,0.727069870498525
5,4,120.0,30,-0.5701584808682796
5,4,120.0,31,0.7414309497300735
5,4,250.0,11,-0.48808862821887544
5,4,250.0,26,-1.191497253056312
5,4,250.0,27,-1.0230703616404462
5,4,250.0,29,0.7171306806042743
5,4,250.0,30,-0.494051198184426
5,4,250.0,31,0.7313697171467481
6,0,10.0,20,1.1692218618792118
6,0,10.0,21,0.710817874714234
6,0,10.0,22,1.363155657001208
6,0,10.0,23,-1.3114561801297562
6,0,10.0,25,1.3709793410988276
6,0,10.0,28,-1.9673160469029582
6,0,10.0,32,-1.57694770013957
6,0,10.0,38,-0.8022860698129897
6,0,25.0,20,1.1636138166519707
6,0,25.0,21,0.7016630335536078
6,0,25.0,22,1.3578856683849096
6,0,25.0,23,-1.3083825445815904
6,0,25.0,25,1.3678770140476146
6,0,25.0,28,-1.798989099569411
6,0,25.0,32,-1.4079485586984823
6,0,25.0,38,-0.9827146491806467
6,0,60.0,20,1.1617514403328393
6,0,60.0,21,0.6634195357013617
6,0,60.0,22,1.328051838516295
6,0,60.0,23,-1.207443356227543
6,0,60.0,25,1.3663279200962393
6,0,60.0,28,-1.3450860205767832
6,0,60.0,32,-0.956859813986707
6,0,60.0,38,-1.194065336984071
6,0,120.0,20,1.1734692352312024
6,0,120.0,21,0.6410961071544321
6,0,120.0,22,1.3085074855502974
6,0,120.0,23,-1.1177409362631217
6,0,120.0,25,1.3743728770776933
6,0,120.0,28,-1.068095087933262
6,0,120.0,32,-0.6818561070181701
6,0,120.0,38,-1.2784561259243432
6,0,250.0,20,1.1812044453823844
6,0,250.0,21,0.6339832423860621
6,0,250.0,22,1.3021547391519732
6,0,250.0,23,-1.0783106091910142
6,0,250.0,25,1.3801297650514748
6,0,250.0,28,-0.9599636813664318
6,0,250.0,32,-0.5745051705810269
6,0,250.0,38,-1.3064739703219672
6,1,10.0,8,0.20619352721746154
6,1,10.0,9,0.030980865448245964
6,1,10.0,15,-1.4315114643143865
6,1,10.0,17,-1.001922661832765
6,1,10.0,18,-1.0637905229317113
6,1,10.0,19,-0.3896289243615989
6,1,10.0,24,0.13859871804379154
6,1,10.0,33,-1.0215768954461772
6,1,25.0,8,0.20921344808423115
6,1,25.0,9,0.038424412789172635
6,1,25.0,15,-1.3451827461147587
6,1,25.0,17,-1.0021560996466725
6,1,25.0,18,-1.0646208429920954
6,1,25.0,19,-0.38798249187870226
6,1,25.0,24,0.2650611687317763
6,1,25.0,33,-0.9467673943467645
6,1,60.0,8,0.2539156999745025
6,1,60.0,9,0.08834090209059298
6,1,60.0,15,-1.0823505737067975
6,1,60.0,17,-0.9223483344234076
6,1,60.0,18,-0.9906852008919529
6,1,60.0,19,-0.2899461611132672
6,1,60.0,24,0.461746035916228
6,1,60.0,33,-0.729431278936552
6,1,120.0,8,0.30560059351111946
6,1,120.0,9,0.13975377577160586
6,1,120.0,15,-0.8915445245241251
6,1,120.0,17,-0.8154097309184856
6,1,120.0,18,-0.8883101819037762
6,1,120.0,19,-0.16028120834025827
6,1,120.0,24,0.5884802976411443
6,1,120.0,33,-0.5787501299382427
6,1,250.0,8,0.33126681882404796
6,1,250.0,9,0.16476672304015594
6,1,250.0,15,-0.810593828235671
6,1,250.0,17,-0.75976012463045
6,1,250.0,18,-0.8345915184969286
6,1,250.0,19,-0.09286356165637955
6,1,250.0,24,0.6407070513040516
6,1,250.0,33,-0.5144537188270277
6,2,10.0,3,-0.6665463865037573
6,2,10.0,6,0.2129636789157594
6,2,10.0,7,0.5741441216032577
6,2,10.0,10,-1.1491408027746424
6,2,10.0,13,-0.8499513682640476
6,2,10.0,14,-0.34152945581534055
6,2,10.0,37,-0.23842787771715734
6,2,25.0,3,-0.6367105777621802
6,2,25.0,6,0.2175425068132526
6,2,25.0,7,0.5666268274403343
6,2,25.0,10,-1.144664493622443
6,2,25.0,13,-0.7708395906885599
6,2,25.0,14,-0.16049461848601965
6,2,25.0,37,-0.2414770424516277
6,2,60.0,3,-0.38097110353884034
6,2,60.0,6,0.19160361264506776
6,2,60.0,7,0.5178865322091575
6,2,60.0,10,-1.0151196818451744
6,2,60.0,13,-0.46785843271158356
6,2,60.0,14,0.17379782127621368
6,2,60.0,37,-0.28638750070911456
6,2,120.0,3,-0.09027057626785151
6,2,120.0,6,0.15825516954665275
6,2,120.0,7,0.4758678704198047
6,2,120.0,10,-0.8336662630551572
6,2,120.0,13,-0.18761842948251228
6,2,120.0,14,0.43832975378667527
6,2,120.0,37,-0.3314213532092829
6,2,250.0,3,0.062559778595638
6,2,250.0,6,0.14326614277905847
6,2,250.0,7,0.4581283721222533
6,2,250.0,10,-0.7337431091061646
6,2,250.0,13,-0.05047191640569437
6,2,250.0,14,0.5648654723386635
6,2,250.0,37,-0.35120341774054964
6,3,10.0,0,1.2243003733384477
6,3,10.0,2,-0.1718079902965144
6,3,10.0,4,0.028437574306874325
6,3,10.0,16,0.18623505348863745
6,3,10.0,34,0.3758752055563903
6,3,10.0,35,-0.3239669288004947
6,3,10.0,36,0.1104528968418883
6,3,25.0,0,1.331299200547825
6,3,25.0,2,-0.1642469305028449
6,3,25.0,4,0.11260332636472725
6,3,25.0,16,0.3304139072016383
6,3,25.0,34,0.5124736240095018
6,3,25.0,35,-0.17863680048327168
6,3,25.0,36,0.20116824913355913
6,3,60.0,0,1.4158061862555051
6,3,60.0,2,-0.09954116813129943
6,3,60.0,4,0.44781608291047803
6,3,60.0,16,0.7028053488868089
6,3,60.0,34,0.964768496670537
6,3,60.0,35,0.2186411810729254
6,3,60.0,36,0.6405797560924036
6,3,120.0,0,1.4399617609502187
6,3,120.0,2,-0.03144542047859744
6,3,120.0,4,0.7080243045721915
6,3,120.0,16,0.9467556533094026
6,3,120.0,34,1.2934556144025748
6,3,120.0,35,0.514271494426854
6,3,120.0,36,1.0063523680765094
6,3,250.0,0,1.4471725634853847
6,3,250.0,2,0.001173236371727171
6,3,250.0,4,0.8214847342265372
6,3,250.0,16,1.0468039097699133
6,3,250.0,34,1.4320598357740657
6,3,250.0,35,0.6407931209583921
6,3,250.0,36,1.166924196749381
6,4,10.0,5,0.07682612412584433
6,4,10.0,11,0.1753557359404887
6,4,10.0,26,-1.8726900256697903
6,4,10.0,27,-2.148991214486049
6,4,10.0,29,-1.538607117599863
6,4,10.0,30,-1.5594790406274122
6,4,25.0,5,0.10655006983832038
6,4,25.0,11,0.24368799919457018
6,4,25.0,26,-1.8520587059693163
6,4,25.0,27,-2.1368704882839182
6,4,25.0,29,-1.399392191299988
6,4,25.0,30,-1.4861788253202093
6,4,60.0,5,0.1256474261935132
6,4,60.0,11,0.4198890634308974
6,4,60.0,26,-1.639237249989396
6,4,60.0,27,-1.9527905979369464
6,4,60.0,29,-1.0634072893336004
6,4,60.0,30,-1.1508094521876728
6,4,120.0,5,0.13503133585280835
6,4,120.0,11,0.5435425285368218
6,4,120.0,26,-1.3666253763527045
6,4,120.0,27,-1.6868433476593445
6,4,120.0,29,-0.8462066768574203
6,4,120.0,30,-0.8219558798669588
6,4,250.0,5,0.1400337191063521
6,4,250.0,11,0.6001094101276898
6,4,250.0,26,-1.2145707728137047
6,4,250.0,27,-1.5336699288418707
6,4,250.0,29,-0.7533824214443605
6,4,250.0,30,-0.6521820834086647
11,0,10.0,20,2.6670428797240007
11,0,10.0,21,0.36203286030024273
11,0,10.0,22,1.1777838450082605
11,0,10.0,23,-1.0072682155246682
11,0,10.0,25,-0.3437400540949298
11,0,10.0,28,0.11363781507213133
11,0,10.0,38,-0.7396423644213748
11,0,25.0,20,2.772012579876179
11,0,25.0,21,0.37825591868843844
11,0,25.0,22,1.1995022373887032
11,0,25.0,23,-0.6033413073169243
11,0,25.0,25,-0.27776812214461444
11,0,25.0,28,-0.12364880234769515
11,0,25.0,38,-0.8661617602016989
11,0,60.0,20,3.0506766026843195
11,0,60.0,21,0.5147870471679568
11,0,60.0,22,1.3566072427921156
11,0,60.0,23,-0.19385283917214835
11,0,60.0,25,-0.006144537661302962
11,0,60.0,28,-0.5219502806642922
11,0,60.0,38,-0.9563970214082396
11,0,120.0,20,3.2450917963268857
11,0,120.0,21,0.663784893309618
11,0,120.0,22,1.5257908303940155
11,0,120.0,23,-0.04930508031759118
11,0,120.0,25,0.20776005441825873
11,0,120.0,28,-0.6840345832364925
11,0,120.0,38,-0.9794361884845841
11,0,250.0,20,3.333418152455444
11,0,250.0,21,0.741908854492241
11,0,250.0,22,1.6144018346898115
11,0,250.0,23,-0.001748301764447291
11,0,250.0,25,0.30822415841531026
11,0,250.0,28,-0.737444179614787
11,0,250.0,38,-0.9855073880174956
11,1,10.0,8,-0.4336361518448122
11,1,10.0,9,0.40561511538377815
11,1,10.0,15,-0.08886521203555375
11,1,10.0,18,-0.6966296285161775
11,1,10.0,19,-0.35592726636132355
11,1,10.0,24,-1.322816958656471
11,1,10.0,33,1.1252176440368906
11,1,25.0,8,-0.24686834455150475
11,1,25.0,9,0.6292006026826833
11,1,25.0,15,0.2359514642753453
11,1,25.0,18,-0.5990411437040422
11,1,25.0,19,-0.2754734289497023
11,1,25.0,24,-1.129450718821058
11,1,25.0,33,0.7204197644449266
11,1,60.0,8,0.07654157705106712
11,1,60.0,9,0.9546567546269387
11,1,60.0,15,0.5746601390423187
11,1,60.0,18,-0.39371713666422536
11,1,60.0,19,-0.15182738183778
11,1,60.0,24,-0.9905004363568963
11,1,60.0,33,0.33555050330816627
11,1,120.0,8,0.21485207185385136
11,1,120.0,9,1.0859840793720537
11,1,120.0,15,0.7141590332622059
11,1,120.0,18,-0.26507266379677574
11,1,120.0,19,-0.07709587910649773
11,1,120.0,24,-0.9374665693878619
11,1,120.0,33,0.19575102630390973
11,1,250.0,8,0.26144539924464993
11,1,250.0,9,1.1297105162558303
11,1,250.0,15,0.7617320020372809
11,1,250.0,18,-0.2112802853295257
11,1,250.0,19,-0.04381588604852027
11,1,250.0,24,-0.9199012170951981
11,1,250.0,33,0.15083419059719105
11,2,10.0,3,-0.7836757182773582
11,2,10.0,6,-0.32108902677617124
11,2,10.0,7,0.32986198000434896
11,2,10.0,10,-1.7750992565371533
11,2,10.0,12,-1.906119754298711
11,2,10.0,13,-1.0193154113560077
11,2,10.0,14,-1.595811454800426
11,2,10.0,37,0.2879247280508963
11,2,25.0,3,-0.7585115800211426
11,2,25.0,6,-0.2764683344334813
11,2,25.0,7,0.34606424236719135
11,2,25.0,10,-1.5636681076988381
11,2,25.0,12,-1.6709476713467204
11,2,25.0,13,-0.9005327691929281
11,2,25.0,14,-1.4860981453278654
11,2,25.0,37,0.31363353656859516
11,2,60.0,3,-0.6536111286554771
11,2,60.0,6,-0.16331072921132517
11,2,60.0,7,0.42705558265056354
11,2,60.0,10,-1.1705514370998777
11,2,60.0,12,-1.215297786813025
11,2,60.0,13,-0.6021045414196564
11,2,60.0,14,-1.295758930744313
11,2,60.0,37,0.40564471253429346
11,2,120.0,3,-0.5749943754382087
11,2,120.0,6,-0.09797398761810072
11,2,120.0,7,0.4822698170114741
11,2,120.0,10,-0.9490734803245324
11,2,120.0,12,-1.0029836407240822
11,2,120.0,13,-0.41120147979928845
11,2,120.0,14,-1.171662493604245
11,2,120.0,37,0.46469949392751175
11,2,250.0,3,-0.5416768964853347
11,2,250.0,6,-0.0728132887067936
11,2,250.0,7,0.5043504265716798
11,2,250.0,10,-0.8619564274624025
11,2,250.0,12,-0.9274363239463241
11,2,250.0,13,-0.3344475924455672
11,2,250.0,14,-1.1208836773790765
11,2,250.0,37,0.4881243440183738
11,3,10.0,0,0.6077762079809794
11,3,10.0,1,-0.678106952440757
11,3,10.0,2,-1.0152202999696236
11,3,10.0,16,-0.5687483976888608
11,3,10.0,34,1.6071606272084331
11,3,10.0,35,1.3593669425963562
11,3,10.0,36,2.8522883425329724
11,3,25.0,0,0.7230311086776027
11,3,25.0,1,-0.6475816841161262
11,3,25.0,2,-0.9275975362940052
11,3,25.0,16,-0.4502492862494023
11,3,25.0,34,1.3493044909232985
11,3,25.0,35,1.0242245528265919
11,3,25.0,36,2.634310024070359
11,3,60.0,0,0.7581853717202378
11,3,60.0,1,-0.5657009466057268
11,3,60.0,2,-0.7380800113595001
11,3,60.0,16,-0.28236336113763727
11,3,60.0,34,0.8977203839507588
11,3,60.0,35,0.5973305698253739
11,3,60.0,36,2.1064974033836315
11,3,120.0,0,0.7638619654271253
11,3,120.0,1,-0.5205386155755711
11,3,120.0,2,-0.6392803842272592
11,3,120.0,16,-0.21015168306762178
11,3,120.0,34,0.6571916982993322
11,3,120.0,35,0.3757832659531033
11,3,120.0,36,1.7871215874364523
11,3,250.0,0,0.7652636285330594
11,3,250.0,1,-0.5039018640601896
11,3,250.0,2,-0.6033122872490253
11,3,250.0,16,-0.18567514196842083
11,3,250.0,34,0.5673498126870022
11,3,250.0,35,0.2927935234882497
11,3,250.0,36,1.6637809455230688
11,4,10.0,5,0.4073930897535689
11,4,10.0,11,-1.2736488735117426
11,4,10.0,26,-1.1532903867135929
11,4,10.0,27,-0.7658480011663187
11,4,10.0,29,0.482208014563831
11,4,10.0,30,1.8812734397236675
11,4,10.0,31,0.38000888908174346
11,4,25.0,5,0.5468074786954382
11,4,25.0,11,-0.9663134332737471
11,4,25.0,26,-0.9333502126867508
11,4,25.0,27,-0.6874429927713486
11,4,25.0,29,0.39914597647804584
11,4,25.0,30,1.894360678385258
11,4,25.0,31,0.3050308434867972
11,4,60.0,5,0.7636464737749513
11,4,60.0,11,-0.5484573459055753
11,4,60.0,26,-0.49047236051030296
11,4,60.0,27,-0.3521110321799661
11,4,60.0,29,0.3235371101458995
11,4,60.0,30,2.0065941346913725
11,4,60.0,31,0.2354802695989484
11,4,120.0,5,0.8569590124469642
11,4,120.0,11,-0.4045274179943803
11,4,120.0,26,-0.24527553889469544
11,4,120.0,27,-0.10259088463348576
11,4,120.0,29,0.3025851299925506
11,4,120.0,30,2.1314728786340105
11,4,120.0,31,0.21616063998964563
11,4,250.0,5,0.8883802290213083
11,4,250.0,11,-0.35989347560452956
11,4,250.0,26,-0.14886066315792945
11,4,250.0,27,0.00341081527725251
11,4,250.0,29,0.29687193026865444
11,4,250.0,30,2.191838183930667
11,4,250.0,31,0.21093229913612532
14,0,10.0,20,0.027127418162464778
14,0,10.0,21,-0.4383526667714257
14,0,10.0,22,-0.9702274263956525
14,0,10.0,23,0.23092885742260805
14,0,10.0,25,1.7287825259834513
14,0,10.0,28,0.07361390838161697
14,0,10.0,38,-0.7580126049704887
14,0,25.0,20,-0.06021884193176419
14,0,25.0,21,-0.4461905305908047
14,0,25.0,22,-0.9866164733462988
14,0,25.0,23,-0.06603560188218438
14,0,25.0,25,1.688199252483809
14,0,25.0,28,-0.06401652205978081
14,0,25.0,38,-0.625529542771357
14,0,60.0,20,-0.314169629275181
14,0,60.0,21,-0.5273121523672337
14,0,60.0,22,-1.0961220075652207
14,0,60.0,23,-0.4143436996514893
14,0,60.0,25,1.5357104998097704
14,0,60.0,28,-0.40695806756308883
14,0,60.0,38,-0.4600036540745229
14,0,120.0,20,-0.47506531441757716
14,0,120.0,21,-0.6149678368409646
14,0,120.0,22,-1.201916539445314
14,0,120.0,23,-0.5635625289325965
14,0,120.0,25,1.4312220078278344
14,0,120.0,28,-0.5852440268712797
14,0,120.0,38,-0.39877032230223364
14,0,250.0,20,-0.5437264685202763
14,0,250.0,21,-0.661068746942405
14,0,250.0,22,-1.2558813559758235
14,0,250.0,23,-0.6166143401543245
14,0,250.0,25,1.3853470511964296
14,0,250.0,28,-0.6493585612551556
14,0,250.0,38,-0.37970512506129594
14,1,10.0,8,-1.2823898985137312
14,1,10.0,9,-0.9140321223131984
14,1,10.0,15,-0.5913449160269266
14,1,10.0,18,0.7511568543053073
14,1,10.0,19,0.8151390873507793
14,1,10.0,24,2.0179126132150067
14,1,10.0,33,1.107366923657942
14,1,25.0,8,-1.2803247584594288
14,1,25.0,9,-0.9166221158935102
14,1,25.0,15,-0.6674716281325743
14,1,25.0,18,0.7847520700296684
14,1,25.0,19,0.8530335566301339
14,1,25.0,24,1.9316771344678756
14,1,25.0,33,1.1406222731481606
14,1,60.0,8,-1.2008757601167268
14,1,60.0,9,-0.8436687833951133
14,1,60.0,15,-0.7755304141985206
14,1,60.0,18,0.8313830267814595
14,1,60.0,19,0.9040053933119481
14,1,60.0,24,1.7342624042241646
14,1,60.0,33,1.1310879206927353
14,1,120.0,8,-1.1468326411166174
14,1,120.0,9,-0.7931253333323234
14,1,120.0,15,-0.8304165387423481
14,1,120.0,18,0.8492970655155148
14,1,120.0,19,0.9232968627568106
14,1,120.0,24,1.6360418263025132
14,1,120.0,33,1.117396688584737
14,1,250.0,8,-1.126385717330713
14,1,250.0,9,-0.7740317360865241
14,1,250.0,15,-0.8504791794482998
14,1,250.0,18,0.8544742709402868
14,1,250.0,19,0.9288781592964597
14,1,250.0,24,1.601941257507388
14,1,250.0,33,1.1116942724849501
14,2,10.0,6,-0.7975088646079023
14,2,10.0,7,-0.9697070863802821
14,2,10.0,10,-0.40242125976046594
14,2,10.0,12,0.6265708997327586
14,2,10.0,13,0.3410967416809214
14,2,10.0,14,0.49272576941767454
14,2,10.0,37,-0.6445750184326826
14,2,25.0,6,-0.7321295736042686
14,2,25.0,7,-0.931671482329719
14,2,25.0,10,-0.42943940373505285
14,2,25.0,12,0.5374668466156649
14,2,25.0,13,0.36567413598584153
14,2,25.0,14,0.5678676802575566
14,2,25.0,37,-0.6025762621598147
14,2,60.0,6,-0.4877506850459632
14,2,60.0,7,-0.7359999259463237
14,2,60.0,10,-0.46292662112018235
14,2,60.0,12,0.2865989310711221
14,2,60.0,13,0.3389470603722131
14,2,60.0,14,0.5880764270333287
14,2,60.0,37,-0.3912007769730188
14,2,120.0,6,-0.31500050025987747
14,2,120.0,7,-0.57928898353412
14,2,120.0,10,-0.49147805059237726
14,2,120.0,12,0.14790986641419934
14,2,120.0,13,0.2921800465437343
14,2,120.0,14,0.5662022780983307
14,2,120.0,37,-0.22335493663264216
14,2,250.0,6,-0.24131872427019374
14,2,250.0,7,-0.5099332273049555
14,2,250.0,10,-0.5059398876412402
14,2,250.0,12,0.09656320043013267
14,2,250.0,13,0.2692898049863004
14,2,250.0,14,0.5529911832830479
14,2,250.0,37,-0.14932181293063707
14,3,10.0,0,0.17019503120713964
14,3,10.0,1,-0.5888759771235961
14,3,10.0,2,0.05795463649264576
14,3,10.0,16,-0.33789110269162137
14,3,10.0,34,-0.03832132047768866
14,3,10.0,35,-0.38084639195552583
14,3,10.0,36,0.482258374031737
14,3,25.0,0,0.42888259908656323
14,3,25.0,1,-0.5243357635743244
14,3,25.0,2,0.13144225905591256
14,3,25.0,16,-0.45438814091473034
14,3,25.0,34,-0.17796578986077094
14,3,25.0,35,-0.5590801016745672
14,3,25.0,36,0.37705908749894945
14,3,60.0,0,0.743189435693715
14,3,60.0,1,-0.2673983408391578
14,3,60.0,2,0.349558403504183
14,3,60.0,16,-0.6505951443530904
14,3,60.0,34,-0.5006155254203364
14,3,60.0,35,-0.8755949193798926
14,3,60.0,36,0.06880667522731088
14,3,120.0,0,0.874189034936105
14,3,120.0,1,-0.10892629898345518
14,3,120.0,2,0.47965623399656465
14,3,120.0,16,-0.7586561204589728
14,3,120.0,34,-0.6828264401542725
14,3,120.0,35,-1.047095729594993
14,3,120.0,36,-0.11205153729130046
14,3,250.0,0,0.918494016277954
14,3,250.0,1,-0.04937557398944392
14,3,250.0,2,0.5283813800078292
14,3,250.0,16,-0.8006550243956028
14,3,250.0,34,-0.7511547222667261
14,3,250.0,35,-1.1111406929020546
14,3,250.0,36,-0.1805727960850767
14,4,10.0,5,-1.9241787772126955
14,4,10.0,11,0.5695123491921841
14,4,10.0,26,1.356705733538142
14,4,10.0,27,1.7643780014317514
14,4,10.0,29,0.6329732484265236
14,4,10.0,30,1.7368915115813621
14,4,10.0,31,0.6632372856557325
14,4,25.0,5,-1.7850274923909204
14,4,25.0,11,0.6530857616645562
14,4,25.0,26,1.3037060664088358
14,4,25.0,27,1.7391660326407319
14,4,25.0,29,0.6159197786101345
14,4,25.0,30,1.7277912520848808
14,4,25.0,31,0.6486967733660549
14,4,60.0,5,-1.5131260968452622
14,4,60.0,11,0.7407024096001535
14,4,60.0,26,1.09636167109106
14,4,60.0,27,1.5596961295219955
14,4,60.0,29,0.5594906342711354
14,4,60.0,30,1.6321184128391089
14,4,60.0,31,0.5946062442593529
14,4,120.0,5,-1.3752078555923326
14,4,120.0,11,0.7664964849426212
14,4,120.0,26,0.9396544662886015
14,4,120.0,27,1.4057417130860337
14,4,120.0,29,0.5171001382991847
14,4,120.0,30,1.5234737827493063
14,4,120.0,31,0.5527001408980041
14,4,250.0,5,-1.3257512358106922
14,4,250.0,11,0.7736684264522502
14,4,250.0,26,0.871334255469641
14,4,250.0,27,1.3370120829689185
14,4,250.0,29,0.49874185225929324
14,4,250.0,30,1.470099788000418
14,4,250.0,31,0.5344533358571866
15,0,10.0,20,1.4988640315979005
15,0,10.0,21,0.8968885734028689
15,0,10.0,22,0.8799386330998615
15,0,10.0,23,1.4454933753037693
15,0,10.0,28,0.2543696816111023
15,0,10.0,32,0.5455146244336646
15,0,10.0,38,-1.3089129521420908
15,0,25.0,20,1.3902462304543128
15,0,25.0,21,0.8569074487578625
15,0,25.0,22,0.8445818202729818
15,0,25.0,23,1.1140544071345282
15,0,25.0,28,0.23730121045895913
15,0,25.0,32,0.5293550541439203
15,0,25.0,38,-1.4204871817726712
15,0,60.0,20,0.9607276646702232
15,0,60.0,21,0.5635142784011293
15,0,60.0,22,0.5407976182655396
15,0,60.0,23,0.6547242593776552
15,0,60.0,28,0.13586910612762182
15,0,60.0,32,0.42940457596233017
15,0,60.0,38,-1.5523937514705928
15,0,120.0,20,0.5775956180689228
15,0,120.0,21,0.2161610926540476
15,0,120.0,22,0.166491490760162
15,0,120.0,23,0.40412081813116885
15,0,120.0,28,0.06172079677966025
15,0,120.0,32,0.3559976746062148
15,0,120.0,38,-1.6184467753152667
15,0,250.0,20,0.38131590113662384
15,0,250.0,21,0.020350016686339956
15,0,250.0,22,-0.04661654818107053
15,0,250.0,23,0.30019864896834747
15,0,250.0,28,0.03146825642768647
15,0,250.0,32,0.3260221942574546
15,0,250.0,38,-1.6463023527958143
15,1,10.0,8,0.22321672833381356
15,1,10.0,9,0.3350960545157875
15,1,10.0,15,-0.9764236227648126
15,1,10.0,17,0.38620098221134214
15,1,10.0,18,0.3539169073696655
15,1,10.0,24,2.4685591496125134
15,1,10.0,33,1.164777927960099
15,1,25.0,8,0.2699192632283598
15,1,25.0,9,0.40729458857446943
15,1,25.0,15,-0.9307644126954457
15,1,25.0,17,0.42107592621931644
15,1,25.0,18,0.3854258408006501
15,1,25.0,24,2.176448695774809
15,1,25.0,33,1.0903134093359448
15,1,60.0,8,0.33137502121456563
15,1,60.0,9,0.510608815104824
15,1,60.0,15,-0.8789850519403615
15,1,60.0,17,0.4918206998680503
15,1,60.0,18,0.45142466135321513
15,1,60.0,24,1.664200483204592
15,1,60.0,33,1.0031413810572332
15,1,120.0,8,0.3363368821568322
15,1,120.0,9,0.5353072653922659
15,1,120.0,15,-0.855637284671495
15,1,120.0,17,0.5400330004779477
15,1,120.0,18,0.4961437674317679
15,1,120.0,24,1.4049682670826087
15,1,120.0,33,0.9718050111170697
15,1,250.0,8,0.3336989919519837
15,1,250.0,9,0.5398547620268452
15,1,250.0,15,-0.8458661775743082
15,1,250.0,17,0.5615220398384224
15,1,250.0,18,0.5160438903197004
15,1,250.0,24,1.310863601114022
15,1,250.0,33,0.9623724174200348
15,2,10.0,6,0.3698998723045861
15,2,10.0,7,0.7429254408002528
15,2,10.0,10,-0.4126293259775231
15,2,10.0,12,0.7511278046428913
15,2,10.0,13,-0.10733515403290994
15,2,10.0,14,-0.3216454181251791
15,2,10.0,37,-0.6035042424283432
15,2,25.0,6,0.38687318394615744
15,2,25.0,7,0.726850309957296
15,2,25.0,10,-0.3444393451373102
15,2,25.0,12,0.702275363266093
15,2,25.0,13,-0.05619804490618918
15,2,25.0,14,-0.21300713581305786
15,2,25.0,37,-0.605088294831873
15,2,60.0,6,0.35370549051869915
15,2,60.0,7,0.60958156598155
15,2,60.0,10,-0.20169775475094553
15,2,60.0,12,0.516862322069656
15,2,60.0,13,0.04765082786819619
15,2,60.0,14,-0.08042552456733887
15,2,60.0,37,-0.6823120412935921
15,2,120.0,6,0.2765613710776975
15,2,120.0,7,0.4926985058433324
15,2,120.0,10,-0.12779427122846343
15,2,120.0,12,0.402666406486734
15,2,120.0,13,0.0964006007045839
15,2,120.0,14,-0.020572926742623565
15,2,120.0,37,-0.7826971255459192
15,2,250.0,6,0.23383056668805224
15,2,250.0,7,0.4360738087989482
15,2,250.0,10,-0.09961811728111414
15,2,250.0,12,0.3594700615325266
15,2,250.0,13,0.11474325332745394
15,2,250.0,14,0.002031907639803876
15,2,250.0,37,-0.8344010977694367
15,3,10.0,0,0.8096540293613508
15,3,10.0,1,-0.5734804423585231
15,3,10.0,2,-0.7050984319622877
15,3,10.0,4,0.046893128136787254
15,3,10.0,16,-0.3505782334199594
15,3,10.0,34,-0.3555649923877482
15,3,10.0,35,0.7352408832485935
15,3,10.0,36,0.7218955504156668
15,3,25.0,0,1.0560807909527057
15,3,25.0,1,-0.584454211030426
15,3,25.0,2,-0.7176869216890758
15,3,25.0,4,0.016926570488379866
15,3,25.0,16,-0.37832709774090034
15,3,25.0,34,-0.4652456248890644
15,3,25.0,35,0.5967273424229518
15,3,25.0,36,0.6353653478414998
15,3,60.0,0,1.3050606759861907
15,3,60.0,1,-0.6009999101978778
15,3,60.0,2,-0.7290487105922807
15,3,60.0,4,-0.0953636159104434
15,3,60.0,16,-0.4307523682198635
15,3,60.0,34,-0.7355692917147962
15,3,60.0,35,0.33047290718391054
15,3,60.0,36,0.33028698124160627
15,3,120.0,0,1.390233940075067
15,3,120.0,1,-0.6082391074973721
15,3,120.0,2,-0.7340938265856458
15,3,120.0,4,-0.18189436504002998
15,3,120.0,16,-0.4790439294694835
15,3,120.0,34,-0.9127796006358366
15,3,120.0,35,0.16345222119822722
15,3,120.0,36,0.12072932657447666
15,3,250.0,0,1.4162006981976845
15,3,250.0,1,-0.6114978127208914
15,3,250.0,2,-0.736582406547658
15,3,250.0,4,-0.22170527182207422
15,3,250.0,16,-0.5030571078963959
15,3,250.0,34,-0.9856610340746883
15,3,250.0,35,0.09510841608286569
15,3,250.0,36,0.03375589060427586
15,4,10.0,5,-0.5296322092025427
15,4,10.0,11,-0.7888256970799468
15,4,10.0,26,0.8400238414135366
15,4,10.0,27,2.122502269766727
15,4,10.0,29,-0.18072029998630512
15,4,10.0,30,0.681724378640606
15,4,10.0,31,-0.06672418461597829
15,4,25.0,5,-0.435772048739846
15,4,25.0,11,-0.8046081787789028
15,4,25.0,26,0.7783329424213505
15,4,25.0,27,2.088153381638044
15,4,25.0,29,-0.21220593303532098
15,4,25.0,30,0.6664525621508588
15,4,25.0,31,-0.0940353796928548
15,4,60.0,5,-0.33152583523925117
15,4,60.0,11,-0.891104291165977
15,4,60.0,26,0.47674520917823315
15,4,60.0,27,1.8033433790793438
15,4,60.0,29,-0.28158440615673896
15,4,60.0,30,0.5186753067699321
15,4,60.0,31,-0.15845172965430265
15,4,120.0,5,-0.3015908590766223
15,4,120.0,11,-0.9552674557310112
15,4,120.0,26,0.218283654760981
15,4,120.0,27,1.5292519520494388
15,4,120.0,29,-0.33807383757575593
15,4,120.0,30,0.33605606372384145
15,4,120.0,31,-0.21307459524327754
15,4,250.0,5,-0.29443668155147407
15,4,250.0,11,-0.9822676273246564
15,4,250.0,26,0.09839936469202115
15,4,250.0,27,1.3991152479920004
15,4,250.0,29,-0.36587871412540807
15,4,250.0,30,0.2404275114678036
15,4,250.0,31,-0.24021783573015654
26,0,10.0,20,0.3744840183992082
26,0,10.0,21,-1.0625137576041404
26,0,10.0,22,-0.6475541444683728
26,0,10.0,23,-0.33096283980489005
26,0,10.0,25,-0.07034223525282712
26,0,10.0,28,-0.16328443245983237
26,0,10.0,32,0.16974787459685103
26,0,10.0,38,0.6910672186309803
26,0,25.0,20,0.3745222877423764
26,0,25.0,21,-1.0513911473141135
26,0,25.0,22,-0.6418331476293346
26,0,25.0,23,-0.35830694550076103
26,0,25.0,25,-0.07049057392818625
26,0,25.0,28,-0.2080907361122648
26,0,25.0,32,0.12564934837354969
26,0,25.0,38,0.6441649003194918
26,0,60.0,20,0.3929411144463977
26,0,60.0,21,-0.9921654586424644
26,0,60.0,22,-0.5926212911977977
26,0,60.0,23,-0.41252951028796403
26,0,60.0,25,-0.05201376910954281
26,0,60.0,28,-0.4081596993803984
26,0,60.0,32,-0.0724037521694143
26,0,60.0,38,0.633847912218279
26,0,120.0,20,0.4220908319973198
26,0,120.0,21,-0.9330747406032955
26,0,120.0,22,-0.5342596001787463
26,0,120.0,23,-0.43872610111510113
26,0,120.0,25,-0.018923989561169918
26,0,120.0,28,-0.5441556886855459
26,0,120.0,32,-0.20718324083248874
26,0,120.0,38,0.6425308938684431
26,0,250.0,20,0.4405435346214688
26,0,250.0,21,-0.9014062292611094
26,0,250.0,22,-0.5015337893008507
26,0,250.0,23,-0.4470102563142859
26,0,250.0,25,0.002253134501593479
26,0,250.0,28,-0.5977029649629806
26,0,250.0,32,-0.26026874195492056
26,0,250.0,38,0.6473982312737512
26,1,10.0,8,-0.20365067721044738
26,1,10.0,15,1.3096480222995552
26,1,10.0,17,0.07806431785952483
26,1,10.0,18,0.003619092384216316
26,1,10.0,19,0.5003034306263778
26,1,10.0,24,0.01843734663301433
26,1,10.0,33,1.4038051699773249
26,1,25.0,8,-0.1467585316860749
26,1,25.0,15,1.0179741222108305
26,1,25.0,17,-0.008633016599446819
26,1,25.0,18,-0.07497844682693255
26,1,25.0,19,0.42229635440773095
26,1,25.0,24,0.07197642672343463
26,1,25.0,33,1.301678626150732
26,1,60.0,8,-0.005280739763197317
26,1,60.0,15,0.64097009474213
26,1,60.0,17,-0.24569779904032174
26,1,60.0,18,-0.29273727772692837
26,1,60.0,19,0.20133869389275105
26,1,60.0,24,0.13129711659240684
26,1,60.0,33,1.1273089195905222
26,1,120.0,8,0.07151356840876844
26,1,120.0,15,0.4546479762262763
26,1,120.0,17,-0.418916539528027
26,1,120.0,18,-0.4551060431006917
26,1,120.0,19,0.028355823793148716
26,1,120.0,24,0.1563625068720249
26,1,120.0,33,1.023004966264061
26,1,250.0,8,0.10020581097716175
26,1,250.0,15,0.38448577457339184
26,1,250.0,17,-0.4933778482306188
26,1,250.0,18,-0.5255787153799965
26,1,250.0,19,-0.04838014064618079
26,1,250.0,24,0.1652609055126284
26,1,250.0,33,0.9795277733224346
26,2,10.0,3,1.0614048228660522
26,2,10.0,6,-0.47129052461713883
26,2,10.0,7,-0.9044495387143989
26,2,10.0,10,0.48643584578541876
26,2,10.0,12,0.9372775045513109
26,2,10.0,13,-0.11310972588617929
26,2,10.0,14,2.1555203727806997
26,2,10.0,37,-0.9026356465665515
26,2,25.0,3,1.0347906878611717
26,2,25.0,6,-0.4713127879385013
26,2,25.0,7,-0.8838071522114177
26,2,25.0,10,0.5609352132393646
26,2,25.0,12,0.9434418547084427
26,2,25.0,13,-0.1810662100322844
26,2,25.0,14,1.949748352724658
26,2,25.0,37,-0.8914888924788684
26,2,60.0,3,0.8706842289942038
26,2,60.0,6,-0.4003643345068646
26,2,60.0,7,-0.7621017943086699
26,2,60.0,10,0.6495231568120232
26,2,60.0,12,0.9506059433661953
26,2,60.0,13,-0.3042240296192027
26,2,60.0,14,1.7279733019957781
26,2,60.0,37,-0.7915845553848335
26,2,120.0,3,0.736045754341351
26,2,120.0,6,-0.30639047364084604
26,2,120.0,7,-0.6451950648656464
26,2,120.0,10,0.6568959212072585
26,2,120.0,12,0.9401374678111161
26,2,120.0,13,-0.3819501554846845
26,2,120.0,14,1.618544447075724
26,2,120.0,37,-0.6813643562081317
26,2,250.0,3,0.6761055815229255
26,2,250.0,6,-0.2580337285176242
26,2,250.0,7,-0.5889213684694461
26,2,250.0,10,0.6509369033150456
26,2,250.0,12,0.9327796863193498
26,2,250.0,13,-0.4164633604523935
26,2,250.0,14,1.574000784968728
26,2,250.0,37,-0.6264565893832525
26,3,10.0,0,0.6668355119427254
26,3,10.0,1,-0.9119932380606812
26,3,10.0,2,0.0009761861293711149
26,3,10.0,4,0.20646173958774483
26,3,10.0,16,0.8564712791788622
26,3,10.0,34,-0.19023691450775715
26,3,10.0,35,0.5385614845034254
26,3,10.0,36,1.4653366666136947
26,3,25.0,0,0.5490344072200131
26,3,25.0,1,-0.9116223903504626
26,3,25.0,2,0.005479302026895283
26,3,25.0,4,0.1741795562921169
26,3,25.0,16,0.7826883971011398
26,3,25.0,34,-0.32878179043282785
26,3,25.0,35,0.35478829827354375
26,3,25.0,36,1.3482273355195389
26,3,60.0,0,0.42270020699537625
26,3,60.0,1,-0.9354311189893458
26,3,60.0,2,-0.020502765133564083
26,3,60.0,4,0.015298662373020022
26,3,60.0,16,0.5635124748761271
26,3,60.0,34,-0.6352722347603859
26,3,60.0,35,0.027702400120993786
26,3,60.0,36,0.9425090421080959
26,3,120.0,0,0.38333769817382546
26,3,120.0,1,-0.9671077014225347
26,3,120.0,2,-0.0587791069326542
26,3,120.0,4,-0.1145367395032828
26,3,120.0,16,0.4230433176507695
26,3,120.0,34,-0.8299763675636136
26,3,120.0,35,-0.1700023983681298
26,3,120.0,36,0.6696511755964707
26,3,250.0,0,0.3721134275065019
26,3,250.0,1,-0.9823207297803123
26,3,250.0,2,-0.07716750526534355
26,3,250.0,4,-0.17042606472820054
26,3,250.0,16,0.3675169283799846
26,3,250.0,34,-0.9087593981167927
26,3,250.0,35,-0.24927874030742814
26,3,250.0,36,0.5583668898889051
26,4,10.0,5,-0.8668250070965584
26,4,10.0,11,-1.110628083767132
26,4,10.0,26,0.6029246428370421
26,4,10.0,29,0.014897563314892892
26,4,10.0,30,0.6465355237481845
26,4,10.0,31,-0.01882462236516247
26,4,25.0,5,-0.9031588126710872
26,4,25.0,11,-1.161673339928388
26,4,25.0,26,0.5651224074365793
26,4,25.0,29,-0.05336028035075202
26,4,25.0,30,0.6465676213877174
26,4,25.0,31,-0.08748633400792372
26,4,60.0,5,-0.9080338688428071
26,4,60.0,11,-1.270956450983931
26,4,60.0,26,0.42346908828662677
26,4,60.0,29,-0.2999751053620301
26,4,60.0,30,0.5535741229770252
26,4,60.0,31,-0.3385134560067229
26,4,120.0,5,-0.8946598704981881
26,4,120.0,11,-1.3293547464680593
26,4,120.0,26,0.29442181929061206
26,4,120.0,29,-0.46140321544655905
26,4,120.0,30,0.4250051373889221
26,4,120.0,31,-0.5025457552855848
26,4,250.0,5,-0.888172999007022
26,4,250.0,11,-1.3518219895412393
26,4,250.0,26,0.23094258716348293
26,4,250.0,29,-0.5263275260280196
26,4,250.0,30,0.35722557300614
26,4,250.0,31,-0.5684297527054447
30,0,10.0,20,1.1095686756506211
30,0,10.0,21,0.5776761086981388
30,0,10.0,22,0.5004300331799776
30,0,10.0,23,-0.4234225830691756
30,0,10.0,25,1.6081282307415457
30,0,10.0,28,-1.0003389017106414
30,0,10.0,32,-1.862759452949227
30,0,10.0,38,0.11517936955002739
30,0,25.0,20,1.1281842171738816
30,0,25.0,21,0.5678671955279277
30,0,25.0,22,0.4978840818436723
30,0,25.0,23,-0.3090300241397692
30,0,25.0,25,1.6208362380633368
30,0,25.0,28,-0.7770663153703907
30,0,25.0,32,-1.637238843784882
30,0,25.0,38,-0.08788808669429216
30,0,60.0,20,1.1955740324279809
30,0,60.0,21,0.5410362053909594
30,0,60.0,22,0.48800951233215883
30,0,60.0,23,-0.08162699910741722
30,0,60.0,25,1.6820582312161534
30,0,60.0,28,-0.08960325903802158
30,0,60.0,32,-0.9503013134547551
30,0,60.0,38,-0.3107646085793192
30,0,120.0,20,1.24382724294313
30,0,120.0,21,0.5299149966745063
30,0,120.0,22,0.48383437346370783
30,0,120.0,23,0.0392851565363479
30,0,120.0,25,1.7264470139437513
30,0,120.0,28,0.34696137714876585
30,0,120.0,32,-0.5149462449077333
30,0,120.0,38,-0.3942717899814241
30,0,250.0,20,1.2635860088968265
30,0,250.0,21,0.5268533788582808
30,0,250.0,22,0.4830154697025719
30,0,250.0,23,0.0838703176664346
30,0,250.0,25,1.744614751689074
30,0,250.0,28,0.5183853647332839
30,0,250.0,32,-0.34405388945303983
30,0,250.0,38,-0.4213469489731274
30,1,10.0,8,-0.44065992207440985
30,1,10.0,9,-0.2138189353076747
30,1,10.0,15,-1.1733448812691947
30,1,10.0,17,-1.415344945760424
30,1,10.0,18,-1.065506499796367
30,1,10.0,19,-1.2432450893743088
30,1,10.0,24,-0.5118783272310097
30,1,10.0,33,-1.219120452849296
30,1,25.0,8,-0.3699944065473275
30,1,25.0,9,-0.1202706584485469
30,1,25.0,15,-0.9676905265597888
30,1,25.0,17,-1.1900543915328292
30,1,25.0,18,-0.8514024320944031
30,1,25.0,19,-1.0526865384198238
30,1,25.0,24,-0.45100615267759636
30,1,25.0,33,-0.7996786956736734
30,1,60.0,8,-0.19126697434600715
30,1,60.0,9,0.08242080961080234
30,1,60.0,15,-0.403987917649264
30,1,60.0,17,-0.4711958915722718
30,1,60.0,18,-0.16075020899661396
30,1,60.0,19,-0.34466234769294246
30,1,60.0,24,-0.34779597327517564
30,1,60.0,33,-0.025819500990269972
30,1,120.0,8,-0.08998158305417903
30,1,120.0,9,0.18974473966318328
30,1,120.0,15,-0.00501578166676353
30,1,120.0,17,0.09604854257357331
30,1,120.0,18,0.38917427496592083
30,1,120.0,19,0.25658552969332504
30,1,120.0,24,-0.27683290275549055
30,1,120.0,33,0.4574964271732327
30,1,250.0,8,-0.05081683726725572
30,1,250.0,9,0.2304646798377199
30,1,250.0,15,0.16455399932669224
30,1,250.0,17,0.35257819406457
30,1,250.0,18,0.6390074414691966
30,1,250.0,19,0.5346142344304781
30,1,250.0,24,-0.2481815422424063
30,1,250.0,33,0.6619300240198775
30,2,10.0,3,-2.4280453662665025
30,2,10.0,6,0.9183830671486071
30,2,10.0,7,0.624536274659274
30,2,10.0,10,-1.0389603222478634
30,2,10.0,12,-1.1301160377035018
30,2,10.0,13,-1.1982159907833072
30,2,10.0,14,-1.0401804700746737
30,2,25.0,3,-2.3932241977709587
30,2,25.0,6,0.9161413756509127
30,2,25.0,7,0.6191774833476771
30,2,25.0,10,-0.9340717268775443
30,2,25.0,12,-1.0140459330163303
30,2,25.0,13,-1.1116891470875068
30,2,25.0,14,-0.8643375130167108
30,2,60.0,3,-2.0776854207982787
30,2,60.0,6,0.9116731922923051
30,2,60.0,7,0.6106971924049311
30,2,60.0,10,-0.5921162610422037
30,2,60.0,12,-0.5742818522751243
30,2,60.0,13,-0.7091842597253617
30,2,60.0,14,-0.4229498967626988
30,2,120.0,3,-1.7336109476590593
30,2,120.0,6,0.9171242366529491
30,2,120.0,7,0.6151650261710451
30,2,120.0,10,-0.272654777479417
30,2,120.0,12,-0.24140310282781385
30,2,120.0,13,-0.3217953301700227
30,2,120.0,14,-0.030164927357432703
30,2,250.0,3,-1.559567743843676
30,2,250.0,6,0.9224154880566182
30,2,250.0,7,0.6202989209001792
30,2,250.0,10,-0.11254934946371264
30,2,250.0,12,-0.09378354737779304
30,2,250.0,13,-0.13202545184491044
30,2,250.0,14,0.16060084797514662
30,3,10.0,0,1.587115690689373
30,3,10.0,1,-0.1783989275960991
30,3,10.0,2,-0.5500067453632909
30,3,10.0,4,-2.210265214941373
30,3,10.0,16,-1.4169664023117328
30,3,10.0,34,-1.5598498985134128
30,3,10.0,35,-1.772506952107154
30,3,10.0,36,-1.1201203368371466
30,3,25.0,0,1.5861532129174556
30,3,25.0,1,-0.15235932658348972
30,3,25.0,2,-0.4844527670355383
30,3,25.0,4,-2.076173828125132
30,3,25.0,16,-1.194219872330283
30,3,25.0,34,-1.4123408879507338
30,3,25.0,35,-1.608137049548695
30,3,25.0,36,-1.021917484892068
30,3,60.0,0,1.5693552459509021
30,3,60.0,1,-0.026460727379976845
30,3,60.0,2,-0.2305781721467106
30,3,60.0,4,-1.5213713756141765
30,3,60.0,16,-0.645856817869781
30,3,60.0,34,-0.9085540896388196
30,3,60.0,35,-1.1503742692513903
30,3,60.0,36,-0.5095479859358178
30,3,120.0,0,1.557608254156257
30,3,120.0,1,0.06447343493892177
30,3,120.0,2,-0.05655944379654443
30,3,120.0,4,-1.0940637892408525
30,3,120.0,16,-0.2887711705677134
30,3,120.0,34,-0.5149404301934943
30,3,120.0,35,-0.7848715595448645
30,3,120.0,36,-0.04782851508046093
30,3,250.0,0,1.5534248659830077
30,3,250.0,1,0.10174684223622421
30,3,250.0,2,0.013921592833611385
30,3,250.0,4,-0.9097881944497388
30,3,250.0,16,-0.14247752490968324
30,3,250.0,34,-0.3421565519983645
30,3,250.0,35,-0.6220909464015953
30,3,250.0,36,0.16349299400515704
30,4,10.0,5,-1.0388026769149121
30,4,10.0,11,-1.1209309154929663
30,4,10.0,26,-1.5804609461025763
30,4,10.0,27,-1.6328608071642243
30,4,10.0,29,-1.9070610717156669
30,4,10.0,30,-1.8170915356927182
30,4,10.0,31,-1.8206270882324844
30,4,25.0,5,-1.1278488932924624
30,4,25.0,11,-0.9920409726947312
30,4,25.0,26,-1.5183838939996193
30,4,25.0,27,-1.6125260300076896
30,4,25.0,29,-1.7287948722524682
30,4,25.0,30,-1.7602146966811212
30,4,25.0,31,-1.6482601028465922
30,4,60.0,5,-1.2968461752297316
30,4,60.0,11,-0.7081640413117292
30,4,60.0,26,-1.2144432560240332
30,4,60.0,27,-1.3622553489950064
30,4,60.0,29,-1.1767722053088185
30,4,60.0,30,-1.3680224499039895
30,4,60.0,31,-1.0959235896434727
30,4,120.0,5,-1.3745008123975353
30,4,120.0,11,-0.5605520774560482
30,4,120.0,26,-0.8982063762751338
30,4,120.0,27,-1.0336337395977147
30,4,120.0,29,-0.7961577369315975
30,4,120.0,30,-0.9465063634216975
30,4,120.0,31,-0.7131041321584703
30,4,250.0,5,-1.4013014065066542
30,4,250.0,11,-0.5043248552663258
30,4,250.0,26,-0.7352711772814509
30,4,250.0,27,-0.8552312269000524
30,4,250.0,29,-0.6354158218684738
30,4,250.0,30,-0.7325637709178139
30,4,250.0,31,-0.5513900403920822
39,0,10.0,20,0.38542453992559444
39,0,10.0,21,0.9430792919483011
39,0,10.0,22,1.2000882272778775
39,0,10.0,23,-0.269897948605454
39,0,10.0,25,1.7179025236739527
39,0,10.0,28,0.8874145385620977
39,0,10.0,32,0.28257718998785464
39,0,10.0,38,1.5592598366169739
39,0,25.0,20,0.3624195702117312
39,0,25.0,21,0.9249973462556262
39,0,25.0,22,1.1878352260437666
39,0,25.0,23,-0.31907626491032204
39,0,25.0,25,1.7018320427996514
39,0,25.0,28,0.7526828427758154
39,0,25.0,32,0.14484727856984492
39,0,25.0,38,1.314556695649106
39,0,60.0,20,0.26158819796727073
39,0,60.0,21,0.8122573258584076
39,0,60.0,22,1.0821188118402425
39,0,60.0,23,-0.3674322071732199
39,0,60.0,25,1.6006760381765375
39,0,60.0,28,0.3463907045313199
39,0,60.0,32,-0.2646483458266111
39,0,60.0,38,1.093099689607694
39,0,120.0,20,0.15229001154091648
39,0,120.0,21,0.6813954494363124
39,0,120.0,22,0.9462883291531519
39,0,120.0,23,-0.4032170559418198
39,0,120.0,25,1.4790579824381496
39,0,120.0,28,0.09978102511752596
39,0,120.0,32,-0.5119656323083497
39,0,120.0,38,1.0125282378422469
39,0,250.0,20,0.09047981576583197
39,0,250.0,21,0.6069559131745663
39,0,250.0,22,0.8671202697465112
39,0,250.0,23,-0.4220202686563681
39,0,250.0,25,1.4087156881105969
39,0,250.0,28,0.004869591801906381
39,0,250.0,32,-0.6070238950666571
39,0,250.0,38,0.9850978575997722
39,1,10.0,8,-0.5999670233534928
39,1,10.0,9,-0.45139237512113795
39,1,10.0,15,0.9274360307875114
39,1,10.0,17,0.43045453345369467
39,1,10.0,18,0.9479708867264982
39,1,10.0,19,1.1181430716069407
39,1,10.0,24,0.3907429024602287
39,1,10.0,33,3.145439530851746
39,1,25.0,8,-0.5857121937776242
39,1,25.0,9,-0.4222978636034611
39,1,25.0,15,0.6772264483698223
39,1,25.0,17,0.3178499643007342
39,1,25.0,18,0.8450947403752203
39,1,25.0,19,1.0003863119969338
39,1,25.0,24,0.41594338030958866
39,1,25.0,33,2.804549886966452
39,1,60.0,8,-0.5988795238395568
39,1,60.0,9,-0.41411849702149794
39,1,60.0,15,0.29610918814820053
39,1,60.0,17,0.011779050303545091
39,1,60.0,18,0.5495947737912203
39,1,60.0,19,0.6281722503473048
39,1,60.0,24,0.4165922210039881
39,1,60.0,33,2.2674618577989776
39,1,120.0,8,-0.6249098429691955
39,1,120.0,9,-0.43162747407984625
39,1,120.0,15,0.0882799186951786
39,1,120.0,17,-0.22590095770694774
39,1,120.0,18,0.314398233168653
39,1,120.0,19,0.32135561449645067
39,1,120.0,24,0.410627354761111
39,1,120.0,33,1.9829192079159554
39,1,250.0,8,-0.6373406247896085
39,1,250.0,9,-0.44110424637846535
39,1,250.0,15,0.006238728155185669
39,1,250.0,17,-0.3318972011943444
39,1,250.0,18,0.20879361157675191
39,1,250.0,19,0.18266793598350262
39,1,250.0,24,0.4071165439976525
39,1,250.0,33,1.8711850356657358
39,2,10.0,3,0.629487971595303
39,2,10.0,6,0.4996977091445487
39,2,10.0,7,0.3599323782324433
39,2,10.0,10,-0.340184442886482
39,2,10.0,12,-0.313291183192522
39,2,10.0,13,0.5115887350077912
39,2,10.0,14,1.7843013565297383
39,2,10.0,37,0.3293781972642478
39,2,25.0,3,0.601840251182999
39,2,25.0,6,0.44935423080509196
39,2,25.0,7,0.32910677090346496
39,2,25.0,10,-0.3051929230401811
39,2,25.0,12,-0.29660210789813135
39,2,25.0,13,0.4646595911446951
39,2,25.0,14,1.6617406800750274
39,2,25.0,37,0.2916771887093361
39,2,60.0,3,0.38123547539456126
39,2,60.0,6,0.24877678274052073
39,2,60.0,7,0.15530180357586687
39,2,60.0,10,-0.27539591829339116
39,2,60.0,12,-0.27885920119458874
39,2,60.0,13,0.34398583821581497
39,2,60.0,14,1.4797710561553785
39,2,60.0,37,0.09218270167847464
39,2,120.0,3,0.16706841778628956
39,2,120.0,6,0.08695585859747013
39,2,120.0,7,-0.0007238356180963024
39,2,120.0,10,-0.3094980249860271
39,2,120.0,12,-0.30472620017200214
39,2,120.0,13,0.23829206352474586
39,2,120.0,14,1.3547866535237176
39,2,120.0,37,-0.08019215738655561
39,2,250.0,3,0.06384624031233344
39,2,250.0,6,0.012663710915639115
39,2,250.0,7,-0.07414638612660696
39,2,250.0,10,-0.33663917484823
39,2,250.0,12,-0.3242471526487378
39,2,250.0,13,0.1851683451949384
39,2,250.0,14,1.2966434401644875
39,2,250.0,37,-0.16025571500635039
39,3,10.0,0,1.0262883929390618
39,3,10.0,1,-0.5956673265505934
39,3,10.0,2,-0.30597941609570967
39,3,10.0,4,0.03771463251290541
39,3,10.0,16,1.4233417878446453
39,3,10.0,34,1.2139665738421286
39,3,10.0,35,0.9582708535019151
39,3,10.0,36,2.3623596401643034
39,3,25.0,0,0.6365195232807288
39,3,25.0,1,-0.5824232704036127
39,3,25.0,2,-0.27908291102547267
39,3,25.0,4,-0.059360555362705014
39,3,25.0,16,1.265376016743918
39,3,25.0,34,0.8817519455017688
39,3,25.0,35,0.5066450038603563
39,3,25.0,36,2.10168665660073
39,3,60.0,0,0.20396724925405962
39,3,60.0,1,-0.5915018279732358
39,3,60.0,2,-0.27087088715727603
39,3,60.0,4,-0.43179650416870885
39,3,60.0,16,0.8748214701942558
39,3,60.0,34,0.15512235794372842
39,3,60.0,35,-0.2741097368177634
39,3,60.0,36,1.3129105838970965
39,3,120.0,0,0.029564930757427277
39,3,120.0,1,-0.6261847418641402
39,3,120.0,2,-0.2981947859761718
39,3,120.0,4,-0.7007770881777802
39,3,120.0,16,0.6297842196359227
39,3,120.0,34,-0.27955637935585287
39,3,120.0,35,-0.7125752092293993
39,3,120.0,36,0.8315650059942001
39,3,250.0,0,-0.029121611887976684
39,3,250.0,1,-0.6442964989767468
39,3,250.0,2,-0.3136309918067042
39,3,250.0,4,-0.8133487110697288
39,3,250.0,16,0.532200553484369
39,3,250.0,34,-0.4502639475909085
39,3,250.0,35,-0.8823445916885966
39,3,250.0,36,0.6430390856179216
39,4,10.0,5,-0.47020285050779975
39,4,10.0,11,-0.2786019793907428
39,4,10.0,26,0.058363674065862625
39,4,10.0,27,-1.1627815245290698
39,4,10.0,29,1.0457029313812178
39,4,10.0,30,0.4962722493292766
39,4,10.0,31,1.0874882632396137
39,4,25.0,5,-0.7160942238534389
39,4,25.0,11,-0.22444059865521382
39,4,25.0,26,0.05825970196707786
39,4,25.0,27,-1.1687909593576542
39,4,25.0,29,0.9175498636483006
39,4,25.0,30,0.458616964540127
39,4,25.0,31,0.9616617862250756
39,4,60.0,5,-1.0335970102734002
39,4,60.0,11,-0.1706994440649865
39,4,60.0,26,-0.04165050687545602
39,4,60.0,27,-1.2851091495024072
39,4,60.0,29,0.4458227136758204
39,4,60.0,30,0.2149460956847946
39,4,60.0,31,0.4912731405410611
39,4,120.0,5,-1.1682349896875834
39,4,120.0,11,-0.1726878944150485
39,4,120.0,26,-0.19314172948196884
39,4,120.0,27,-1.457645755795273
39,4,120.0,29,0.1358764151325751
39,4,120.0,30,-0.04007669208963449
39,4,120.0,31,0.181275329838968
39,4,250.0,5,-1.2148377019797323
39,4,250.0,11,-0.17886233584406597
39,4,250.0,26,-0.27695545392717946
39,4,250.0,27,-1.5535622047069317
39,4,250.0,29,0.01029935632999468
39,4,250.0,30,-0.16744458154201425
39,4,250.0,31,0.05565515510780017
45,0,10.0,20,-1.0661140707664885
45,0,10.0,21,0.13057356477481719
45,0,10.0,22,-0.4745504758670478
45,0,10.0,23,-0.34172862339783805
45,0,10.0,25,-0.40120191196002253
45,0,10.0,28,0.07396394635353687
45,0,10.0,32,-0.08238318173643577
45,0,10.0,38,2.156645241216509
45,0,25.0,20,-1.1210666787698926
45,0,25.0,21,0.1125805272750604
45,0,25.0,22,-0.49219819580550705
45,0,25.0,23,-0.4648369325627044
45,0,25.0,25,-0.4235765600188799
45,0,25.0,28,0.10264021547322955
45,0,25.0,32,-0.05394957294058145
45,0,25.0,38,2.2481093249858013
45,0,60.0,20,-1.2834602031454807
45,0,60.0,21,-0.014567466982953192
45,0,60.0,22,-0.6239266158211016
45,0,60.0,23,-0.6001026938117349
45,0,60.0,25,-0.5035418644090868
45,0,60.0,28,0.13690990474269782
45,0,60.0,32,-0.021301880179681376
45,0,60.0,38,2.2797879641418817
45,0,120.0,20,-1.4088865846498528
45,0,120.0,21,-0.14746731437982064
45,0,120.0,22,-0.7664429279324452
45,0,120.0,23,-0.6602754224228526
45,0,120.0,25,-0.5699419840528464
45,0,120.0,28,0.15116207303526608
45,0,120.0,32,-0.00775508025390792
45,0,120.0,38,2.277373758920863
45,0,250.0,20,-1.4685446515111664
45,0,250.0,21,-0.2159107448073314
45,0,250.0,22,-0.8406956032693387
45,0,250.0,23,-0.6826877227021839
45,0,250.0,25,-0.6022361512659522
45,0,250.0,28,0.15609267333135435
45,0,250.0,32,-0.0030585715331277186
45,0,250.0,38,2.2745486721573407
45,1,10.0,8,0.3310799498321728
45,1,10.0,9,0.7407956981775037
45,1,10.0,15,-0.1925701519737224
45,1,10.0,17,-0.24797236580311832
45,1,10.0,18,0.2710934046071891
45,1,10.0,19,1.1166154411805742
45,1,10.0,24,0.8699225109071058
45,1,10.0,33,0.021522331343991397
45,1,25.0,8,0.29795689577368023
45,1,25.0,9,0.6885413611671858
45,1,25.0,15,-0.0781892846098664
45,1,25.0,17,-0.1768049855097722
45,1,25.0,18,0.34258808777060423
45,1,25.0,19,1.16994697320699
45,1,25.0,24,0.9995040970784288
45,1,25.0,33,-0.13997957173105036
45,1,60.0,8,0.2540310600305915
45,1,60.0,9,0.639370268454666
45,1,60.0,15,0.11763579021330628
45,1,60.0,17,0.037695319799198046
45,1,60.0,18,0.5443194612812192
45,1,60.0,19,1.3401023342937997
45,1,60.0,24,1.1823657102115206
45,1,60.0,33,-0.2903935664274009
45,1,120.0,8,0.24172728116400322
45,1,120.0,9,0.6271740953277423
45,1,120.0,15,0.22469685627963187
45,1,120.0,17,0.17189249770904524
45,1,120.0,18,0.6693828142192899
45,1,120.0,19,1.4540564544068602
45,1,120.0,24,1.2530003208686864
45,1,120.0,33,-0.3331473481405034
45,1,250.0,8,0.23850882212012436
45,1,250.0,9,0.624100697723204
45,1,250.0,15,0.26557015157911934
45,1,250.0,17,0.22518148409690752
45,1,250.0,18,0.7192204261543544
45,1,250.0,19,1.5013160958294698
45,1,250.0,24,1.2759795150303042
45,1,250.0,33,-0.34383135873783033
45,2,10.0,3,-1.699508225981539
45,2,10.0,6,0.8720474089589274
45,2,10.0,7,-0.16604719014704372
45,2,10.0,10,-0.5683342781806431
45,2,10.0,12,0.43946673608364506
45,2,10.0,13,-1.0637985623309412
45,2,10.0,14,-0.544939747611874
45,2,10.0,37,0.3680419549347569
45,2,25.0,3,-1.6936290631173776
45,2,25.0,6,0.8244578091501396
45,2,25.0,7,-0.18064471964175866
45,2,25.0,10,-0.5990309028265486
45,2,25.0,12,0.47882350972048826
45,2,25.0,13,-1.0556828216701817
45,2,25.0,14,-0.5234467853743148
45,2,25.0,37,0.3400083911998699
45,2,60.0,3,-1.6601664030555625
45,2,60.0,6,0.713419138959992
45,2,60.0,7,-0.23595729888002026
45,2,60.0,10,-0.6560734663870988
45,2,60.0,12,0.5595134377748039
45,2,60.0,13,-1.03785945126711
45,2,60.0,14,-0.49943925462581973
45,2,60.0,37,0.25522133585965534
45,2,120.0,3,-1.6377013276664947
45,2,120.0,6,0.6589942606775026
45,2,120.0,7,-0.2703137781416096
45,2,120.0,10,-0.6767846144868344
45,2,120.0,12,0.5973897751243094
45,2,120.0,13,-1.026340437676538
45,2,120.0,14,-0.48757370543131984
45,2,120.0,37,0.20877878053713772
45,2,250.0,3,-1.6286648447999248
45,2,250.0,6,0.6392395738865204
45,2,250.0,7,-0.2838333945503493
45,2,250.0,10,-0.682867632245916
45,2,250.0,12,0.6106723041099862
45,2,250.0,13,-1.0215317394890242
45,2,250.0,14,-0.48290289897988004
45,2,250.0,37,0.19127987171259875
45,3,10.0,0,-0.1882479661369345
45,3,10.0,1,0.05807967028100691
45,3,10.0,2,0.7704611026786736
45,3,10.0,4,-0.9696473641480061
45,3,10.0,16,0.00025440047732772086
45,3,10.0,34,0.5391220956386995
45,3,10.0,35,0.9399989030233868
45,3,10.0,36,0.37359562185294237
45,3,25.0,0,-0.6034021334343329
45,3,25.0,1,0.022014207012599485
45,3,25.0,2,0.702565655421175
45,3,25.0,4,-1.0046357179824632
45,3,25.0,16,-0.06650502655816126
45,3,25.0,34,0.5261931389846453
45,3,25.0,35,0.9177130460435627
45,3,25.0,36,0.3611638701250435
45,3,60.0,0,-0.9268603782980165
45,3,60.0,1,0.0038455710493678907
45,3,60.0,2,0.6659002565160428
45,3,60.0,4,-1.0814570197970923
45,3,60.0,16,-0.12098417116304816
45,3,60.0,34,0.5129975843887635
45,3,60.0,35,0.8886204159537705
45,3,60.0,36,0.3265134467428368
45,3,120.0,0,-1.028608994866282
45,3,120.0,1,0.01756656377064658
45,3,120.0,2,0.674476521304765
45,3,120.0,4,-1.111923841227167
45,3,120.0,16,-0.13095019488322635
45,3,120.0,34,0.5042573230513696
45,3,120.0,35,0.8726009014493172
45,3,120.0,36,0.3057199505244377
45,3,250.0,0,-1.0599721077724205
45,3,250.0,1,0.02594785307524461
45,3,250.0,2,0.6810467546808923
45,3,250.0,4,-1.12122726979689
45,3,250.0,16,-0.13292564610352997
45,3,250.0,34,0.500492505674405
45,3,250.0,35,0.8663801708717109
45,3,250.0,36,0.29769122845812745
45,4,10.0,5,-1.6588040996334072
45,4,10.0,11,0.1226776837681598
45,4,10.0,26,-0.4938987512572375
45,4,10.0,27,0.16516042266267306
45,4,10.0,29,-0.15451743344972613
45,4,10.0,30,-0.5543592568599784
45,4,10.0,31,0.47003214712525576
45,4,25.0,5,-1.900508154136972
45,4,25.0,11,0.09576684791954904
45,4,25.0,26,-0.5281779465480412
45,4,25.0,27,0.15485364736419172
45,4,25.0,29,-0.16144155265084237
45,4,25.0,30,-0.5615343547955511
45,4,25.0,31,0.463317955024813
45,4,60.0,5,-2.2619048212686046
45,4,60.0,11,0.04856302982352645
45,4,60.0,26,-0.6167351244690771
45,4,60.0,27,0.09975495826070357
45,4,60.0,29,-0.1996043315471674
45,4,60.0,30,-0.6131707462397209
45,4,60.0,31,0.4264874574452797
45,4,120.0,5,-2.4295933282877336
45,4,120.0,11,0.030568281359272476
45,4,120.0,26,-0.6736319028782098
45,4,120.0,27,0.05812107303200165
45,4,120.0,29,-0.223524001025595
45,4,120.0,30,-0.6596567701487324
45,4,120.0,31,0.4032184631572804
45,4,250.0,5,-2.488537095957234
45,4,250.0,11,0.024591540100693976
45,4,250.0,26,-0.6972840236484004
45,4,250.0,27,0.04032075693388748
45,4,250.0,29,-0.23293699897306652
45,4,250.0,30,-0.6806771576461301
45,4,250.0,31,0.3940295798287323
54,0,10.0,21,1.1014090919959294
54,0,10.0,22,1.2212348339251058
54,0,10.0,23,0.18222262251132548
54,0,10.0,25,1.8093271345196769
54,0,10.0,28,-0.5264051340966702
54,0,10.0,32,-0.17604058047806603
54,0,10.0,38,0.98048196574236
54,0,25.0,21,1.0970065978077734
54,0,25.0,22,1.2196125763546881
54,0,25.0,23,0.21912928254679187
54,0,25.0,25,1.8130675462164056
54,0,25.0,28,-0.5774199029276446
54,0,25.0,32,-0.22646824572913005
54,0,25.0,38,0.7533822430224824
54,0,60.0,21,1.06638317021336
54,0,60.0,22,1.1935148000842766
54,0,60.0,23,0.2611244684017109
54,0,60.0,25,1.8049071558543908
54,0,60.0,28,-0.7451440397418665
54,0,60.0,32,-0.39355130092488366
54,0,60.0,38,0.5577009364615115
54,0,120.0,21,1.0231262161327912
54,0,120.0,22,1.1493587981361806
54,0,120.0,23,0.27008184141105573
54,0,120.0,25,1.7741814891979786
54,0,120.0,28,-0.843032722293735
54,0,120.0,32,-0.4911582126483722
54,0,120.0,38,0.4903253149879738
54,0,250.0,21,0.9966473961078179
54,0,250.0,22,1.121409775734687
54,0,250.0,23,0.27024165897314845
54,0,250.0,25,1.7526941215623921
54,0,250.0,28,-0.8796078813697434
54,0,250.0,32,-0.5276271642714505
54,0,250.0,38,0.4681141216438114
54,1,10.0,8,-0.7285126042928809
54,1,10.0,9,-1.0248871865123377
54,1,10.0,15,-0.32175055633156546
54,1,10.0,17,0.463017909107478
54,1,10.0,18,0.6863585979065121
54,1,10.0,19,2.322893516430838
54,1,10.0,24,-0.23627238676478868
54,1,10.0,33,0.04450503701959363
54,1,25.0,8,-0.7483344291589802
54,1,25.0,9,-1.0468717490071384
54,1,25.0,15,-0.4332895635959133
54,1,25.0,17,0.4494563670563778
54,1,25.0,18,0.6759811555453581
54,1,25.0,19,2.306985152709615
54,1,25.0,24,-0.2896636063574469
54,1,25.0,33,-0.2841977003542695
54,1,60.0,8,-0.8272879356726577
54,1,60.0,9,-1.115734159552062
54,1,60.0,15,-0.5407973881096027
54,1,60.0,17,0.40977044610857405
54,1,60.0,18,0.6391575064840964
54,1,60.0,19,2.2496553441743146
54,1,60.0,24,-0.47383944645430986
54,1,60.0,33,-0.6498409408419015
54,1,120.0,8,-0.8898425647604427
54,1,120.0,9,-1.1688193427456355
54,1,120.0,15,-0.5914560758581331
54,1,120.0,17,0.3642728219837821
54,1,120.0,18,0.5945664351241859
54,1,120.0,19,2.1886526057979765
54,1,120.0,24,-0.5819986116973368
54,1,120.0,33,-0.799243694253299
54,1,250.0,8,-0.9166533527375123
54,1,250.0,9,-1.1915436577233294
54,1,250.0,15,-0.6116908688790659
54,1,250.0,17,0.3413398714528313
54,1,250.0,18,0.5720345788154546
54,1,250.0,19,2.15917077322246
54,1,250.0,24,-0.6232330166211995
54,1,250.0,33,-0.8518449288542982
54,2,10.0,7,-0.04324564847558321
54,2,10.0,10,-0.5409242827174054
54,2,10.0,12,-1.1385477995461812
54,2,10.0,14,0.7708136681164355
54,2,10.0,37,0.43235738487960873
54,2,25.0,7,-0.07174239773704727
54,2,25.0,10,-0.5503615895083414
54,2,25.0,12,-1.1640196756029297
54,2,25.0,14,0.815388551938458
54,2,25.0,37,0.40225405847068885
54,2,60.0,7,-0.24198626254135291
54,2,60.0,10,-0.5566244149650572
54,2,60.0,12,-1.2326925139057394
54,2,60.0,14,0.833313042920576
54,2,60.0,37,0.2222329661648459
54,2,120.0,7,-0.4014723515618144
54,2,120.0,10,-0.5684361014160118
54,2,120.0,12,-1.2776912842972692
54,2,120.0,14,0.8217341356575751
54,2,120.0,37,0.05526264104383216
54,2,250.0,7,-0.4772843215022462
54,2,250.0,10,-0.5761211260290793
54,2,250.0,12,-1.2970174336136537
54,2,250.0,14,0.8134583750004047
54,2,250.0,37,-0.02386816901482547
54,3,10.0,0,1.1520045159908179
54,3,10.0,1,-0.4701964348794654
54,3,10.0,2,0.22491182631096507
54,3,10.0,4,-0.3056537336268548
54,3,10.0,16,0.33790937979746616
54,3,10.0,34,0.5429264116695052
54,3,10.0,35,1.4713317079279093
54,3,10.0,36,2.051986589410557
54,3,25.0,0,0.8790536115287466
54,3,25.0,1,-0.4372013988149739
54,3,25.0,2,0.29782332609340045
54,3,25.0,4,-0.44782230841672543
54,3,25.0,16,0.13995373272774003
54,3,25.0,34,0.5253948896013725
54,3,25.0,35,1.448964237692806
54,3,25.0,36,2.039071270516075
54,3,60.0,0,0.5614672745632063
54,3,60.0,1,-0.3659613080212729
54,3,60.0,2,0.4274785659616356
54,3,60.0,4,-0.8859811664418729
54,3,60.0,16,-0.12479086089584968
54,3,60.0,34,0.46741650158313774
54,3,60.0,35,1.390568338460099
54,3,60.0,36,1.9760678105597904
54,3,120.0,0,0.44081927859089376
54,3,120.0,1,-0.3383599149923917
54,3,120.0,2,0.47617527788182556
54,3,120.0,4,-1.139483406348667
54,3,120.0,16,-0.25143787693662745
54,3,120.0,34,0.42077631023909134
54,3,120.0,35,1.3442230310906602
54,3,120.0,36,1.920910244192278
54,3,250.0,0,0.4011484849201139
54,3,250.0,1,-0.3302297640988847
54,3,250.0,2,0.4905441878114907
54,3,250.0,4,-1.2356574994822864
54,3,250.0,16,-0.29855892194898104
54,3,250.0,34,0.400643296777794
54,3,250.0,35,1.3241956274748787
54,3,250.0,36,1.8965511417956264
54,4,10.0,5,-0.4741004685442576
54,4,10.0,11,0.3008268777545169
54,4,10.0,26,0.6759267330216794
54,4,10.0,27,0.806946196203711
54,4,10.0,29,0.02737072058683765
54,4,10.0,30,0.7338466773732293
54,4,10.0,31,-0.04243865957162285
54,4,25.0,5,-0.629743562838101
54,4,25.0,11,0.41026678398652905
54,4,25.0,26,0.7212158376587006
54,4,25.0,27,0.8190177128372369
54,4,25.0,29,0.014516482096539107
54,4,25.0,30,0.7582195461311869
54,4,25.0,31,-0.05617980990675875
54,4,60.0,5,-0.805771539523839
54,4,60.0,11,0.5839235144287684
54,4,60.0,26,0.8528490207345278
54,4,60.0,27,0.9065764258457563
54,4,60.0,29,-0.07576011182811726
54,4,60.0,30,0.8365714517303715
54,4,60.0,31,-0.14841541011965376
54,4,120.0,5,-0.8731666902873414
54,4,120.0,11,0.6509177421485361
54,4,120.0,26,0.9373613353776769
54,4,120.0,27,0.9827076998682784
54,4,120.0,29,-0.13464846717801038
54,4,120.0,30,0.8957141971454021
54,4,120.0,31,-0.2084145423416004
54,4,250.0,5,-0.8961346151195748
54,4,250.0,11,0.6725639471924865
54,4,250.0,26,0.9723687459491792
54,4,250.0,27,1.016927901506989
54,4,250.0,29,-0.1565747916490139
54,4,250.0,30,0.9221244862826623
54,4,250.0,31,-0.23076060193115921
66,0,10.0,20,0.9199594587640263
66,0,10.0,21,-1.1065224631126824
66,0,10.0,22,-0.24826523523074684
66,0,10.0,23,-0.4040026901862177
66,0,10.0,25,0.3201984040979937
66,0,10.0,28,0.4541433238296051
66,0,10.0,32,0.5310181234275646
66,0,10.0,38,0.2095486981851451
66,0,25.0,20,0.9191813975753043
66,0,25.0,21,-1.0930997928319321
66,0,25.0,22,-0.24155664637415342
66,0,25.0,23,-0.41380105183128535
66,0,25.0,25,0.319503260719749
66,0,25.0,28,0.4303758516606706
66,0,25.0,32,0.5074763251663086
66,0,25.0,38,0.23023602214036032
66,0,60.0,20,0.9697058063099213
66,0,60.0,21,-1.0086501929021452
66,0,60.0,22,-0.1691982351579142
66,0,60.0,23,-0.3585730806973899
66,0,60.0,25,0.36606683660575356
66,0,60.0,28,0.35324441657901673
66,0,60.0,32,0.43058005150811596
66,0,60.0,38,0.2993966597810065
66,0,120.0,20,1.0532442291976345
66,0,120.0,21,-0.9031985381969534
66,0,120.0,22,-0.06297882581154823
66,0,120.0,23,-0.3058888132708617
66,0,120.0,25,0.4526012657704044
66,0,120.0,28,0.3087597536524811
66,0,120.0,32,0.38616287469607613
66,0,120.0,38,0.3549437582257866
66,0,250.0,20,1.1046166528215302
66,0,250.0,21,-0.8409067664485406
66,0,250.0,22,0.002163119605640418
66,0,250.0,23,-0.2803609034660681
66,0,250.0,25,0.5074972264124327
66,0,250.0,28,0.29252926516061706
66,0,250.0,32,0.36994667865527475
66,0,250.0,38,0.38022140411288774
66,1,10.0,8,-1.0773842919013532
66,1,10.0,9,-1.6584382778548985
66,1,10.0,15,-0.03281529943397743
66,1,10.0,17,-0.5258091914396061
66,1,10.0,18,-0.1516803702707783
66,1,10.0,19,0.07130484665266579
66,1,10.0,24,0.12239203812849553
66,1,10.0,33,0.7017574878189521
66,1,25.0,8,-1.0570462488885042
66,1,25.0,9,-1.6482890312093943
66,1,25.0,15,-0.14072503580497653
66,1,25.0,17,-0.4929325096815056
66,1,25.0,18,-0.11281503632112333
66,1,25.0,19,0.08774238744198826
66,1,25.0,24,0.1791709300216624
66,1,25.0,33,0.6982247571915856
66,1,60.0,8,-0.9857496302929292
66,1,60.0,9,-1.5981248096285512
66,1,60.0,15,-0.24529988069882336
66,1,60.0,17,-0.36421507649984974
66,1,60.0,18,0.017332191779662054
66,1,60.0,19,0.18808443550376808
66,1,60.0,24,0.2620443731024338
66,1,60.0,33,0.6384124455512392
66,1,120.0,8,-0.9355926795150182
66,1,120.0,9,-1.5595152791340539
66,1,120.0,15,-0.2752201782525816
66,1,120.0,17,-0.29137372352269963
66,1,120.0,18,0.08901784748707087
66,1,120.0,19,0.24991936040234464
66,1,120.0,24,0.313011841445352
66,1,120.0,33,0.6103572529037358
66,1,250.0,8,-0.9149007613569538
66,1,250.0,9,-1.54320672173003
66,1,250.0,15,-0.282831519125871
66,1,250.0,17,-0.2638987154228083
66,1,250.0,18,0.1159068228603175
66,1,250.0,19,0.27392219380002203
66,1,250.0,24,0.3335086658217392
66,1,250.0,33,0.6015566607985825
66,2,10.0,3,-0.8119299734529974
66,2,10.0,6,0.19165856251763458
66,2,10.0,7,-1.071539232241161
66,2,10.0,10,-0.0822971013857341
66,2,10.0,14,0.944850187154028
66,2,10.0,37,-0.7615051334395204
66,2,25.0,3,-0.8082943216385132
66,2,25.0,6,0.2146486957774485
66,2,25.0,7,-1.0399296837539502
66,2,25.0,10,-0.02771935213726806
66,2,25.0,14,0.9440665226878657
66,2,25.0,37,-0.7375110101515219
66,2,60.0,3,-0.7664343230471253
66,2,60.0,6,0.38118889025263414
66,2,60.0,7,-0.8527552993838796
66,2,60.0,10,0.10136195547327276
66,2,60.0,14,0.9849634540179117
66,2,60.0,37,-0.5660921679203454
66,2,120.0,3,-0.7157779151852779
66,2,120.0,6,0.541755324899011
66,2,120.0,7,-0.6808616880298217
66,2,120.0,10,0.19055714348176878
66,2,120.0,14,1.039975842245834
66,2,120.0,37,-0.39811695654972823
66,2,250.0,3,-0.688870339210041
66,2,250.0,6,0.618624294830429
66,2,250.0,7,-0.5994591406777232
66,2,250.0,10,0.23085799430853626
66,2,250.0,14,1.0693204010839672
66,2,250.0,37,-0.3171539319957546
66,3,10.0,1,-0.14151824067205965
66,3,10.0,2,0.382996316650452
66,3,10.0,4,-1.3782639398139693
66,3,10.0,16,0.5457406003497383
66,3,10.0,34,-0.07092857538345498
66,3,10.0,35,-0.2955960877387511
66,3,10.0,36,1.6297912594114692
66,3,25.0,1,-0.08605791776074057
66,3,25.0,2,0.5090055776469065
66,3,25.0,4,-1.358247132052533
66,3,25.0,16,0.5624115372185798
66,3,25.0,34,-0.14038862210901826
66,3,25.0,35,-0.38199457433202255
66,3,25.0,36,1.5752610010313148
66,3,60.0,1,0.06934073435344601
66,3,60.0,2,0.7918854997020794
66,3,60.0,4,-1.2915629769371542
66,3,60.0,16,0.5635465708295264
66,3,60.0,34,-0.31457258804514865
66,3,60.0,35,-0.5554794986914757
66,3,60.0,36,1.3652910736670343
66,3,120.0,1,0.15428196533669336
66,3,120.0,2,0.9400201299012245
66,3,120.0,4,-1.253441829329514
66,3,120.0,16,0.5568082802993892
66,3,120.0,34,-0.42646440973237176
66,3,120.0,35,-0.6647130489243089
66,3,120.0,36,1.2169531639962976
66,3,250.0,1,0.1857977161253963
66,3,250.0,2,0.994621031062298
66,3,250.0,4,-1.2396463992814013
66,3,250.0,16,0.5534159309578115
66,3,250.0,34,-0.4714449978425108
66,3,250.0,35,-0.70866838143154
66,3,250.0,36,1.155937746259177
66,4,10.0,5,-0.86915563465001
66,4,10.0,11,-0.5178917024964704
66,4,10.0,26,-0.5345630068378995
66,4,10.0,29,0.05365951606385977
66,4,10.0,30,0.3943784252865541
66,4,10.0,31,0.23485289734699677
66,4,25.0,5,-0.8662703281303124
66,4,25.0,11,-0.434159746365971
66,4,25.0,26,-0.5343218725760082
66,4,25.0,29,0.0027686184692754523
66,4,25.0,30,0.3782682036710341
66,4,25.0,31,0.18589444583164294
66,4,60.0,5,-0.7889908016706926
66,4,60.0,11,-0.3001296645600391
66,4,60.0,26,-0.5529122296413362
66,4,60.0,29,-0.11967987727199159
66,4,60.0,30,0.30096205978203017
66,4,60.0,31,0.06422824909070357
66,4,120.0,5,-0.7266329713251487
66,4,120.0,11,-0.24357870293291484
66,4,120.0,26,-0.5814379282503666
66,4,120.0,29,-0.18854080400986106
66,4,120.0,30,0.2331368383663346
66,4,120.0,31,-0.004530175714407392
66,4,250.0,5,-0.7008871101533423
66,4,250.0,11,-0.22480336959262814
66,4,250.0,26,-0.5977586842404179
66,4,250.0,29,-0.21525551134008225
66,4,250.0,30,0.2012000133147822
66,4,250.0,31,-0.031223636990134196
75,0,10.0,20,0.4220280376940053
75,0,10.0,22,0.6871338194371468
75,0,10.0,23,-0.08627067527414312
75,0,10.0,25,1.2901758673558241
75,0,10.0,28,-0.7905510665310942
75,0,10.0,32,-0.5493250144038768
75,0,10.0,38,-1.451009875724008
75,0,25.0,20,0.38400656195813454
75,0,25.0,22,0.6804722617262371
75,0,25.0,23,-0.19204372084443833
75,0,25.0,25,1.2701628018840374
75,0,25.0,28,-0.739920002356449
75,0,25.0,32,-0.4946954112586539
75,0,25.0,38,-1.6320866818569861
75,0,60.0,20,0.31555203319107505
75,0,60.0,22,0.6718646842763434
75,0,60.0,23,-0.25448260308807136
75,0,60.0,25,1.2226911706321815
75,0,60.0,28,-0.7238703634565908
75,0,60.0,32,-0.4753807197182027
75,0,60.0,38,-1.69454683578725
75,0,120.0,20,0.3023286059877961
75,0,120.0,22,0.6878686412338517
75,0,120.0,23,-0.26544426139442123
75,0,120.0,25,1.2148549216057063
75,0,120.0,28,-0.7333422382933961
75,0,120.0,32,-0.48385571943857997
75,0,120.0,38,-1.6997755121249654
75,0,250.0,20,0.30380149348272667
75,0,250.0,22,0.7008836220964128
75,0,250.0,23,-0.2671117582606115
75,0,250.0,25,1.217470606914258
75,0,250.0,28,-0.7383821916970206
75,0,250.0,32,-0.4885852315047714
75,0,250.0,38,-1.6998290664046891
75,1,10.0,8,-0.8407413313731524
75,1,10.0,9,-0.7502957300284621
75,1,10.0,15,0.4542266847347918
75,1,10.0,17,0.11286725069604131
75,1,10.0,18,0.2163033209365821
75,1,10.0,19,1.7851822897823268
75,1,10.0,24,0.8557916166888475
75,1,10.0,33,1.3247247185559985
75,1,25.0,8,-0.7366560404959515
75,1,25.0,9,-0.605880885262053
75,1,25.0,15,0.2715883554735896
75,1,25.0,17,0.008017542018471602
75,1,25.0,18,0.12140725584156797
75,1,25.0,19,1.6812214243356465
75,1,25.0,24,0.8705178350266607
75,1,25.0,33,1.8054966212934112
75,1,60.0,8,-0.4897465078037584
75,1,60.0,9,-0.3443492207816661
75,1,60.0,15,0.05377073763906992
75,1,60.0,17,-0.22768280796010032
75,1,60.0,18,-0.10055614840793936
75,1,60.0,19,1.4689496461031197
75,1,60.0,24,0.8901010322093725
75,1,60.0,33,2.2132928970834698
75,1,120.0,8,-0.36697426828064295
75,1,120.0,9,-0.22549312844540026
75,1,120.0,15,-0.04249518039755884
75,1,120.0,17,-0.40440751360462457
75,1,120.0,18,-0.2727798441296869
75,1,120.0,19,1.30643233242996
75,1,120.0,24,0.9100522314745803
75,1,120.0,33,2.3330696263292907
75,1,250.0,8,-0.3232744076872507
75,1,250.0,9,-0.18410296470395338
75,1,250.0,15,-0.07777431257817824
75,1,250.0,17,-0.48727752567167215
75,1,250.0,18,-0.35486927074263974
75,1,250.0,19,1.2269962311045468
75,1,250.0,24,0.9187906111020396
75,1,250.0,33,2.366373941159374
75,2,10.0,3,0.9136990995695271
75,2,10.0,6,-1.1346121040721755
75,2,10.0,7,-0.38490537362667965
75,2,10.0,10,-0.24603715074525923
75,2,10.0,12,0.14339438940484683
75,2,10.0,14,0.9305352037176533
75,2,10.0,37,-1.0830555477954107
75,2,25.0,3,0.8947809695608271
75,2,25.0,6,-1.079864380834362
75,2,25.0,7,-0.3643173924156713
75,2,25.0,10,-0.13698612026416868
75,2,25.0,12,0.18747708431105536
75,2,25.0,14,0.8351251011575584
75,2,25.0,37,-1.05464018489279
75,2,60.0,3,0.7989367407122785
75,2,60.0,6,-0.9234409538970461
75,2,60.0,7,-0.2623890321446396
75,2,60.0,10,0.06310609652732779
75,2,60.0,12,0.31168349375251836
75,2,60.0,14,0.7957307189716545
75,2,60.0,37,-0.9395503335833055
75,2,120.0,3,0.7378652266070986
75,2,120.0,6,-0.8266085611101062
75,2,120.0,7,-0.18376272604555055
75,2,120.0,10,0.1566350701260646
75,2,120.0,12,0.3828024630618856
75,2,120.0,14,0.8013379912807252
75,2,120.0,37,-0.8560655943487419
75,2,250.0,3,0.7147631192328063
75,2,250.0,6,-0.7868087704673883
75,2,250.0,7,-0.1491818590591194
75,2,250.0,10,0.1899975066722135
75,2,250.0,12,0.40991878421806405
75,2,250.0,14,0.8060072154296947
75,2,250.0,37,-0.8198116975193415
75,3,10.0,0,1.0960658564874777
75,3,10.0,1,-0.8520404735443279
75,3,10.0,2,-1.3179525093103734
75,3,10.0,16,0.8391620131518138
75,3,10.0,34,-1.2525572639824176
75,3,10.0,35,-1.8700408179854549
75,3,10.0,36,-0.5892288221163788
75,3,25.0,0,1.3631725416710623
75,3,25.0,1,-0.8141243226403745
75,3,25.0,2,-1.254426544937779
75,3,25.0,16,0.6771804159800467
75,3,25.0,34,-1.4233937675498538
75,3,25.0,35,-2.119044650186474
75,3,25.0,36,-0.7093176277944195
75,3,60.0,0,1.5996102294977739
75,3,60.0,1,-0.7065835984356212
75,3,60.0,2,-1.135546207726037
75,3,60.0,16,0.40827313259818965
75,3,60.0,34,-1.6601691546351915
75,3,60.0,35,-2.384917707703835
75,3,60.0,36,-0.8966829314804343
75,3,120.0,0,1.6892563308714728
75,3,120.0,1,-0.6537955669412909
75,3,120.0,2,-1.0848837473830741
75,3,120.0,16,0.28441535567998244
75,3,120.0,34,-1.756688952352043
75,3,120.0,35,-2.482811674061889
75,3,120.0,36,-0.9690276582231121
75,3,250.0,0,1.7188388681673565
75,3,250.0,1,-0.635544530020077
75,3,250.0,2,-1.067966398675253
75,3,250.0,16,0.24112152369227857
75,3,250.0,34,-1.788919741650659
75,3,250.0,35,-2.514588444493004
75,3,250.0,36,-0.9925808781481109
75,4,10.0,5,-0.004000963930984369
75,4,10.0,11,-0.6213760487301698
75,4,10.0,26,-0.35658735036391676
75,4,10.0,27,-0.4664108948851222
75,4,10.0,29,-0.38530866967670363
75,4,10.0,30,0.5679667850240548
75,4,10.0,31,0.25110147621708023
75,4,25.0,5,0.12044901073290148
75,4,25.0,11,-0.5230401631272485
75,4,25.0,26,-0.36673539127336596
75,4,25.0,27,-0.46889853565335216
75,4,25.0,29,-0.4077271645462801
75,4,25.0,30,0.6322397840177132
75,4,25.0,31,0.22396182531899456
75,4,60.0,5,0.37148769254713443
75,4,60.0,11,-0.39890885112045993
75,4,60.0,26,-0.38739147787182304
75,4,60.0,27,-0.47405019070857435
75,4,60.0,29,-0.529321013377718
75,4,60.0,30,0.793373171248561
75,4,60.0,31,0.09486106285165619
75,4,120.0,5,0.4983785392084492
75,4,120.0,11,-0.357350931966117
75,4,120.0,26,-0.39490606297280806
75,4,120.0,27,-0.47452650169167043
75,4,120.0,29,-0.6018136025280256
75,4,120.0,30,0.8653670903702633
75,4,120.0,31,0.019292923119088812
75,4,250.0,5,0.5435995543107772
75,4,250.0,11,-0.3444902276863928
75,4,250.0,26,-0.39720008163220655
75,4,250.0,27,-0.4744144446319467
75,4,250.0,29,-0.6284354580960496
75,4,250.0,30,0.8891684855076676
75,4,250.0,31,-0.008356470829006923
77,0,10.0,20,1.0960056046273934
77,0,10.0,21,0.5450845174338177
77,0,10.0,22,0.9662325517094956
77,0,10.0,23,-0.3069734434615832
77,0,10.0,25,1.4570733988250595
77,0,10.0,28,-0.7126554373603184
77,0,10.0,32,-0.2919106097625672
77,0,10.0,38,-0.05930280305980773
77,0,25.0,20,1.0622248375088361
77,0,25.0,21,0.5210985370858907
77,0,25.0,22,0.9495635166705512
77,0,25.0,23,-0.38794374878819937
77,0,25.0,25,1.4340030329051956
77,0,25.0,28,-0.8243220445835959
77,0,25.0,32,-0.40118854357887557
77,0,25.0,38,-0.20855878185992438
77,0,60.0,20,0.9083405996266016
77,0,60.0,21,0.36971490539061946
77,0,60.0,22,0.8048849239926383
77,0,60.0,23,-0.4752599834948761
77,0,60.0,25,1.2838067267303543
77,0,60.0,28,-1.0780579297948876
77,0,60.0,32,-0.6525465230121199
77,0,60.0,38,-0.39454770556708496
77,0,120.0,20,0.7505862037410225
77,0,120.0,21,0.1951613391977567
77,0,120.0,22,0.6220209517702209
77,0,120.0,23,-0.5290181959243299
77,0,120.0,25,1.1131149674075154
77,0,120.0,28,-1.1976378303399855
77,0,120.0,32,-0.7713896930497732
77,0,120.0,38,-0.4848342077853047
77,0,250.0,20,0.6638058866337211
77,0,250.0,21,0.09600458692827374
77,0,250.0,22,0.5159500154697554
77,0,250.0,23,-0.5549325373566276
77,0,250.0,25,1.0168762066569137
77,0,250.0,28,-1.2390133374794061
77,0,250.0,32,-0.8125332038200597
77,0,250.0,38,-0.5199946946170506
77,1,10.0,8,-0.6501509250947493
77,1,10.0,9,0.15939261228535884
77,1,10.0,15,-0.42351244899899143
77,1,10.0,17,0.34005673451022744
77,1,10.0,18,0.9366841713456608
77,1,10.0,19,0.48488325894619067
77,1,10.0,24,0.5669752076729466
77,1,10.0,33,1.5039014577690786
77,1,25.0,8,-0.6192224956165369
77,1,25.0,9,0.20767465054782264
77,1,25.0,15,-0.39753971508560326
77,1,25.0,17,0.3235236376840547
77,1,25.0,18,0.9306058693979864
77,1,25.0,19,0.46180949289558626
77,1,25.0,24,0.5757898188450135
77,1,25.0,33,1.3471120973231265
77,1,60.0,8,-0.5682922558731036
77,1,60.0,9,0.2792718159288867
77,1,60.0,15,-0.41267779767443
77,1,60.0,17,0.27823619863152516
77,1,60.0,18,0.903135848548807
77,1,60.0,19,0.4277357804653086
77,1,60.0,24,0.5228898545231928
77,1,60.0,33,1.1700355653644472
77,1,120.0,8,-0.5556969328902888
77,1,120.0,9,0.2991798426762031
77,1,120.0,15,-0.43543882251351107
77,1,120.0,17,0.24045871411841802
77,1,120.0,18,0.8716626677004982
77,1,120.0,19,0.3918983858603369
77,1,120.0,24,0.49196887882131435
77,1,120.0,33,1.100049995780946
77,1,250.0,8,-0.5535370509192639
77,1,250.0,9,0.30380055977358467
77,1,250.0,15,-0.4454354925354167
77,1,250.0,17,0.22435138667854915
77,1,250.0,18,0.8574644038254675
77,1,250.0,19,0.3754458132966718
77,1,250.0,24,0.480497233929043
77,1,250.0,33,1.0760336951344591
77,2,10.0,3,1.7300236633942028
77,2,10.0,6,0.28867659466121154
77,2,10.0,7,0.5705124099758336
77,2,10.0,10,-0.6474103882646638
77,2,10.0,12,-0.4546545115478118
77,2,10.0,13,-0.5910893137341056
77,2,10.0,37,0.49405345713135773
77,2,25.0,3,1.7332219278947782
77,2,25.0,6,0.2900879310329785
77,2,25.0,7,0.5646336394669262
77,2,25.0,10,-0.6043499941156512
77,2,25.0,12,-0.4461872832203362
77,2,25.0,13,-0.5506942474740555
77,2,25.0,37,0.4895045213118223
77,2,60.0,3,1.7685528232191565
77,2,60.0,6,0.26731379833504576
77,2,60.0,7,0.5220982200482993
77,2,60.0,10,-0.5016152065736748
77,2,60.0,12,-0.40836158984724236
77,2,60.0,13,-0.4642511310728139
77,2,60.0,37,0.44620849508375215
77,2,120.0,3,1.8110144778584107
77,2,120.0,6,0.23173511523423684
77,2,120.0,7,0.4767446393921162
77,2,120.0,10,-0.43847351170028404
77,2,120.0,12,-0.38224211157637455
77,2,120.0,13,-0.41056113236800584
77,2,120.0,37,0.3981152570185529
77,2,250.0,3,1.8325539159637216
77,2,250.0,6,0.2124761071121526
77,2,250.0,7,0.45403027945465624
77,2,250.0,10,-0.41257741410796456
77,2,250.0,12,-0.3714217680781502
77,2,250.0,13,-0.38822745337872533
77,2,250.0,37,0.37392329292799076
77,3,10.0,0,0.8859915187842482
77,3,10.0,1,-0.7748283417229338
77,3,10.0,2,-0.380043683262258
77,3,10.0,4,-0.8960518014615033
77,3,10.0,16,0.49919667952951485
77,3,10.0,34,-0.22172686374175044
77,3,10.0,35,0.63227975914387
77,3,10.0,36,1.2460796283818816
77,3,25.0,0,0.9007986158183989
77,3,25.0,1,-0.7682653344855765
77,3,25.0,2,-0.36845751188640463
77,3,25.0,4,-0.9949968846508384
77,3,25.0,16,0.40275146828385644
77,3,25.0,34,-0.4585733263291303
77,3,25.0,35,0.32505816067517657
77,3,25.0,36,1.1174579529212814
77,3,60.0,0,0.8986611486734013
77,3,60.0,1,-0.7284615816594098
77,3,60.0,2,-0.32116675040679965
77,3,60.0,4,-1.2916070466894212
77,3,60.0,16,0.2520812134687027
77,3,60.0,34,-0.8956210416783996
77,3,60.0,35,-0.13021389892178803
77,3,60.0,36,0.8014337134804421
77,3,120.0,0,0.8881013223941245
77,3,120.0,1,-0.7073221435180876
77,3,120.0,2,-0.29825318866451056
77,3,120.0,4,-1.4579722168080878
77,3,120.0,16,0.17506806942759923
77,3,120.0,34,-1.1100674507308028
77,3,120.0,35,-0.34249966835954737
77,3,120.0,36,0.6402509240090275
77,3,250.0,0,0.8826916555159698
77,3,250.0,1,-0.7004392552645164
77,3,250.0,2,-0.29084963222050675
77,3,250.0,4,-1.5193149919957847
77,3,250.0,16,0.14698814160536955
77,3,250.0,34,-1.1863114407262252
77,3,250.0,35,-0.41729851460085143
77,3,250.0,36,0.5825762957711547
77,4,10.0,11,-0.2411264211735542
77,4,10.0,26,0.2801878190463398
77,4,10.0,27,-0.1203869467841514
77,4,10.0,29,-0.027169496063578435
77,4,10.0,30,2.012272567782798
77,4,10.0,31,-0.07699792408610762
77,4,25.0,11,-0.14982802236835724
77,4,25.0,26,0.3108109459229773
77,4,25.0,27,-0.1094201301797284
77,4,25.0,29,-0.08282673895781656
77,4,25.0,30,2.088261784860805
77,4,25.0,31,-0.1287926939509063
77,4,60.0,11,-0.008012335879712396
77,4,60.0,26,0.4404581624148811
77,4,60.0,27,-0.004439764841205118
77,4,60.0,29,-0.1927923396435034
77,4,60.0,30,2.306073317055045
77,4,60.0,31,-0.23733410192372872
77,4,120.0,11,0.046181439509688005
77,4,120.0,26,0.5445537314764941
77,4,120.0,27,0.10177884759160705
77,4,120.0,29,-0.23960034322394463
77,4,120.0,30,2.4502618011830783
77,4,120.0,31,-0.2842712890958481
77,4,250.0,11,0.06380068014020068
77,4,250.0,26,0.5910931564945372
77,4,250.0,27,0.15198837161224432
77,4,250.0,29,-0.2543726847087129
77,4,250.0,30,2.5107211239194704
77,4,250.0,31,-0.29914069547730904
79,0,10.0,20,-0.1787693594339963
79,0,10.0,22,0.10480564936535686
79,0,10.0,23,-0.17360113656700804
79,0,10.0,25,0.4673059662769319
79,0,10.0,28,-0.015651101474745133
79,0,10.0,32,-0.12540702190357678
79,0,10.0,38,-1.4110471926485886
79,0,25.0,20,-0.220438445855887
79,0,25.0,22,0.10521559817663828
79,0,25.0,23,-0.3299938024892626
79,0,25.0,25,0.4451912112547447
79,0,25.0,28,-0.05471610980973196
79,0,25.0,32,-0.1625661300022898
79,0,25.0,38,-1.2981925335599236
79,0,60.0,20,-0.31200479502512124
79,0,60.0,22,0.11778135476692242
79,0,60.0,23,-0.5114087810912515
79,0,60.0,25,0.386251935103644
79,0,60.0,28,-0.21924585643019867
79,0,60.0,32,-0.3239260013877896
79,0,60.0,38,-1.1794365937986733
79,0,120.0,20,-0.34482802702290627
79,0,120.0,22,0.14193605612841864
79,0,120.0,23,-0.5859071614411349
79,0,120.0,25,0.36687492757421936
79,0,120.0,28,-0.3201304591188858
79,0,120.0,32,-0.42342992033327675
79,0,120.0,38,-1.134584170374783
79,0,250.0,20,-0.35185284144109374
79,0,250.0,22,0.15690650606084233
79,0,250.0,23,-0.6104828927799844
79,0,250.0,25,0.3639172615214328
79,0,250.0,28,-0.35826042473701847
79,0,250.0,32,-0.46108667407653314
79,0,250.0,38,-1.1196779866211735
79,1,10.0,8,-0.5159015788853694
79,1,10.0,9,0.7054562542755676
79,1,10.0,15,0.18324412861792538
79,1,10.0,17,-0.5792038282978247
79,1,10.0,18,-1.114686464477245
79,1,10.0,19,-0.4867299848497737
79,1,10.0,24,1.1213379467674187
79,1,10.0,33,0.3710202299237295
79,1,25.0,8,-0.5416029294868352
79,1,25.0,9,0.6466632137996484
79,1,25.0,15,0.1629808943199471
79,1,25.0,17,-0.5224800461092727
79,1,25.0,18,-1.0527787135954654
79,1,25.0,19,-0.4325849485820008
79,1,25.0,24,1.1538064782126192
79,1,25.0,33,0.39360188326030254
79,1,60.0,8,-0.5563475765844501
79,1,60.0,9,0.5914195211425408
79,1,60.0,15,0.10773047321756835
79,1,60.0,17,-0.39434906910084067
79,1,60.0,18,-0.9108027051614016
79,1,60.0,19,-0.26970451573566123
79,1,60.0,24,1.1445543679466255
79,1,60.0,33,0.43885584565973446
79,1,120.0,8,-0.5480851556309503
79,1,120.0,9,0.5846303818121044
79,1,120.0,15,0.0751174666361969
79,1,120.0,17,-0.3292949595826613
79,1,120.0,18,-0.8383033157640511
79,1,120.0,19,-0.17625743106259506
79,1,120.0,24,1.132973424962337
79,1,120.0,33,0.4657554058813673
79,1,250.0,8,-0.543102393145638
79,1,250.0,9,0.5846133287590263
79,1,250.0,15,0.06318089971238905
79,1,250.0,17,-0.3053634842290336
79,1,250.0,18,-0.8116150713430557
79,1,250.0,19,-0.14075253493859563
79,1,250.0,24,1.1290390413440008
79,1,250.0,33,0.47669001250539367
79,2,10.0,3,1.0545810220403453
79,2,10.0,6,-0.28675009510486404
79,2,10.0,7,-1.1886368760061998
79,2,10.0,10,-0.0634932701974904
79,2,10.0,12,0.10945581997107467
79,2,10.0,13,0.3128417186448935
79,2,10.0,14,0.06625611603762849
79,2,10.0,37,-1.2075343210141867
79,2,25.0,3,1.0609232545085767
79,2,25.0,6,-0.23765859306256942
79,2,25.0,7,-1.1668163948977934
79,2,25.0,10,-0.09728814397973196
79,2,25.0,12,0.07349831939723472
79,2,25.0,13,0.29442084731061513
79,2,25.0,14,0.03327588569953832
79,2,25.0,37,-1.1775750124256774
79,2,60.0,3,1.1024310087824638
79,2,60.0,6,-0.07489536855126744
79,2,60.0,7,-1.0508165669274305
79,2,60.0,10,-0.20822240597311037
79,2,60.0,12,-0.06067936255441708
79,2,60.0,13,0.21128989696982003
79,2,60.0,14,-0.03124650653074923
79,2,60.0,37,-1.0398910094299296
79,2,120.0,3,1.1168967923041286
79,2,120.0,6,0.0337995136322391
79,2,120.0,7,-0.9576421313533672
79,2,120.0,10,-0.282366378188172
79,2,120.0,12,-0.14931378542654627
79,2,120.0,13,0.14241907809818954
79,2,120.0,14,-0.08039467884228202
79,2,120.0,37,-0.935556385579261
79,2,250.0,3,1.1170063816619589
79,2,250.0,6,0.0800318680282075
79,2,250.0,7,-0.9157235117931464
79,2,250.0,10,-0.31339608477472325
79,2,250.0,12,-0.1844162042595876
79,2,250.0,13,0.11199479645286559
79,2,250.0,14,-0.10243690838959196
79,2,250.0,37,-0.8894779699753599
79,3,10.0,0,-0.4469012153484542
79,3,10.0,1,0.4931724557319477
79,3,10.0,2,1.0493728701870246
79,3,10.0,4,-1.0628025328150912
79,3,10.0,16,-0.011181045511207799
79,3,10.0,34,0.15256435603819085
79,3,10.0,35,-0.03844879628010034
79,3,10.0,36,-0.22797000323226513
79,3,25.0,0,-0.1270389750195875
79,3,25.0,1,0.45475389972402525
79,3,25.0,2,0.9875120290025912
79,3,25.0,4,-0.9897749717941622
79,3,25.0,16,0.07729281438570723
79,3,25.0,34,0.11437659126503519
79,3,25.0,35,-0.08661202552534064
79,3,25.0,36,-0.2565317147730326
79,3,60.0,0,0.22222967280876915
79,3,60.0,1,0.36011814220590566
79,3,60.0,2,0.8815061517095053
79,3,60.0,4,-0.7824117432022817
79,3,60.0,16,0.16128291075946066
79,3,60.0,34,0.018463395501257196
79,3,60.0,35,-0.17291480678686355
79,3,60.0,36,-0.34758618996610124
79,3,120.0,0,0.3587132755747824
79,3,120.0,1,0.31365319072760656
79,3,120.0,2,0.8332184190711374
79,3,120.0,4,-0.6690936280051503
79,3,120.0,16,0.18563136456869955
79,3,120.0,34,-0.04087334616661309
79,3,120.0,35,-0.22294814241926275
79,3,120.0,36,-0.40443255795128863
79,3,250.0,0,0.40400307346553177
79,3,250.0,1,0.29705542231086923
79,3,250.0,2,0.8161962478728846
79,3,250.0,4,-0.6275110640710508
79,3,250.0,16,0.19272577272137426
79,3,250.0,34,-0.06386603698708626
79,3,250.0,35,-0.24226045446140887
79,3,250.0,36,-0.4266789802059421
79,4,10.0,5,-0.32302031997776837
79,4,10.0,11,0.09838395890581353
79,4,10.0,26,0.7040265278965947
79,4,10.0,27,1.7225220315720158
79,4,10.0,29,-0.18901063832041132
79,4,10.0,30,1.3106790132895547
79,4,10.0,31,-0.2836820570566019
79,4,25.0,5,-0.1354070622053989
79,4,25.0,11,0.051499993105110775
79,4,25.0,26,0.6870547993402027
79,4,25.0,27,1.7129342123853561
79,4,25.0,29,-0.18592079483580193
79,4,25.0,30,1.3092135277373984
79,4,25.0,31,-0.2805840671026374
79,4,60.0,5,0.12399903711639837
79,4,60.0,11,-0.032573577386777686
79,4,60.0,26,0.609436502039614
79,4,60.0,27,1.6444452806106646
79,4,60.0,29,-0.18794163262784025
79,4,60.0,30,1.273244505783957
79,4,60.0,31,-0.2820432418300314
79,4,120.0,5,0.2386696991038768
79,4,120.0,11,-0.0664728647586017
79,4,120.0,26,0.5474308692740806
79,4,120.0,27,1.5843205812435706
79,4,120.0,29,-0.19262500587568354
79,4,120.0,30,1.2284162127691651
79,4,120.0,31,-0.28647956888272574
79,4,250.0,5,0.27900169826360965
79,4,250.0,11,-0.07774451540807092
79,4,250.0,26,0.5199974377596881
79,4,250.0,27,1.557151146262246
79,4,250.0,29,-0.19548712218370667
79,4,250.0,30,1.2059448358777942
79,4,250.0,31,-0.28925169208416435
88,0,10.0,20,1.974196789205358
88,0,10.0,21,0.244877246338163
88,0,10.0,22,1.4644487879301593
88,0,10.0,23,-0.44315377115489696
88,0,10.0,25,0.7379458827822845
88,0,10.0,28,0.39051069957452356
88,0,10.0,38,-1.2342879472107988
88,0,25.0,20,1.9538377486342
88,0,25.0,21,0.27362559168766865
88,0,25.0,22,1.4775975508972365
88,0,25.0,23,-0.5496668876486197
88,0,25.0,25,0.7251433051817955
88,0,25.0,28,0.4664732804324139
88,0,25.0,38,-1.3510241252429331
88,0,60.0,20,1.9233060235266883
88,0,60.0,21,0.3266042773403015
88,0,60.0,22,1.5117181567051716
88,0,60.0,23,-0.6303366756516944
88,0,60.0,25,0.6953999950789687
88,0,60.0,28,0.43636785268122225
88,0,60.0,38,-1.4145253237761892
88,0,120.0,20,1.9184016471292722
88,0,120.0,21,0.3558403764779996
88,0,120.0,22,1.5358175517125972
88,0,120.0,23,-0.6536652420425426
88,0,120.0,25,0.6908388785362334
88,0,120.0,28,0.39797507690928313
88,0,120.0,38,-1.4293281586035462
88,0,250.0,20,1.9191964858279214
88,0,250.0,21,0.36804572036650995
88,0,250.0,22,1.5468893186945607
88,0,250.0,23,-0.6604832118060315
88,0,250.0,25,0.6922607070474491
88,0,250.0,28,0.38294307447121767
88,0,250.0,38,-1.4334590258339972
88,1,10.0,8,-0.47354661875499815
88,1,10.0,9,-0.25675908389403546
88,1,10.0,17,1.0541036537815565
88,1,10.0,18,0.6883400902759362
88,1,10.0,19,0.2310075365611084
88,1,10.0,24,0.2665475266966446
88,1,10.0,33,0.006332402811317195
88,1,25.0,8,-0.4597854487962785
88,1,25.0,9,-0.23691342648628932
88,1,25.0,17,1.0321065471506223
88,1,25.0,18,0.6749363661295469
88,1,25.0,19,0.20762329980534489
88,1,25.0,24,0.2641030470547996
88,1,25.0,33,0.09989911025584775
88,1,60.0,8,-0.42179335722500966
88,1,60.0,9,-0.19820337561919388
88,1,60.0,17,1.0330008243308164
88,1,60.0,18,0.6821270658402128
88,1,60.0,19,0.20631308093760126
88,1,60.0,24,0.17946055352937051
88,1,60.0,33,0.16793714883956312
88,1,120.0,8,-0.4047486279662884
88,1,120.0,9,-0.18199085400717863
88,1,120.0,17,1.0390459146664277
88,1,120.0,18,0.6900787182805139
88,1,120.0,19,0.21301503899591978
88,1,120.0,24,0.14455342357046774
88,1,120.0,33,0.1886353813440671
88,1,250.0,8,-0.39902987681493585
88,1,250.0,9,-0.1766237469708436
88,1,250.0,17,1.0418163712743969
88,1,250.0,18,0.6934436461104134
88,1,250.0,19,0.21620738677605544
88,1,250.0,24,0.13321390707172753
88,1,250.0,33,0.19513347364060252
88,2,10.0,6,0.3334349535691459
88,2,10.0,7,-0.532518733975138
88,2,10.0,10,-0.3032951457986144
88,2,10.0,12,-0.009940336022520313
88,2,10.0,13,0.0591393008583978
88,2,10.0,14,-0.4818908541750062
88,2,10.0,37,-0.9095552525447488
88,2,25.0,6,0.5187117003876054
88,2,25.0,7,-0.44307285535114005
88,2,25.0,10,-0.2767759309268456
88,2,25.0,12,-0.015051063773004358
88,2,25.0,13,0.053876167483366544
88,2,25.0,14,-0.49630443328812035
88,2,25.0,37,-0.7952460255688791
88,2,60.0,6,0.8522747743769372
88,2,60.0,7,-0.19019580310452966
88,2,60.0,10,-0.2589380373527561
88,2,60.0,12,-0.037617624706744124
88,2,60.0,13,-0.017740256374800367
88,2,60.0,14,-0.6078940584656536
88,2,60.0,37,-0.5049690122825155
88,2,120.0,6,1.010989544976205
88,2,120.0,7,-0.05225328216549485
88,2,120.0,10,-0.2851550509189664
88,2,120.0,12,-0.06808408222933338
88,2,120.0,13,-0.10447648859046055
88,2,120.0,14,-0.7213157451845724
88,2,120.0,37,-0.35305488061005263
88,2,250.0,6,1.0672915381926273
88,2,250.0,7,-0.0016980414163896285
88,2,250.0,10,-0.30469395823223167
88,2,250.0,12,-0.08444957505003714
88,2,250.0,13,-0.14995363113362714
88,2,250.0,14,-0.7778705740484
88,2,250.0,37,-0.29794637647211175
88,3,10.0,0,1.0290585943719535
88,3,10.0,1,-0.5091872889916971
88,3,10.0,2,-0.3007298566601193
88,3,10.0,4,-0.4263115369182202
88,3,10.0,16,0.3233434460697211
88,3,10.0,34,0.5003805030720763
88,3,10.0,35,-0.46051633516457
88,3,10.0,36,-0.3120304983226596
88,3,25.0,0,1.1602581227192843
88,3,25.0,1,-0.4960427070271045
88,3,25.0,2,-0.25757629612235533
88,3,25.0,4,-0.4776470676008735
88,3,25.0,16,0.1394141101948847
88,3,25.0,34,0.5424137387607999
88,3,25.0,35,-0.4312801334531997
88,3,25.0,36,-0.3030846230092301
88,3,60.0,0,1.213984984845304
88,3,60.0,1,-0.4770256660431009
88,3,60.0,2,-0.2011075010329897
88,3,60.0,4,-0.59382598087101
88,3,60.0,16,-0.09610177791400787
88,3,60.0,34,0.5602766839720665
88,3,60.0,35,-0.41548096949101065
88,3,60.0,36,-0.29694074859625985
88,3,120.0,0,1.2250456284437305
88,3,120.0,1,-0.4702971753001428
88,3,120.0,2,-0.1815967855410605
88,3,120.0,4,-0.6509856421105802
88,3,120.0,16,-0.1898588356679518
88,3,120.0,34,0.5564145745993336
88,3,120.0,35,-0.41637618699900614
88,3,120.0,36,-0.30110629861234983
88,3,250.0,0,1.2280374379476058
88,3,250.0,1,-0.46821070546847565
88,3,250.0,2,-0.1755664637468577
88,3,250.0,4,-0.6713115328207309
88,3,250.0,16,-0.22157044436975326
88,3,250.0,34,0.5538419189047943
88,3,250.0,35,-0.41768161772770895
88,3,250.0,36,-0.3038549803510051
88,4,10.0,5,-0.022779589272779788
88,4,10.0,11,0.06978058388180486
88,4,10.0,26,0.41894347945154564
88,4,10.0,27,0.0607979640034948
88,4,10.0,29,-0.5845028810048731
88,4,10.0,30,1.1926090238822447
88,4,10.0,31,0.2249494249951809
88,4,25.0,5,0.1481938877517841
88,4,25.0,11,0.13674914265132898
88,4,25.0,26,0.4186092508555177
88,4,25.0,27,0.05340075117511134
88,4,25.0,29,-0.6526891386684568
88,4,25.0,30,1.1678526036671606
88,4,25.0,31,0.159288313952878
88,4,60.0,5,0.32754626796073794
88,4,60.0,11,0.19801890876352957
88,4,60.0,26,0.37378713404770636
88,4,60.0,27,-0.019266960727538418
88,4,60.0,29,-0.7542408289458216
88,4,60.0,30,1.0626572749474015
88,4,60.0,31,0.05824165433627826
88,4,120.0,5,0.38749887181620224
88,4,120.0,11,0.2151722656022308
88,4,120.0,26,0.3196910004420559
88,4,120.0,27,-0.09559169572383652
88,4,120.0,29,-0.796290003509533
88,4,120.0,30,0.9772819748881005
88,4,120.0,31,0.01594528294905473
88,4,250.0,5,0.4060488948377632
88,4,250.0,11,0.22015355030035266
88,4,250.0,26,0.2930001215970748
88,4,250.0,27,-0.13227967473144275
88,4,250.0,29,-0.8108899036950667
88,4,250.0,30,0.9387757654386064
88,4,250.0,31,0.0012177849995040901
91,0,10.0,20,-0.1857143512828614
91,0,10.0,21,0.5884949969700912
91,0,10.0,23,0.5816692995657107
91,0,10.0,25,1.4337408756108658
91,0,10.0,28,0.1594177208865446
91,0,10.0,32,0.14868401931590824
91,0,10.0,38,0.6155983270494012
91,0,25.0,20,-0.1884111221336724
91,0,25.0,21,0.5862410812911492
91,0,25.0,23,0.5747056383939153
91,0,25.0,25,1.4315597984779735
91,0,25.0,28,0.10776477652717631
91,0,25.0,32,0.09762595974248
91,0,25.0,38,0.9323048296795662
91,0,60.0,20,-0.20433766833028244
91,0,60.0,21,0.5933888724615812
91,0,60.0,23,0.5470573664186773
91,0,60.0,25,1.4156292491807925
91,0,60.0,28,-0.04532034944391228
91,0,60.0,32,-0.053951119046793394
91,0,60.0,38,1.241515581573367
91,0,120.0,20,-0.20814080536401036
91,0,120.0,21,0.6118520414826989
91,0,120.0,23,0.5304833440804799
91,0,120.0,25,1.412939255856795
91,0,120.0,28,-0.13398395418081321
91,0,120.0,32,-0.14187595867442582
91,0,120.0,38,1.3503186564332275
91,0,250.0,20,-0.2054007554251669
91,0,250.0,21,0.6242712833277508
91,0,250.0,23,0.5254665712780238
91,0,250.0,25,1.4168496523570617
91,0,250.0,28,-0.16716677534488156
91,0,250.0,32,-0.17479747852839012
91,0,250.0,38,1.3853215154271048
91,1,10.0,8,-0.8031383104476504
91,1,10.0,9,-0.6684754419566659
91,1,10.0,15,0.2994619614590768
91,1,10.0,17,-0.7101746529409496
91,1,10.0,18,-0.26780577875862477
91,1,10.0,19,0.08173031586370882
91,1,10.0,33,0.8524899637851497
91,1,25.0,8,-0.7474327642748264
91,1,25.0,9,-0.600786563644327
91,1,25.0,15,0.2098636860957619
91,1,25.0,17,-0.6495458123888618
91,1,25.0,18,-0.20201189740086534
91,1,25.0,19,0.12844129056781028
91,1,25.0,33,0.7987758368781641
91,1,60.0,8,-0.5781008037873683
91,1,60.0,9,-0.41971150084881614
91,1,60.0,15,0.10679635031885581
91,1,60.0,17,-0.495489628802229
91,1,60.0,18,-0.04316452168352569
91,1,60.0,19,0.2703737441127281
91,1,60.0,33,0.712601169325179
91,1,120.0,8,-0.48819156420174536
91,1,120.0,9,-0.3275463781340697
91,1,120.0,15,0.06792739165960882
91,1,120.0,17,-0.41910550881410913
91,1,120.0,18,0.03415504650908474
91,1,120.0,19,0.34452745317522826
91,1,120.0,33,0.6773902515800856
91,1,250.0,8,-0.45613036591113953
91,1,250.0,9,-0.2950501467272595
91,1,250.0,15,0.05553360144684305
91,1,250.0,17,-0.3917935792083185
91,1,250.0,18,0.06166842801454564
91,1,250.0,19,0.37148235750433045
91,1,250.0,33,0.6660680209292735
91,2,10.0,3,-0.27305183633063024
91,2,10.0,6,-0.6814225885009435
91,2,10.0,7,0.1334110700334321
91,2,10.0,10,-0.40745043094470645
91,2,10.0,12,0.256918965452023
91,2,10.0,13,0.16506009885063833
91,2,10.0,14,0.6749785410414866
91,2,10.0,37,-0.6389671557691159
91,2,25.0,3,-0.2679360602512979
91,2,25.0,6,-0.6554345556783474
91,2,25.0,7,0.14196664008559168
91,2,25.0,10,-0.3604152058552934
91,2,25.0,12,0.26054348372917246
91,2,25.0,13,0.15248369644023185
91,2,25.0,14,0.6311580049537504
91,2,25.0,37,-0.6288283969136899
91,2,60.0,3,-0.21505010084240084
91,2,60.0,6,-0.5429582448498422
91,2,60.0,7,0.20652921575025118
91,2,60.0,10,-0.2762010771298762
91,2,60.0,12,0.2442906835509291
91,2,60.0,13,0.14182185426676241
91,2,60.0,14,0.5983649643433786
91,2,60.0,37,-0.5600265325913014
91,2,120.0,3,-0.1670975864804234
91,2,120.0,6,-0.4724702609377758
91,2,120.0,7,0.2554539807309837
91,2,120.0,10,-0.2369499349818227
91,2,120.0,12,0.2291345676498011
91,2,120.0,13,0.14264307271525567
91,2,120.0,14,0.5943816127038737
91,2,120.0,37,-0.5087722936711003
91,2,250.0,3,-0.1457778395952012
91,2,250.0,6,-0.4451331008028845
91,2,250.0,7,0.2755850233172268
91,2,250.0,10,-0.2222967384697796
91,2,250.0,12,0.22347463677452595
91,2,250.0,13,0.14454062829923942
91,2,250.0,14,0.5951301635889017
91,2,250.0,37,-0.4877196393587866
91,3,10.0,0,-0.38399434702228064
91,3,10.0,1,-0.43790725484279136
91,3,10.0,2,-0.36610949952604344
91,3,10.0,4,-1.4164233987871597
91,3,10.0,16,0.14500249003793897
91,3,10.0,34,-0.5077664124349752
91,3,10.0,35,0.348426639898225
91,3,10.0,36,0.7753623659501834
91,3,25.0,0,-0.2850729836812995
91,3,25.0,1,-0.3573465446089905
91,3,25.0,2,-0.2776450886557491
91,3,25.0,4,-1.3857005360221208
91,3,25.0,16,0.15666861226933193
91,3,25.0,34,-0.603957840451514
91,3,25.0,35,0.22036318953399103
91,3,25.0,36,0.7012291712649237
91,3,60.0,0,-0.09534916190786547
91,3,60.0,1,-0.05229826744155375
91,3,60.0,2,-0.0015941128717784636
91,3,60.0,4,-1.301962689439332
91,3,60.0,16,0.11179799240185773
91,3,60.0,34,-0.8294941613464957
91,3,60.0,35,-0.011867760196626165
91,3,60.0,36,0.4610777120267997
91,3,120.0,0,-0.011312893613400377
91,3,120.0,1,0.12391619251209463
91,3,120.0,2,0.15582909246155197
91,3,120.0,4,-1.2638513397134972
91,3,120.0,16,0.0751598494617376
91,3,120.0,34,-0.9665479843015632
91,3,120.0,35,-0.1458137327255038
91,3,120.0,36,0.30896592416128144
91,3,250.0,0,0.017041552791809522
91,3,250.0,1,0.1887991388512198
91,3,250.0,2,0.2139199747728
91,3,250.0,4,-1.2516934045467067
91,3,250.0,16,0.06031153313431403
91,3,250.0,34,-1.0199432319818555
91,3,250.0,35,-0.19761809729282476
91,3,250.0,36,0.24915958554974793
91,4,10.0,5,-2.8232095063579834
91,4,10.0,11,-0.24299328486920757
91,4,10.0,26,-0.30936835211672076
91,4,10.0,27,1.5830318426065553
91,4,10.0,29,0.09080831891232322
91,4,10.0,30,0.7565668406899206
91,4,10.0,31,1.0345103457276785
91,4,25.0,5,-2.7753082870700574
91,4,25.0,11,-0.16400727398468717
91,4,25.0,26,-0.3319359961846189
91,4,25.0,27,1.5743106322723825
91,4,25.0,29,0.06468641011085197
91,4,25.0,30,0.7491521202436431
91,4,25.0,31,1.0092788558791348
91,4,60.0,5,-2.631280257514195
91,4,60.0,11,-0.08507612099813855
91,4,60.0,26,-0.4323489076760296
91,4,60.0,27,1.4878542488201667
91,4,60.0,29,-0.010755682398439603
91,4,60.0,30,0.6877074751392911
91,4,60.0,31,0.9340578343944692
91,4,120.0,5,-2.556945185120309
91,4,120.0,11,-0.06458213251226397
91,4,120.0,26,-0.5195214062990772
91,4,120.0,27,1.395817639662237
91,4,120.0,29,-0.057329376993607184
91,4,120.0,30,0.6153192341764537
91,4,120.0,31,0.8874516599456577
91,4,250.0,5,-2.5308607521153412
91,4,250.0,11,-0.059490188428284796
91,4,250.0,26,-0.5606042258947923
91,4,250.0,27,1.3504801884138402
91,4,250.0,29,-0.07630521159655501
91,4,250.0,30,0.5782034135520036
91,4,250.0,31,0.8684662057271133
92,0,10.0,20,0.9713807648203243
92,0,10.0,21,0.8669614997134687
92,0,10.0,22,1.5384410290749564
92,0,10.0,23,1.4846876779737421
92,0,10.0,25,2.766773766157961
92,0,10.0,28,-0.03961818484540203
92,0,10.0,32,0.2943219437174136
92,0,10.0,38,0.7659347035229551
92,0,25.0,20,0.7611778175229524
92,0,25.0,21,0.7885837283288453
92,0,25.0,22,1.4730404908106003
92,0,25.0,23,0.9375700109348806
92,0,25.0,25,2.684519081022721
92,0,25.0,28,-0.03604779169562278
92,0,25.0,32,0.2980551517607921
92,0,25.0,38,0.6515522241590439
92,0,60.0,20,0.099539345105228
92,0,60.0,21,0.3208619191188333
92,0,60.0,22,0.9999135015576037
92,0,60.0,23,0.28175640603262053
92,0,60.0,25,2.290050053054575
92,0,60.0,28,-0.0777250578428621
92,0,60.0,32,0.2572836077788594
92,0,60.0,38,0.5115183581809397
92,0,120.0,20,-0.40909341909730657
92,0,120.0,21,-0.157462990146513
92,0,120.0,22,0.48853908814372105
92,0,120.0,23,-0.007517405570677482
92,0,120.0,25,1.938855105424313
92,0,120.0,28,-0.116130545273748
92,0,120.0,32,0.21952096189051673
92,0,120.0,38,0.447455396802269
92,0,250.0,20,-0.6503967375726702
92,0,250.0,21,-0.4065807156675376
92,0,250.0,22,0.21830599010932517
92,0,250.0,23,-0.1135313190217957
92,0,250.0,25,1.764550633885019
92,0,250.0,28,-0.13207933440842368
92,0,250.0,32,0.20381824811449434
92,0,250.0,38,0.42267726652974247
92,1,10.0,8,0.5542278046527542
92,1,10.0,9,0.9658102305787679
92,1,10.0,15,-0.2729173556454896
92,1,10.0,17,-1.234974513337253
92,1,10.0,18,-0.8096646778405017
92,1,10.0,19,1.4303904434880366
92,1,10.0,24,2.848915625817849
92,1,10.0,33,0.6443818623964503
92,1,25.0,8,0.3310342840913947
92,1,25.0,9,0.7016777837382691
92,1,25.0,15,-0.3701549389249692
92,1,25.0,17,-1.2364956961434785
92,1,25.0,18,-0.8180800555073517
92,1,25.0,19,1.4365537933813783
92,1,25.0,24,2.45516696544372
92,1,25.0,33,0.6683670299277829
92,1,60.0,8,-0.12877944710434974
92,1,60.0,9,0.26550595508692965
92,1,60.0,15,-0.4808719979569389
92,1,60.0,17,-1.2686459276442825
92,1,60.0,18,-0.8546180310174982
92,1,60.0,19,1.4135113473293082
92,1,60.0,24,1.9103993331754694
92,1,60.0,33,0.6850852960948259
92,1,120.0,8,-0.35164756480190107
92,1,120.0,9,0.06718416150424389
92,1,120.0,15,-0.533319252781439
92,1,120.0,17,-1.2885525679281429
92,1,120.0,18,-0.8747044179404853
92,1,120.0,19,1.3980476234316725
92,1,120.0,24,1.6761581164199093
92,1,120.0,33,0.6896437436735425
92,1,250.0,8,-0.430150686642385
92,1,250.0,9,-0.0017874936989628054
92,1,250.0,15,-0.5523613581109572
92,1,250.0,17,-1.2963527557418217
92,1,250.0,18,-0.8823739125213521
92,1,250.0,19,1.3918602812946226
92,1,250.0,24,1.5963848835354355
92,1,250.0,33,0.6907037078767431
92,2,10.0,3,-0.4488764735613344
92,2,10.0,6,1.0176912271664165
92,2,10.0,7,0.5798770669336051
92,2,10.0,10,0.6148011335281538
92,2,10.0,12,1.0491206572060676
92,2,10.0,13,1.0763553688458138
92,2,10.0,14,0.6119213615744243
92,2,25.0,3,-0.4304978390283445
92,2,25.0,6,0.9502247466228937
92,2,25.0,7,0.5131367828125093
92,2,25.0,10,0.37554792693171635
92,2,25.0,12,0.8865282396980803
92,2,25.0,13,1.0386850096038494
92,2,25.0,14,0.6231328240804075
92,2,60.0,3,-0.39352950302974676
92,2,60.0,6,0.644947345067429
92,2,60.0,7,0.17505599253905046
92,2,60.0,10,-0.018232037031687298
92,2,60.0,12,0.45215615014284083
92,2,60.0,13,0.8357314849082691
92,2,60.0,14,0.5288382736304413
92,2,120.0,3,-0.42418718418719337
92,2,120.0,6,0.39854524705197747
92,2,120.0,7,-0.09411626415110419
92,2,120.0,10,-0.21937530381315895
92,2,120.0,12,0.21562483993509574
92,2,120.0,13,0.6796629019595137
92,2,120.0,14,0.43435353746706795
92,2,250.0,3,-0.45072592329849925
92,2,250.0,6,0.2895814752023753
92,2,250.0,7,-0.21223456544230856
92,2,250.0,10,-0.29738820801619426
92,2,250.0,12,0.12678765877376463
92,2,250.0,13,0.612689116698963
92,2,250.0,14,0.39100476581194954
92,3,10.0,0,0.19493781961361378
92,3,10.0,1,1.0194855486629528
92,3,10.0,2,1.1648749133683332
92,3,10.0,4,0.6450063150150136
92,3,10.0,16,-0.2742595569231945
92,3,10.0,35,-0.09494837171644122
92,3,10.0,36,0.2746413426562775
92,3,25.0,0,0.03406920147012471
92,3,25.0,1,0.8941400194605791
92,3,25.0,2,0.9596189118298355
92,3,25.0,4,0.7076205608813169
92,3,25.0,16,-0.2602877555003964
92,3,25.0,35,-0.23759293413576188
92,3,25.0,36,0.18661557912146876
92,3,60.0,0,-0.1074187850425048
92,3,60.0,1,0.5159768726745924
92,3,60.0,2,0.5650750787392091
92,3,60.0,4,0.8879051497693027
92,3,60.0,16,-0.2513187582129177
92,3,60.0,35,-0.41456314661733273
92,3,60.0,36,0.03929048996024065
92,3,120.0,0,-0.16347543912611684
92,3,120.0,1,0.3002790136710516
92,3,120.0,2,0.3659389679849383
92,3,120.0,4,0.9930937246370348
92,3,120.0,16,-0.2520814616817084
92,3,120.0,35,-0.4862765092670429
92,3,120.0,36,-0.02227906893842757
92,3,250.0,0,-0.18261408895795483
92,3,250.0,1,0.2196732312084464
92,3,250.0,2,0.29333106440589773
92,3,250.0,4,1.0323674913370873
92,3,250.0,16,-0.25278007857811957
92,3,250.0,35,-0.51022811149398
92,3,250.0,36,-0.04286229965019217
92,4,10.0,5,-0.814774854482522
92,4,10.0,11,1.7021410362443383
92,4,10.0,26,0.7846039945520538
92,4,10.0,27,0.7739410690130448
92,4,10.0,29,-0.08987688240141978
92,4,10.0,30,-0.1578996489830473
92,4,10.0,31,0.006813648274018647
92,4,25.0,5,-1.0124877641081298
92,4,25.0,11,1.428947244512397
92,4,25.0,26,0.6512669971380909
92,4,25.0,27,0.7042870344033965
92,4,25.0,29,-0.14947009376478348
92,4,25.0,30,-0.15907972666811077
92,4,25.0,31,-0.04705819454051152
92,4,60.0,5,-1.3972007807061253
92,4,60.0,11,1.0390848025540116
92,4,60.0,26,0.18380712904511043
92,4,60.0,27,0.3082258138827392
92,4,60.0,29,-0.2734754954796017
92,4,60.0,30,-0.33270273035265774
92,4,60.0,31,-0.16752060894771859
92,4,120.0,5,-1.5842321666065615
92,4,120.0,11,0.8866994049761523
92,4,120.0,26,-0.14452753321895884
92,4,120.0,27,-0.007889743088870915
92,4,120.0,29,-0.349776271802817
92,4,120.0,30,-0.5501311764088115
92,4,120.0,31,-0.2430796541504705
92,4,250.0,5,-1.6499817678499582
92,4,250.0,11,0.8362716574329561
92,4,250.0,26,-0.28346281224121483
92,4,250.0,27,-0.14561330805803507
92,4,250.0,29,-0.38114876231606587
92,4,250.0,30,-0.657289185519538
92,4,250.0,31,-0.274249770696521
94,0,10.0,20,2.022686283905969
94,0,10.0,21,1.72921263250689
94,0,10.0,22,2.2194459798003123
94,0,10.0,23,-0.19139408727324536
94,0,10.0,25,2.2139459958776975
94,0,10.0,28,-0.9521104602851871
94,0,10.0,32,-1.4058932199680108
94,0,10.0,38,-1.3127802016676107
94,0,25.0,20,1.9759181411712028
94,0,25.0,21,1.7208077345212196
94,0,25.0,22,2.2089403284113835
94,0,25.0,23,-0.3078412016552221
94,0,25.0,25,2.189490497316168
94,0,25.0,28,-0.8872234798021132
94,0,25.0,32,-1.3384173189212625
94,0,25.0,38,-1.4007376730414371
94,0,60.0,20,1.8635318237442
94,0,60.0,21,1.679525911851652
94,0,60.0,22,2.1556380973358458
94,0,60.0,23,-0.3303506292518996
94,0,60.0,25,2.108848078014926
94,0,60.0,28,-0.7553049034342578
94,0,60.0,32,-1.2055903388714917
94,0,60.0,38,-1.4355191210659832
94,0,120.0,20,1.8113056343877894
94,0,120.0,21,1.6520344328565066
94,0,120.0,22,2.1200664024985443
94,0,120.0,23,-0.3160468394143159
94,0,120.0,25,2.0667799481225693
94,0,120.0,28,-0.6771473536291808
94,0,120.0,32,-1.1276836034392517
94,0,120.0,38,-1.4367424155092294
94,0,250.0,20,1.7927375928695852
94,0,250.0,21,1.6405643755690456
94,0,250.0,22,2.1054216464336584
94,0,250.0,23,-0.30925548483197574
94,0,250.0,25,2.051282496977837
94,0,250.0,28,-0.6466932758638357
94,0,250.0,32,-1.0973772348545054
94,0,250.0,38,-1.4360607589103829
94,1,10.0,8,-1.291846254633164
94,1,10.0,9,-0.7515677009394679
94,1,10.0,15,-1.1085911270008602
94,1,10.0,17,-0.3302196636280499
94,1,10.0,18,-0.6505354969664587
94,1,10.0,19,0.3241617929895817
94,1,10.0,24,1.1862630667076068
94,1,10.0,33,1.0657615561332783
94,1,25.0,8,-1.2096819950125912
94,1,25.0,9,-0.6598579558637248
94,1,25.0,15,-0.9965827534914737
94,1,25.0,17,-0.22186853038737553
94,1,25.0,18,-0.5458379435517493
94,1,25.0,19,0.4374772856057483
94,1,25.0,24,1.127682504470254
94,1,25.0,33,1.1722457167992069
94,1,60.0,8,-0.9985910749824995
94,1,60.0,9,-0.44541108860898504
94,1,60.0,15,-0.7517252017518175
94,1,60.0,17,0.04305571422394294
94,1,60.0,18,-0.27908482163844894
94,1,60.0,19,0.7682032236958101
94,1,60.0,24,0.962505285494192
94,1,60.0,33,1.3861188487438767
94,1,120.0,8,-0.8885841085155448
94,1,120.0,9,-0.3362070961828252
94,1,120.0,15,-0.5966032352733421
94,1,120.0,17,0.23377307886539356
94,1,120.0,18,-0.08650725678515414
94,1,120.0,19,1.0164522822372462
94,1,120.0,24,0.8973159054919222
94,1,120.0,33,1.5316876593583935
94,1,250.0,8,-0.8488065604151132
94,1,250.0,9,-0.29687780827846666
94,1,250.0,15,-0.5332380254660087
94,1,250.0,17,0.3176192056003835
94,1,250.0,18,-0.0018518721280713635
94,1,250.0,19,1.126184365757151
94,1,250.0,24,0.8769991109643307
94,1,250.0,33,1.5937536494350653
94,2,10.0,3,0.4936538870076994
94,2,10.0,6,-0.23561387533356282
94,2,10.0,7,-0.31371622334275884
94,2,10.0,10,-0.902877844538132
94,2,10.0,12,-1.052456463439455
94,2,10.0,13,-0.7051758929918606
94,2,10.0,14,-0.556398974741537
94,2,10.0,37,-0.5919010864075389
94,2,25.0,3,0.5204338471138925
94,2,25.0,6,-0.2021679275982109
94,2,25.0,7,-0.33136709595995484
94,2,25.0,10,-0.7850211268235867
94,2,25.0,12,-0.9911054928336469
94,2,25.0,13,-0.6270771900689667
94,2,25.0,14,-0.4161728582100501
94,2,25.0,37,-0.5933894264066382
94,2,60.0,3,0.7764960120635855
94,2,60.0,6,-0.16298341591877374
94,2,60.0,7,-0.40644199308163564
94,2,60.0,10,-0.4935547671323093
94,2,60.0,12,-0.7715100679677178
94,2,60.0,13,-0.3407179338636688
94,2,60.0,14,-0.13620100559590753
94,2,60.0,37,-0.6413067362463849
94,2,120.0,3,1.0646380495301422
94,2,120.0,6,-0.18409756697914048
94,2,120.0,7,-0.47681668057222026
94,2,120.0,10,-0.27476063781268323
94,2,120.0,12,-0.6097452820359877
94,2,120.0,13,-0.10166593022050918
94,2,120.0,14,0.07973388626568578
94,2,120.0,37,-0.7060317262052536
94,2,250.0,3,1.2121871439379852
94,2,250.0,6,-0.20132625560345474
94,2,250.0,7,-0.5105957501243523
94,2,250.0,10,-0.17275929742856633
94,2,250.0,12,-0.5378195491345572
94,2,250.0,13,0.01088670702604233
94,2,250.0,14,0.18080921722437537
94,2,250.0,37,-0.739173296973803
94,3,10.0,0,0.9637495604990747
94,3,10.0,1,-0.1970369327989694
94,3,10.0,2,-0.10343943798821442
94,3,10.0,4,-0.6083646331976382
94,3,10.0,16,-0.8707849935482699
94,3,10.0,34,-0.5468956728967491
94,3,10.0,35,-0.46793121069830335
94,3,10.0,36,1.4913687113719263
94,3,25.0,0,1.2563315939628872
94,3,25.0,1,-0.12484586981340584
94,3,25.0,2,0.0018127411842847607
94,3,25.0,4,-0.5821544274181747
94,3,25.0,16,-0.8178439555316928
94,3,25.0,34,-0.6183347920967748
94,3,25.0,35,-0.5912497092728479
94,3,25.0,36,1.4098353632656675
94,3,60.0,0,1.5878424678910932
94,3,60.0,1,0.20572485705530852
94,3,60.0,2,0.3350103754329652
94,3,60.0,4,-0.49614219780713853
94,3,60.0,16,-0.6833237514389268
94,3,60.0,34,-0.6882032244545648
94,3,60.0,35,-0.720346813393455
94,3,60.0,36,1.235829704637549
94,3,120.0,0,1.7203226697544238
94,3,120.0,1,0.43437380017129357
94,3,120.0,2,0.5473190561539489
94,3,120.0,4,-0.4305352556992119
94,3,120.0,16,-0.6059890487662898
94,3,120.0,34,-0.7061135360094397
94,3,120.0,35,-0.7610385593109257
94,3,120.0,36,1.1693483449506417
94,3,250.0,0,1.7645760039175258
94,3,250.0,1,0.525942301308234
94,3,250.0,2,0.6310800318391756
94,3,250.0,4,-0.40170603659764836
94,3,250.0,16,-0.5761325771205392
94,3,250.0,34,-0.7097423525203723
94,3,250.0,35,-0.7722182678466183
94,3,250.0,36,1.1495963400801443
94,4,10.0,5,-0.9381189967106423
94,4,10.0,11,-1.2932429561221852
94,4,10.0,26,-0.6324293226859972
94,4,10.0,27,0.4322871198825773
94,4,10.0,29,-1.177043368127709
94,4,10.0,30,0.7147712447469807
94,4,10.0,31,-0.9533763464241858
94,4,25.0,5,-0.8210118200294048
94,4,25.0,11,-1.1411150606632745
94,4,25.0,26,-0.5979753798599852
94,4,25.0,27,0.4348136820658084
94,4,25.0,29,-1.072684627157038
94,4,25.0,30,0.7552843310324633
94,4,25.0,31,-0.853715633964562
94,4,60.0,5,-0.6147259395790243
94,4,60.0,11,-0.8674014980411755
94,4,60.0,26,-0.46480669589903556
94,4,60.0,27,0.5101690945829844
94,4,60.0,29,-0.8442787531727767
94,4,60.0,30,0.9755929151718128
94,4,60.0,31,-0.6266631290235232
94,4,120.0,5,-0.5102681390736095
94,4,120.0,11,-0.7457029741827768
94,4,120.0,26,-0.3339904494436148
94,4,120.0,27,0.6277733844823743
94,4,120.0,29,-0.7080733877610115
94,4,120.0,30,1.1762524916119155
94,4,120.0,31,-0.4906295441675397
94,4,250.0,5,-0.47263237784200385
94,4,250.0,11,-0.7028148476719309
94,4,250.0,26,-0.2682911112260662
94,4,250.0,27,0.692784837594111
94,4,250.0,29,-0.6527141177111666
94,4,250.0,30,1.2713462115519647
94,4,250.0,31,-0.43534520757942374
95,0,10.0,20,3.209133290362466
95,0,10.0,21,0.6547470224117191
95,0,10.0,22,2.7282874062075315
95,0,10.0,23,-0.24522598233044235
95,0,10.0,25,2.4210615940372477
95,0,10.0,28,-0.005523066728883919
95,0,10.0,38,-0.4526611756586263
95,0,25.0,20,3.130743393791981
95,0,25.0,21,0.5904739856453673
95,0,25.0,22,2.684730715737235
95,0,25.0,23,-0.38297138351293114
95,0,25.0,25,2.3859291040137265
95,0,25.0,28,-0.1024093518026632
95,0,25.0,38,-0.9560404955468229
95,0,60.0,20,2.7894322724100107
95,0,60.0,21,0.21705569481294162
95,0,60.0,22,2.3326956159756627
95,0,60.0,23,-0.5290797967527432
95,0,60.0,25,2.1595691364697913
95,0,60.0,28,-0.3363207360284939
95,0,60.0,38,-1.438026614022231
95,0,120.0,20,2.451611391109701
95,0,120.0,21,-0.1854275376638128
95,0,120.0,22,1.913926098413551
95,0,120.0,23,-0.6208353906041566
95,0,120.0,25,1.9076252926293193
95,0,120.0,28,-0.44593437506203415
95,0,120.0,38,-1.6216620323822504
95,0,250.0,20,2.2730022067996565
95,0,250.0,21,-0.4025335531966334
95,0,250.0,22,1.6826574738056443
95,0,250.0,23,-0.6628938623819991
95,0,250.0,25,1.7706053023698445
95,0,250.0,28,-0.48378562474636766
95,0,250.0,38,-1.6851831656696206
95,1,10.0,8,0.5747550017662846
95,1,10.0,9,0.025734335872726888
95,1,10.0,17,0.009449560380897282
95,1,10.0,18,1.0250355794111385
95,1,10.0,19,1.6033304149028567
95,1,10.0,24,1.0176602551101759
95,1,10.0,33,1.538168166840702
95,1,25.0,8,0.5365960200661775
95,1,25.0,9,0.0025264651027328
95,1,25.0,17,0.10180084123864575
95,1,25.0,18,1.116693667276337
95,1,25.0,19,1.7096720956917366
95,1,25.0,24,0.8880982834824316
95,1,25.0,33,1.3659889604113573
95,1,60.0,8,0.3751961475376433
95,1,60.0,9,-0.11833387541690854
95,1,60.0,17,0.24358393845023585
95,1,60.0,18,1.2660382058063462
95,1,60.0,19,1.895988458992587
95,1,60.0,24,0.6061059407758087
95,1,60.0,33,1.2399885773669332
95,1,120.0,8,0.2683302843487212
95,1,120.0,9,-0.2044620050295336
95,1,120.0,17,0.31002736193484637
95,1,120.0,18,1.3364483228141282
95,1,120.0,19,1.9858456617167057
95,1,120.0,24,0.4842449182528483
95,1,120.0,33,1.2121445318222541
95,1,250.0,8,0.2267662869335325
95,1,250.0,9,-0.23850134477819296
95,1,250.0,17,0.33409520430603834
95,1,250.0,18,1.36190063889077
95,1,250.0,19,2.0183861740798434
95,1,250.0,24,0.44268764173838804
95,1,250.0,33,1.2057262336656045
95,2,10.0,3,0.8185779796262551
95,2,10.0,6,1.3239929875300334
95,2,10.0,7,1.6677705437441475
95,2,10.0,10,-0.7811213975031457
95,2,10.0,12,-1.3335144434426702
95,2,10.0,13,0.42790599603279134
95,2,10.0,14,-0.26902250855827603
95,2,10.0,37,1.3829413600452938
95,2,25.0,3,0.8291428665765679
95,2,25.0,6,1.29635209381334
95,2,25.0,7,1.6276076046715957
95,2,25.0,10,-0.7971276601950983
95,2,25.0,12,-1.3466132474759291
95,2,25.0,13,0.4262827530714475
95,2,25.0,14,-0.2639612311895263
95,2,25.0,37,1.3521433343249356
95,2,60.0,3,0.9012502720302784
95,2,60.0,6,1.0761085652224196
95,2,60.0,7,1.371282607656056
95,2,60.0,10,-0.8095053625459272
95,2,60.0,12,-1.3929203698690777
95,2,60.0,13,0.4298213875985297
95,2,60.0,14,-0.23432161138025265
95,2,60.0,37,1.1107201503863777
95,2,120.0,3,0.964601950417098
95,2,120.0,6,0.8654568589088214
95,2,120.0,7,1.140552869372307
95,2,120.0,10,-0.806599629582994
95,2,120.0,12,-1.4217512541733832
95,2,120.0,13,0.4406040455254363
95,2,120.0,14,-0.20803757615342988
95,2,120.0,37,0.879117425363205
95,2,250.0,3,0.9940370087817314
95,2,250.0,6,0.7665848564761077
95,2,250.0,7,1.0339664866571994
95,2,250.0,10,-0.802961649754252
95,2,250.0,12,-1.4323661235942424
95,2,250.0,13,0.4476920558283588
95,2,250.0,14,-0.19490079756572598
95,2,250.0,37,0.7703829670984987
95,3,10.0,0,1.72516071577898
95,3,10.0,1,-1.1165949477669272
95,3,10.0,2,0.06969506142754511
95,3,10.0,4,-0.30069980721388134
95,3,10.0,16,-0.7522219034198976
95,3,10.0,34,0.598126745898611
95,3,10.0,35,0.6972578424259162
95,3,10.0,36,0.08547571842213486
95,3,25.0,0,1.6595277404884392
95,3,25.0,1,-1.142945739011477
95,3,25.0,2,0.05137389198179321
95,3,25.0,4,-0.41125257512453217
95,3,25.0,16,-0.8780052856946838
95,3,25.0,34,0.35643963152390157
95,3,25.0,35,0.37150458342778947
95,3,25.0,36,-0.10701882610085178
95,3,60.0,0,1.491093830884747
95,3,60.0,1,-1.2909404554063926
95,3,60.0,2,-0.05459584454380462
95,3,60.0,4,-0.7160185180245371
95,3,60.0,16,-1.0397153419523661
95,3,60.0,34,-0.06171642904549657
95,3,60.0,35,-0.05453586004468747
95,3,60.0,36,-0.4841977722463895
95,3,120.0,0,1.4015683314737366
95,3,120.0,1,-1.3973748101274914
95,3,120.0,2,-0.1356234104677334
95,3,120.0,4,-0.8786425468635493
95,3,120.0,16,-1.1194614363956035
95,3,120.0,34,-0.25520125463357246
95,3,120.0,35,-0.237146766460409
95,3,120.0,36,-0.6544679281701775
95,3,250.0,0,1.3688778272652051
95,3,250.0,1,-1.440059825725296
95,3,250.0,2,-0.16875461330532104
95,3,250.0,4,-0.9380197909307171
95,3,250.0,16,-1.1487298578164484
95,3,250.0,34,-0.3223006923269054
95,3,250.0,35,-0.29944345702031683
95,3,250.0,36,-0.7129110958828093
95,4,10.0,5,1.0715928209781787
95,4,10.0,11,0.24698721661356515
95,4,10.0,26,0.21102050308923026
95,4,10.0,27,-1.4226289433782107
95,4,10.0,29,-0.08404510193804526
95,4,10.0,30,1.5739583606734335
95,4,10.0,31,-0.47427387441719304
95,4,25.0,5,0.9540618984203064
95,4,25.0,11,0.31921910324004443
95,4,25.0,26,0.2802959432532006
95,4,25.0,27,-1.4166684436153787
95,4,25.0,29,-0.12113654789261119
95,4,25.0,30,1.578171131146835
95,4,25.0,31,-0.5070133915031612
95,4,60.0,5,0.7200351504989619
95,4,60.0,11,0.4141194475987433
95,4,60.0,26,0.39066815220054707
95,4,60.0,27,-1.3860734166833453
95,4,60.0,29,-0.21937271027980643
95,4,60.0,30,1.606444846471689
95,4,60.0,31,-0.6009741015581866
95,4,120.0,5,0.6015738437257809
95,4,120.0,11,0.4392684500029027
95,4,120.0,26,0.44081971459358016
95,4,120.0,27,-1.362823851822089
95,4,120.0,29,-0.2698535878187016
95,4,120.0,30,1.6308701702003567
95,4,120.0,31,-0.6504869947680092
95,4,250.0,5,0.5588499282525667
95,4,250.0,11,0.44566576541752667
95,4,250.0,26,0.4590864766224456
95,4,250.0,27,-1.3530022082161643
95,4,250.0,29,-0.2876393074322152
95,4,250.0,30,1.641502462725441
95,4,250.0,31,-0.6680282627028014
97,0,10.0,20,1.922756811726238
97,0,10.0,21,0.832106791226721
97,0,10.0,23,1.7804617915741758
97,0,10.0,25,1.5420162472306522
97,0,10.0,28,-0.3573229156246889
97,0,10.0,32,-0.7502431766115194
97,0,25.0,20,1.8744514955093692
97,0,25.0,21,0.795305811561029
97,0,25.0,23,1.6535047170609687
97,0,25.0,25,1.5102863934224438
97,0,25.0,28,-0.3674573874229452
97,0,25.0,32,-0.7598882364883508
97,0,60.0,20,1.621481583043746
97,0,60.0,21,0.5408528810345743
97,0,60.0,23,1.4403084840293374
97,0,60.0,25,1.2777140208227529
97,0,60.0,28,-0.42930781199714474
97,0,60.0,32,-0.8220497850796171
97,0,120.0,20,1.338273288072422
97,0,120.0,21,0.2268547599464199
97,0,120.0,23,1.2922665072313286
97,0,120.0,25,0.9883052743217782
97,0,120.0,28,-0.4686490138542929
97,0,120.0,32,-0.8615694096230406
97,0,250.0,20,1.1785277689615548
97,0,250.0,21,0.04458538947467616
97,0,250.0,23,1.2231590037208093
97,0,250.0,25,0.820260565979364
97,0,250.0,28,-0.4841255883313913
97,0,250.0,32,-0.8770924120742585
97,1,10.0,8,0.35029543033569865
97,1,10.0,9,1.0154423089779812
97,1,10.0,15,-0.24159029208956184
97,1,10.0,17,-0.01928895553551868
97,1,10.0,18,0.19928714111197365
97,1,10.0,19,1.068116891378672
97,1,10.0,24,0.8901898103082679
97,1,10.0,33,0.7385205505735293
97,1,25.0,8,0.26730896690359174
97,1,25.0,9,0.934995678491255
97,1,25.0,15,-0.20105572394883708
97,1,25.0,17,-0.024616958006056677
97,1,25.0,18,0.18711796152592086
97,1,25.0,19,1.0756753357674604
97,1,25.0,24,0.5771527994726888
97,1,25.0,33,0.5723804910145098
97,1,60.0,8,-0.0798870582411908
97,1,60.0,9,0.619036875434567
97,1,60.0,15,-0.140453826379769
97,1,60.0,17,-0.10477453303026607
97,1,60.0,18,0.10013604813163468
97,1,60.0,19,1.0020640020796563
97,1,60.0,24,0.10864895152210607
97,1,60.0,33,0.41603262988446943
97,1,120.0,8,-0.329165103393521
97,1,120.0,9,0.39429122921232107
97,1,120.0,15,-0.12450844209595502
97,1,120.0,17,-0.1617644163247185
97,1,120.0,18,0.040836216883541
97,1,120.0,19,0.9387357168340564
97,1,120.0,24,-0.12252611780337475
97,1,120.0,33,0.35887088213608465
97,1,250.0,8,-0.431727961752955
97,1,250.0,9,0.3019103529276066
97,1,250.0,15,-0.1220213300394164
97,1,250.0,17,-0.1856079389091363
97,1,250.0,18,0.01626190273876915
97,1,250.0,19,0.911080397478905
97,1,250.0,24,-0.2085431518976364
97,1,250.0,33,0.3388615173250926
97,2,10.0,3,0.1871073731518429
97,2,10.0,6,0.8952129469100001
97,2,10.0,7,1.5998047706365455
97,2,10.0,10,0.5669643047785868
97,2,10.0,12,-0.5249833101324874
97,2,10.0,13,-0.517414674039351
97,2,10.0,14,-0.16719327230381964
97,2,10.0,37,-0.30840747291914283
97,2,25.0,3,0.1874296402833906
97,2,25.0,6,0.849621057726651
97,2,25.0,7,1.5581545544642736
97,2,25.0,10,0.4875070252366811
97,2,25.0,12,-0.5716176206181878
97,2,25.0,13,-0.5212900060669199
97,2,25.0,14,-0.14719040177118003
97,2,25.0,37,-0.3451709208249554
97,2,60.0,3,0.14855244794978262
97,2,60.0,6,0.4890458921713261
97,2,60.0,7,1.2128766385064367
97,2,60.0,10,0.30506834935595606
97,2,60.0,12,-0.7653469649912914
97,2,60.0,13,-0.5957626157810694
97,2,60.0,14,-0.1730706668745512
97,2,60.0,37,-0.6835061966558058
97,2,120.0,3,0.07557024591905659
97,2,120.0,6,0.11134437584831858
97,2,120.0,7,0.8460961805882619
97,2,120.0,10,0.17403573665868777
97,2,120.0,12,-0.9102691816269406
97,2,120.0,13,-0.6863306857946654
97,2,120.0,14,-0.2316593409721186
97,2,120.0,37,-1.0569192749679033
97,2,250.0,3,0.03117592703002714
97,2,250.0,6,-0.07911331654599962
97,2,250.0,7,0.6603007185797338
97,2,250.0,10,0.11265311155473512
97,2,250.0,12,-0.9751631365692077
97,2,250.0,13,-0.7346125275334145
97,2,250.0,14,-0.26600738536301805
97,2,250.0,37,-1.2481801380587498
97,3,10.0,0,1.2694458453533528
97,3,10.0,1,0.6870636443031444
97,3,10.0,2,-0.3775702363824074
97,3,10.0,4,1.3292636846717514
97,3,10.0,16,-0.4393796665942382
97,3,10.0,34,0.3063548138800485
97,3,10.0,35,1.1072325735557875
97,3,10.0,36,0.8902741882052219
97,3,25.0,0,1.0905375186771344
97,3,25.0,1,0.5960516450687656
97,3,25.0,2,-0.49460616951446923
97,3,25.0,4,1.2905814633279284
97,3,25.0,16,-0.4952192513781988
97,3,25.0,34,0.24493690475252805
97,3,25.0,35,1.0096766038482983
97,3,25.0,36,0.8251105641394574
97,3,60.0,0,0.4846965436277131
97,3,60.0,1,0.1413496741521847
97,3,60.0,2,-0.9244520531793157
97,3,60.0,4,1.1412603709941003
97,3,60.0,16,-0.5774528537124901
97,3,60.0,34,0.14152970006799137
97,3,60.0,35,0.8767430884958074
97,3,60.0,36,0.6578170095895821
97,3,120.0,0,0.023746365719649276
97,3,120.0,1,-0.20611487205616186
97,3,120.0,2,-1.2344029203020455
97,3,120.0,4,1.0401458342618817
97,3,120.0,16,-0.6239952707114504
97,3,120.0,34,0.08250143065603766
97,3,120.0,35,0.8097032268969819
97,3,120.0,36,0.5667035988116069
97,3,250.0,0,-0.17744536929992094
97,3,250.0,1,-0.3543738330447894
97,3,250.0,2,-1.3653024298041565
97,3,250.0,4,0.9988733443399234
97,3,250.0,16,-0.6429271087456314
97,3,250.0,34,0.05935884123022106
97,3,250.0,35,0.7844277035111631
97,3,250.0,36,0.5322702684664904
97,4,10.0,5,1.418202428807536
97,4,10.0,11,1.3004057954333632
97,4,10.0,26,-0.021385578722725285
97,4,10.0,27,-0.8423230852406718
97,4,10.0,29,-0.2789922534063223
97,4,10.0,30,0.49675727161546135
97,4,10.0,31,-0.15158579680322504
97,4,25.0,5,1.3103388495744959
97,4,25.0,11,1.21779196630834
97,4,25.0,26,-0.02673329708704486
97,4,25.0,27,-0.8540044605344619
97,4,25.0,29,-0.23264595474709182
97,4,25.0,30,0.5073528824743754
97,4,25.0,31,-0.10844125507173175
97,4,60.0,5,0.9262136376917525
97,4,60.0,11,1.0286495686941421
97,4,60.0,26,-0.11480752791152682
97,4,60.0,27,-0.9590595624948826
97,4,60.0,29,-0.20503228575657673
97,4,60.0,30,0.5162469229349647
97,4,60.0,31,-0.081543772912827
97,4,120.0,5,0.6502383550653441
97,4,120.0,11,0.9162803011140355
97,4,120.0,26,-0.20780276507854722
97,4,120.0,27,-1.065280034310721
97,4,120.0,29,-0.21363463347538314
97,4,120.0,30,0.48581146729069147
97,4,120.0,31,-0.09027299565872582
97,4,250.0,5,0.5347293910281259
97,4,250.0,11,0.8719272186102955
97,4,250.0,26,-0.25332763090622024
97,4,250.0,27,-1.116936846916584
97,4,250.0,29,-0.22084823468086157
97,4,250.0,30,0.46360467349251877
97,4,250.0,31,-0.09753267969865576
100,0,10.0,20,0.45575869350079756
100,0,10.0,21,-0.7258116272934885
100,0,10.0,22,0.08589022140784053
100,0,10.0,23,-0.24726900608153812
100,0,10.0,25,0.08022286374441023
100,0,10.0,28,0.406639105524512
100,0,10.0,38,-1.645290339873796
100,0,25.0,20,0.5372829292378434
100,0,25.0,21,-0.6932422494836885
100,0,25.0,22,0.11305969547116845
100,0,25.0,23,0.0030327394539817476
100,0,25.0,25,0.1361351643257862
100,0,25.0,28,0.2215020243658401
100,0,25.0,38,-1.3696023316889097
100,0,60.0,20,0.8377285147384583
100,0,60.0,21,-0.46720184881547056
100,0,60.0,22,0.3374378671920084
100,0,60.0,23,0.3459358877113523
100,0,60.0,25,0.4267623436574688
100,0,60.0,28,-0.19283809144393516
100,0,60.0,38,-1.1127023061706751
100,0,120.0,20,1.1131874182568566
100,0,120.0,21,-0.20158382772216754
100,0,120.0,22,0.6170244226573054
100,0,120.0,23,0.5219256237089773
100,0,120.0,25,0.7226169455234803
100,0,120.0,28,-0.4092359653024218
100,0,120.0,38,-1.0147095281059393
100,0,250.0,20,1.256627450793136
100,0,250.0,21,-0.05196460594927288
100,0,250.0,22,0.7772286192484366
100,0,250.0,23,0.5922912215894378
100,0,250.0,25,0.8816525474598755
100,0,250.0,28,-0.4880827228463538
100,0,250.0,38,-0.9800557985056884
100,1,10.0,8,-0.2871299551826496
100,1,10.0,9,-1.0067446444560062
100,1,10.0,17,0.24973818848446783
100,1,10.0,19,-0.22065701768804402
100,1,10.0,24,-1.375677316007451
100,1,10.0,33,1.004520278187094
100,1,25.0,8,-0.15221699810752654
100,1,25.0,9,-0.8494051728705898
100,1,25.0,17,0.15916987157692475
100,1,25.0,19,-0.30459866317388773
100,1,25.0,24,-1.3107351768945144
100,1,25.0,33,0.6690020052026426
100,1,60.0,8,0.22878125663687854
100,1,60.0,9,-0.47314693732742796
100,1,60.0,17,-0.07783072816640058
100,1,60.0,19,-0.5448710423070224
100,1,60.0,24,-1.2082147479337095
100,1,60.0,33,0.21856378505441398
100,1,120.0,8,0.43937318986134954
100,1,120.0,9,-0.2754364786526935
100,1,120.0,17,-0.26134868362156993
100,1,120.0,19,-0.7442290728674656
100,1,120.0,24,-1.1506136761469605
100,1,120.0,33,-0.004681116344340097
100,1,250.0,8,0.5167803632053278
100,1,250.0,9,-0.20363735112358228
100,1,250.0,17,-0.3412890874750296
100,1,250.0,19,-0.8331667944573447
100,1,250.0,24,-1.1287380179265831
100,1,250.0,33,-0.08950045488122882
100,2,10.0,3,1.0353850278926338
100,2,10.0,6,-0.6648597127283793
100,2,10.0,7,-0.734160508580743
100,2,10.0,10,0.04488308159691812
100,2,10.0,12,-0.7136814981151609
100,2,10.0,13,-0.8089183674547691
100,2,10.0,14,1.6794680548415712
100,2,10.0,37,-0.1532677268760665
100,2,25.0,3,1.0312823495891656
100,2,25.0,6,-0.5776023159673329
100,2,25.0,7,-0.6793397025081731
100,2,25.0,10,0.2046858989574467
100,2,25.0,12,-0.6412087550900054
100,2,25.0,13,-0.7847739288594369
100,2,25.0,14,1.6821554182252747
100,2,25.0,37,-0.09354268636863594
100,2,60.0,3,1.0177725970797518
100,2,60.0,6,-0.1930419660719238
100,2,60.0,7,-0.34792331202632454
100,2,60.0,10,0.5092412535382493
100,2,60.0,12,-0.4287839055710876
100,2,60.0,13,-0.6777524457414934
100,2,60.0,14,1.715041631906029
100,2,60.0,37,0.2503038453455062
100,2,120.0,3,1.0224261878535046
100,2,120.0,6,0.10865785762283053
100,2,120.0,7,-0.061390705459011485
100,2,120.0,10,0.6709343145152644
100,2,120.0,12,-0.304226863369653
100,2,120.0,13,-0.5915089981602293
100,2,120.0,14,1.7656630003521876
100,2,120.0,37,0.5455085187399007
100,2,250.0,3,1.0293935459988823
100,2,250.0,6,0.24254761488442256
100,2,250.0,7,0.06893934796630674
100,2,250.0,10,0.7351030080570595
100,2,250.0,12,-0.25411357558979475
100,2,250.0,13,-0.5502976012139342
100,2,250.0,14,1.7959919619924491
100,2,250.0,37,0.6799129126602779
100,3,10.0,0,-0.5129572036557235
100,3,10.0,1,-1.0707351834269474
100,3,10.0,2,-0.7624379733959294
100,3,10.0,4,-0.5150142267662225
100,3,10.0,16,1.185939960818903
100,3,10.0,34,0.9646758430945681
100,3,10.0,35,1.2734063796880015
100,3,10.0,36,0.7351376429713845
100,3,25.0,0,-0.017783926420264606
100,3,25.0,1,-1.006849241756825
100,3,25.0,2,-0.65167809025343
100,3,25.0,4,-0.5319726572838093
100,3,25.0,16,1.1380488007511183
100,3,25.0,34,0.8187432416494289
100,3,25.0,35,1.093379601884756
100,3,25.0,36,0.6429296550956991
100,3,60.0,0,0.5277246386963128
100,3,60.0,1,-0.7904305748318663
100,3,60.0,2,-0.3669525286544051
100,3,60.0,4,-0.6323733842188695
100,3,60.0,16,0.9419941613997374
100,3,60.0,34,0.47244664058979424
100,3,60.0,35,0.7529846480498534
100,3,60.0,36,0.31268880387866815
100,3,120.0,0,0.7331133997808905
100,3,120.0,1,-0.6706187327730895
100,3,120.0,2,-0.21824512490203318
100,3,120.0,4,-0.7255784071031677
100,3,120.0,16,0.8067566114265503
100,3,120.0,34,0.26004369388563475
100,3,120.0,35,0.5486383900534761
100,3,120.0,36,0.09053045874911447
100,3,250.0,0,0.8000786306911678
100,3,250.0,1,-0.6272520917574838
100,3,250.0,2,-0.16502132501843647
100,3,250.0,4,-0.7671883936047621
100,3,250.0,16,0.7525498287778127
100,3,250.0,34,0.17681762835351833
100,3,250.0,35,0.46838360102120546
100,3,250.0,36,0.0013406191555311864
100,4,10.0,5,-1.6267546573116256
100,4,10.0,11,-1.4434216873649355
100,4,10.0,26,-0.41975458591331005
100,4,10.0,27,0.1481825905193972
100,4,10.0,29,1.004261431998998
100,4,10.0,30,1.5747893597119678
100,4,10.0,31,0.6797091113781235
100,4,25.0,5,-1.2551381494101648
100,4,25.0,11,-1.3622065424441203
100,4,25.0,26,-0.37336680990034665
100,4,25.0,27,0.1673287155133103
100,4,25.0,29,0.9075306606406457
100,4,25.0,30,1.5526602641765201
100,4,25.0,31,0.5846660336766725
100,4,60.0,5,-0.6830266744354319
100,4,60.0,11,-1.1861744176298785
100,4,60.0,26,-0.2392133058911874
100,4,60.0,27,0.2772413985778037
100,4,60.0,29,0.6384049239585927
100,4,60.0,30,1.4788247351926955
100,4,60.0,31,0.3135399252935507
100,4,120.0,5,-0.4260555968536224
100,4,120.0,11,-1.106001223159545
100,4,120.0,26,-0.1709033533020019
100,4,120.0,27,0.3460213797272651
100,4,120.0,29,0.4827913304264442
100,4,120.0,30,1.4318712790391501
100,4,120.0,31,0.1558607188277925
100,4,250.0,5,-0.3372270865126552
100,4,250.0,11,-1.0786493249102733
100,4,250.0,26,-0.14775445027317247
100,4,250.0,27,0.3705261108237643
100,4,250.0,29,0.4238279581076121
100,4,250.0,30,1.4127289922869224
100,4,250.0,31,0.09604009341238395
101,0,10.0,20,0.07114945666973327
101,0,10.0,21,-0.12720315226207646
101,0,10.0,22,-0.33517927272685455
101,0,10.0,23,0.6119656419734163
101,0,10.0,25,-0.8770260665356062
101,0,10.0,28,-0.3544914779183941
101,0,10.0,32,0.3558876091939993
101,0,10.0,38,-0.43403980704687584
101,0,25.0,20,0.0808880363112543
101,0,25.0,21,-0.11010819094790492
101,0,25.0,22,-0.3251204304683135
101,0,25.0,23,0.6046963191918451
101,0,25.0,25,-0.8708094053841364
101,0,25.0,28,-0.4465525931662526
101,0,25.0,32,0.2679008326532184
101,0,25.0,38,-0.30496426845004976
101,0,60.0,20,0.12789663233924742
101,0,60.0,21,-0.019111760778521614
101,0,60.0,22,-0.24527615128932112
101,0,60.0,23,0.5354261203578332
101,0,60.0,25,-0.823679643938263
101,0,60.0,28,-0.830474113447849
101,0,60.0,32,-0.11050818349539071
101,0,60.0,38,-0.16734883149743496
101,0,120.0,20,0.18438284202069255
101,0,120.0,21,0.07432576745648589
101,0,120.0,22,-0.15054039630046745
101,0,120.0,23,0.5007082325391501
101,0,120.0,25,-0.7590602114124891
101,0,120.0,28,-1.0674027156258994
101,0,120.0,32,-0.34500851218888684
101,0,120.0,38,-0.11321799115420106
101,0,250.0,20,0.2183545553370294
101,0,250.0,21,0.125342605206491
101,0,250.0,22,-0.09689575600814848
101,0,250.0,23,0.4908061511821167
101,0,250.0,25,-0.7195829533943012
101,0,250.0,28,-1.1572194888933218
101,0,250.0,32,-0.4339734228628984
101,0,250.0,38,-0.09456496227376476
101,1,10.0,8,-0.39389453931020313
101,1,10.0,9,0.08939791165757072
101,1,10.0,15,0.22551198471045808
101,1,10.0,17,-0.15015931853649178
101,1,10.0,19,0.16100362350599795
101,1,10.0,24,-0.2050942589738085
101,1,10.0,33,1.129976748952057
101,1,25.0,8,-0.38624978170476965
101,1,25.0,9,0.1123259844305835
101,1,25.0,15,-0.08578700082524904
101,1,25.0,17,-0.21446040257264798
101,1,25.0,19,0.11562915057528755
101,1,25.0,24,-0.27286050312434185
101,1,25.0,33,0.8996960548644743
101,1,60.0,8,-0.32508883817092027
101,1,60.0,9,0.18432489947078068
101,1,60.0,15,-0.5000832072235113
101,1,60.0,17,-0.4462978439909584
101,1,60.0,19,-0.07276037276001901
101,1,60.0,24,-0.37449660092474346
101,1,60.0,33,0.5815609330762932
101,1,120.0,8,-0.29056788993852933
101,1,120.0,9,0.22007483228783542
101,1,120.0,15,-0.71769476716306
101,1,120.0,17,-0.6263041706670798
101,1,120.0,19,-0.23890877805390787
101,1,120.0,24,-0.42754151407019947
101,1,120.0,33,0.4198592740263507
101,1,250.0,8,-0.2785430039519099
101,1,250.0,9,0.23215069502332142
101,1,250.0,15,-0.8011147984141225
101,1,250.0,17,-0.7047848128760315
101,1,250.0,19,-0.31477739556525464
101,1,250.0,24,-0.44687250383403665
101,1,250.0,33,0.35640470337268937
101,2,10.0,3,1.1752412793305247
101,2,10.0,6,-0.34727093130460673
101,2,10.0,7,-0.7637899737328766
101,2,10.0,10,0.1289136144380194
101,2,10.0,12,0.3735732128555469
101,2,10.0,14,2.0576891056985893
101,2,10.0,37,-1.2105789932325237
101,2,25.0,3,1.1703601187778148
101,2,25.0,6,-0.30858060794250264
101,2,25.0,7,-0.7393925617359258
101,2,25.0,10,0.09546981860967918
101,2,25.0,12,0.2865406782563298
101,2,25.0,14,1.9986723265481743
101,2,25.0,37,-1.1839637354284207
101,2,60.0,3,1.1314215099388854
101,2,60.0,6,-0.14459117629775164
101,2,60.0,7,-0.5992387003549098
101,2,60.0,10,0.03144833738546282
101,2,60.0,12,0.02914130689351424
101,2,60.0,14,1.8796995663122154
101,2,60.0,37,-1.034310474715177
101,2,120.0,3,1.0879529567960446
101,2,120.0,6,-0.018234374384633156
101,2,120.0,7,-0.47957088699133266
101,2,120.0,10,-0.02949271930931019
101,2,120.0,12,-0.12105779822457663
101,2,120.0,14,1.7884905941652853
101,2,120.0,37,-0.9072738001182543
101,2,250.0,3,1.0656919009134604
101,2,250.0,6,0.03755169140731596
101,2,250.0,7,-0.42526021278680304
101,2,250.0,10,-0.059623301146039864
101,2,250.0,12,-0.17895210250040705
101,2,250.0,14,1.747433482356822
101,2,250.0,37,-0.8497279171371233
101,3,10.0,0,0.06462492318931012
101,3,10.0,1,-0.9570344743383323
101,3,10.0,2,-0.6416681447439245
101,3,10.0,4,0.5183747411390804
101,3,10.0,16,0.3095596614659506
101,3,10.0,34,0.678018870892604
101,3,10.0,35,0.7297026874007031
101,3,10.0,36,2.8547203680465074
101,3,25.0,0,0.2492813160453231
101,3,25.0,1,-0.9689305019880088
101,3,25.0,2,-0.6769061848330011
101,3,25.0,4,0.5140396095896378
101,3,25.0,16,0.2937070121952381
101,3,25.0,34,0.547690982314208
101,3,25.0,35,0.5607390980726699
101,3,25.0,36,2.7495079169466017
101,3,60.0,0,0.46863139835286916
101,3,60.0,1,-1.0120862938928887
101,3,60.0,2,-0.776221925695431
101,3,60.0,4,0.45206483653902296
101,3,60.0,16,0.18248347515097052
101,3,60.0,34,0.2333195221489106
101,3,60.0,35,0.25024191342650326
101,3,60.0,36,2.374429802147702
101,3,120.0,0,0.5550042197590557
101,3,120.0,1,-1.0440345805945483
101,3,120.0,2,-0.8410805413025102
101,3,120.0,4,0.388724856938655
101,3,120.0,16,0.09282023520798788
101,3,120.0,34,0.03017915345579425
101,3,120.0,35,0.057585789548589617
101,3,120.0,36,2.115478332132703
101,3,250.0,0,0.5835770117449215
101,3,250.0,1,-1.0573894704607696
101,3,250.0,2,-0.8671076398843631
101,3,250.0,4,0.3600461359669289
101,3,250.0,16,0.05539728984545178
101,3,250.0,34,-0.051293718917925446
101,3,250.0,35,-0.01962686041271766
101,3,250.0,36,2.0096035138685053
101,4,10.0,5,-1.4941399265739825
101,4,10.0,11,0.6144416067796428
101,4,10.0,26,1.6252134132731442
101,4,10.0,27,0.5766465783611032
101,4,10.0,29,-0.5503306899777272
101,4,10.0,30,2.631009469274044
101,4,25.0,5,-1.332288348660537
101,4,25.0,11,0.5940985419107889
101,4,25.0,26,1.6022717002136773
101,4,25.0,27,0.571974097781009
101,4,25.0,29,-0.6145221446818958
101,4,25.0,30,2.6359330952617377
101,4,60.0,5,-1.0551303339495313
101,4,60.0,11,0.5321572873845071
101,4,60.0,26,1.5015891324208006
101,4,60.0,27,0.5036917585389276
101,4,60.0,29,-0.8147114994225042
101,4,60.0,30,2.554143261096282
101,4,120.0,5,-0.9281987046953155
101,4,120.0,11,0.49407269688015276
101,4,120.0,26,1.4024992788382633
101,4,120.0,27,0.40889356084100115
101,4,120.0,29,-0.9443628718973969
101,4,120.0,30,2.441387477536267
101,4,250.0,5,-0.884353254833222
101,4,250.0,11,0.47903617974665025
101,4,250.0,26,1.3529051591168617
101,4,250.0,27,0.3575822455571327
101,4,250.0,29,-0.9965345821210327
101,4,250.0,30,2.3829679436319324
112,0,10.0,20,1.0861529913474932
112,0,10.0,21,0.6091747999485193
112,0,10.0,22,0.38993449356879495
112,0,10.0,23,0.2551229167180189
112,0,10.0,25,0.30212006672302394
112,0,10.0,32,-0.7753312367553171
112,0,10.0,38,2.345804364092654
112,0,25.0,20,1.1446904430230482
112,0,25.0,21,0.6157285493632685
112,0,25.0,22,0.40083176169574486
112,0,25.0,23,0.4851217158094485
112,0,25.0,25,0.3402255227589315
112,0,25.0,32,-0.7517437591921627
112,0,25.0,38,1.8863434800004661
112,0,60.0,20,1.3230040993774956
112,0,60.0,21,0.658388547756033
112,0,60.0,22,0.46459515751885405
112,0,60.0,23,0.7731311824441498
112,0,60.0,25,0.5026793416748099
112,0,60.0,32,-0.690678125968482
112,0,60.0,38,1.3509976968393325
112,0,120.0,20,1.4330118339639064
112,0,120.0,21,0.6958967201184549
112,0,120.0,22,0.516176892013295
112,0,120.0,23,0.9002682536568791
112,0,120.0,25,0.611253995957707
112,0,120.0,32,-0.6384820441804102
112,0,120.0,38,1.1431702603041956
112,0,250.0,20,1.477483580339559
112,0,250.0,21,0.7143315873434908
112,0,250.0,22,0.5402752083956024
112,0,250.0,23,0.9454844327303817
112,0,250.0,25,0.6560710205225071
112,0,250.0,32,-0.6157679423980369
112,0,250.0,38,1.0749569976834294
112,1,10.0,8,0.4974795358164421
112,1,10.0,15,-1.0704200537095865
112,1,10.0,17,-0.4050944656213673
112,1,10.0,18,-1.2576657299839518
112,1,10.0,19,-0.3835805849779881
112,1,10.0,24,-1.5854865779039073
112,1,10.0,33,0.8310445985366748
112,1,25.0,8,0.4826164335423506
112,1,25.0,15,-0.9240147787235493
112,1,25.0,17,-0.31745559264688694
112,1,25.0,18,-1.1795879365307336
112,1,25.0,19,-0.30743966223037944
112,1,25.0,24,-1.6119689152733976
112,1,25.0,33,0.9123510016829535
112,1,60.0,8,0.3678674386626497
112,1,60.0,15,-0.6112500967590471
112,1,60.0,17,-0.07043635376045643
112,1,60.0,18,-0.9530645529023438
112,1,60.0,19,-0.07750522476490573
112,1,60.0,24,-1.6422235065930657
112,1,60.0,33,1.0621980121269061
112,1,120.0,8,0.28356309036317384
112,1,120.0,15,-0.42152874005189034
112,1,120.0,17,0.12152221839341593
112,1,120.0,18,-0.7731725651274353
112,1,120.0,19,0.11294562604761182
112,1,120.0,24,-1.652271054673708
112,1,120.0,33,1.1697287282264917
112,1,250.0,8,0.2500564621873629
112,1,250.0,15,-0.3457362457541713
112,1,250.0,17,0.20717226431014168
112,1,250.0,18,-0.6921377887737918
112,1,250.0,19,0.20037244272261745
112,1,250.0,24,-1.655865474149092
112,1,250.0,33,1.2178119771117366
112,2,10.0,3,-1.5978233379652522
112,2,10.0,6,1.841428800984815
112,2,10.0,7,0.13449961286478995
112,2,10.0,10,-0.9024453457933852
112,2,10.0,12,-1.3890531232530883
112,2,10.0,13,-1.2588314625958255
112,2,10.0,14,-0.8118960978603766
112,2,10.0,37,0.257748587406347
112,2,25.0,3,-1.570643328865387
112,2,25.0,6,1.7665372641401937
112,2,25.0,7,0.09721955240636149
112,2,25.0,10,-0.8768090045940653
112,2,25.0,12,-1.354674497102156
112,2,25.0,13,-1.1964134441507426
112,2,25.0,14,-0.6600286346010478
112,2,25.0,37,0.20970492637916394
112,2,60.0,3,-1.3696871835551256
112,2,60.0,6,1.4441673533662538
112,2,60.0,7,-0.14052129702575655
112,2,60.0,10,-0.7972172795835526
112,2,60.0,12,-1.2093986801077783
112,2,60.0,13,-1.0090417037117305
112,2,60.0,14,-0.41793133253025516
112,2,60.0,37,-0.06568393534886852
112,2,120.0,3,-1.1783144338516536
112,2,120.0,6,1.1996853379522356
112,2,120.0,7,-0.3509514137225729
112,2,120.0,10,-0.7095436009985185
112,2,120.0,12,-1.1024729978102812
112,2,120.0,13,-0.8613404414504444
112,2,120.0,14,-0.25414320087179476
112,2,120.0,37,-0.29816310321469786
112,2,250.0,3,-1.0869146756016228
112,2,250.0,6,1.0925197319766795
112,2,250.0,7,-0.4474992188934479
112,2,250.0,10,-0.6636186834873143
112,2,250.0,12,-1.0564601231965653
112,2,250.0,13,-0.7929778663026426
112,2,250.0,14,-0.18056252741012102
112,2,250.0,37,-0.4033759796511909
112,3,10.0,0,2.5629289083802576
112,3,10.0,1,0.11990148662903977
112,3,10.0,2,0.6369032167186397
112,3,10.0,4,-0.20567530063820882
112,3,10.0,16,-0.6997482755951729
112,3,10.0,34,0.31076252146745276
112,3,10.0,35,-0.7162299311326237
112,3,10.0,36,0.655796763617186
112,3,25.0,0,2.0614366608806307
112,3,25.0,1,0.11096824360768309
112,3,25.0,2,0.6351249542796111
112,3,25.0,4,-0.12639998430688237
112,3,25.0,16,-0.603611355951454
112,3,25.0,34,0.25821199598613376
112,3,25.0,35,-0.802650941051688
112,3,25.0,36,0.6006760459615492
112,3,60.0,0,1.37779277138495
112,3,60.0,1,0.05543717368236045
112,3,60.0,2,0.6054142170618988
112,3,60.0,4,0.16045077096385185
112,3,60.0,16,-0.39146566498422786
112,3,60.0,34,0.19396076390478711
112,3,60.0,35,-0.9051962762858814
112,3,60.0,36,0.46095663938770315
112,3,120.0,0,1.0846964946309683
112,3,120.0,1,0.015280646751769211
112,3,120.0,2,0.578541157947523
112,3,120.0,4,0.35993884805820286
112,3,120.0,16,-0.2631177109058065
112,3,120.0,34,0.1767120827245492
112,3,120.0,35,-0.9375506004683984
112,3,120.0,36,0.4057546788902826
112,3,250.0,0,0.9847410778764996
112,3,250.0,1,-0.0004472679592630868
112,3,250.0,2,0.5674974109690751
112,3,250.0,4,0.44180585075562107
112,3,250.0,16,-0.21256160802590784
112,3,250.0,34,0.17403191874424806
112,3,250.0,35,-0.9452677795414033
112,3,250.0,36,0.390690818703856
112,4,10.0,5,-0.24585304002285824
112,4,10.0,11,-0.42680725687128174
112,4,10.0,26,-0.31953343882353735
112,4,10.0,27,-0.5929142772952645
112,4,10.0,29,-0.5635848454814045
112,4,10.0,30,0.5702024784753164
112,4,10.0,31,-0.19553199816751032
112,4,25.0,5,-0.6177357792487896
112,4,25.0,11,-0.37253340358208575
112,4,25.0,26,-0.25134311810816
112,4,25.0,27,-0.5689612882299997
112,4,25.0,29,-0.493929120675233
112,4,25.0,30,0.602295317038056
112,4,25.0,31,-0.12675818746064493
112,4,60.0,5,-1.332368221549185
112,4,60.0,11,-0.2573440726675784
112,4,60.0,26,0.04345079361158355
112,4,60.0,27,-0.33048522404433456
112,4,60.0,29,-0.29656402333722554
112,4,60.0,30,0.8284804441571296
112,4,60.0,31,0.07436221636398699
112,4,120.0,5,-1.6898574926988772
112,4,120.0,11,-0.2007192870938077
112,4,120.0,26,0.3049378141197039
112,4,120.0,27,-0.06481966110282755
112,4,120.0,29,-0.15484257494238918
112,4,120.0,30,1.0804392016299929
112,4,120.0,31,0.21830840353634784
112,4,250.0,5,-1.8184716061459305
112,4,250.0,11,-0.17927548484427902
112,4,250.0,26,0.4306020584240251
112,4,250.0,27,0.06999764542971931
112,4,250.0,29,-0.09283604937103718
112,4,250.0,30,1.2093613770629084
112,4,250.0,31,0.2811153916500153
116,0,10.0,20,0.08977464590081752
116,0,10.0,21,-0.2589845765325407
116,0,10.0,22,0.597437369436097
116,0,10.0,23,-1.1538166398822938
116,0,10.0,25,0.037821840388232886
116,0,10.0,28,-0.16099961375598326
116,0,10.0,32,0.1903402577208837
116,0,25.0,20,0.11107784474686966
116,0,25.0,21,-0.23823622059487803
116,0,25.0,22,0.611122386761334
116,0,25.0,23,-1.0948975898034412
116,0,25.0,25,0.04907881161018679
116,0,25.0,28,-0.15495625007903868
116,0,25.0,32,0.2013228602828363
116,0,60.0,20,0.23158623782688892
116,0,60.0,21,-0.0949509465457723
116,0,60.0,22,0.7432833281317066
116,0,60.0,23,-0.9916854802226354
116,0,60.0,25,0.14042688426175687
116,0,60.0,28,-0.1926664417601387
116,0,60.0,32,0.1690956895900868
116,0,120.0,20,0.36762327566628983
116,0,120.0,21,0.06980530622545444
116,0,120.0,22,0.9124676753574406
116,0,120.0,23,-0.9290775961515898
116,0,120.0,25,0.25495404950295963
116,0,120.0,28,-0.21089101019479983
116,0,120.0,32,0.1526294166857909
116,0,250.0,20,0.44347937922992386
116,0,250.0,21,0.16205844925892876
116,0,250.0,22,1.0097309874159706
116,0,250.0,23,-0.9011839160095896
116,0,250.0,25,0.32051463721492723
116,0,250.0,28,-0.21608986787448003
116,0,250.0,32,0.14796921645935868
116,1,10.0,8,-0.09739740479388814
116,1,10.0,9,-0.4385275476605557
116,1,10.0,15,-0.5222963853062055
116,1,10.0,17,-1.006962626497966
116,1,10.0,18,-0.918281108039487
116,1,10.0,24,-0.25175525915003405
116,1,10.0,33,-0.5487989854389212
116,1,25.0,8,-0.0288264894019008
116,1,25.0,9,-0.36371705131484333
116,1,25.0,15,-0.5118157662822682
116,1,25.0,17,-0.9425917209652184
116,1,25.0,18,-0.8469512987223311
116,1,25.0,24,-0.05431442567989819
116,1,25.0,33,-0.4108505029520586
116,1,60.0,8,0.17017967076397156
116,1,60.0,9,-0.17964461858257863
116,1,60.0,15,-0.45040941807931745
116,1,60.0,17,-0.7131924427694543
116,1,60.0,18,-0.6083258833947269
116,1,60.0,24,0.14899332013204258
116,1,60.0,33,-0.2096521739422883
116,1,120.0,8,0.2856441759144417
116,1,120.0,9,-0.07684460371656598
116,1,120.0,15,-0.39943308655330156
116,1,120.0,17,-0.5549453896491272
116,1,120.0,18,-0.44629652511952855
116,1,120.0,24,0.23459904358334427
116,1,120.0,33,-0.10290248444862726
116,1,250.0,8,0.32949363043464075
116,1,250.0,9,-0.038010856548019945
116,1,250.0,15,-0.3764481038757239
116,1,250.0,17,-0.48829267190942716
116,1,250.0,18,-0.37827419925056915
116,1,250.0,24,0.2650322425038105
116,1,250.0,33,-0.060023835152080096
116,2,10.0,3,-0.03152379637572977
116,2,10.0,6,-0.9765224634555345
116,2,10.0,10,-0.48526492140436517
116,2,10.0,12,-0.6614767802529329
116,2,10.0,13,-0.5572979832652294
116,2,10.0,14,0.11005813765933681
116,2,10.0,37,-1.0130550557169506
116,2,25.0,3,-0.010022066955833964
116,2,25.0,6,-0.9903527998017765
116,2,25.0,10,-0.40607219986011245
116,2,25.0,12,-0.6261930863442089
116,2,25.0,13,-0.5164677268720723
116,2,25.0,14,0.17906072952810348
116,2,25.0,37,-1.0173503772788273
116,2,60.0,3,0.1951651724768979
116,2,60.0,6,-1.0408647156532709
116,2,60.0,10,-0.21955577642613378
116,2,60.0,12,-0.5308618813437747
116,2,60.0,13,-0.37516980473971273
116,2,60.0,14,0.3150639482490547
116,2,60.0,37,-1.0472524226532904
116,2,120.0,3,0.4125666582357752
116,2,120.0,6,-1.0728319201032157
116,2,120.0,10,-0.08715991618100816
116,2,120.0,12,-0.464587150665551
116,2,120.0,13,-0.2543143673456427
116,2,120.0,14,0.4264459183302449
116,2,120.0,37,-1.0722170863548897
116,2,250.0,3,0.5200425617246651
116,2,250.0,6,-1.0857279933344088
116,2,250.0,10,-0.026062023928659528
116,2,250.0,12,-0.43312758604790247
116,2,250.0,13,-0.1954145286154798
116,2,250.0,14,0.48056265301161716
116,2,250.0,37,-1.0831533071762003
116,3,10.0,0,1.3294282888620153
116,3,10.0,1,-0.7597754190197534
116,3,10.0,2,-0.19711581601945483
116,3,10.0,4,-1.6786844768458877
116,3,10.0,16,0.22200122336223416
116,3,10.0,34,-0.6471833455747031
116,3,10.0,35,-0.4028028610122192
116,3,10.0,36,-0.2073312848817821
116,3,25.0,0,1.2759285124993092
116,3,25.0,1,-0.7316723987804608
116,3,25.0,2,-0.14674130841105182
116,3,25.0,4,-1.6064747519648819
116,3,25.0,16,0.32751150369882964
116,3,25.0,34,-0.5921687770456714
116,3,25.0,35,-0.32541207934541916
116,3,25.0,36,-0.15773398175314668
116,3,60.0,0,1.2276244042181297
116,3,60.0,1,-0.6183736685498289
116,3,60.0,2,-0.012866929747929134
116,3,60.0,4,-1.313602321602005
116,3,60.0,16,0.5631070351162464
116,3,60.0,34,-0.49984601280429075
116,3,60.0,35,-0.20632448003794934
116,3,60.0,36,-0.014822489390319049
116,3,120.0,0,1.2318496049546752
116,3,120.0,1,-0.5374745631918998
116,3,120.0,2,0.07032482214385993
116,3,120.0,4,-1.0844015932876516
116,3,120.0,16,0.7128350309703251
116,3,120.0,34,-0.44354263836203245
116,3,120.0,35,-0.13892669883229303
116,3,120.0,36,0.07379408255286535
116,3,250.0,0,1.2386200538203518
116,3,250.0,1,-0.5038530890969497
116,3,250.0,2,0.10374846232206636
116,3,250.0,4,-0.9834875190068217
116,3,250.0,16,0.7751073177819023
116,3,250.0,34,-0.4190728938947572
116,3,250.0,35,-0.11099182478714198
116,3,250.0,36,0.11056081205610013
116,4,10.0,5,0.08169445395012076
116,4,10.0,11,-0.8237325377406393
116,4,10.0,27,1.0555324380637074
116,4,10.0,29,-1.0148502508339874
116,4,10.0,30,2.0627636582076434
116,4,10.0,31,-0.7193354814897504
116,4,25.0,5,-0.012406453009905505
116,4,25.0,11,-0.742032647410312
116,4,25.0,27,1.0724875875044049
116,4,25.0,29,-1.0022471129499948
116,4,25.0,30,2.0754812633003183
116,4,25.0,31,-0.706704376562918
116,4,60.0,5,-0.12022618199785029
116,4,60.0,11,-0.5569843954926981
116,4,60.0,27,1.2173929789286078
116,4,60.0,29,-0.8984342738705564
116,4,60.0,30,2.196440841903687
116,4,60.0,31,-0.6029116514529562
116,4,120.0,5,-0.14654263995194583
116,4,120.0,11,-0.4626795201818794
116,4,120.0,27,1.3656507826585411
116,4,120.0,29,-0.8066123003935743
116,4,120.0,30,2.335484397708427
116,4,120.0,31,-0.5108004824382988
116,4,250.0,5,-0.15207630583489617
116,4,250.0,11,-0.42812595758752536
116,4,250.0,27,1.4377230470407198
116,4,250.0,29,-0.7651568284896726
116,4,250.0,30,2.405623064949353
116,4,250.0,31,-0.46921711393294174
123,0,10.0,20,-0.41887619281004973
123,0,10.0,21,-0.29951240524068723
123,0,10.0,23,-0.2469096794799448
123,0,10.0,25,1.580118017080828
123,0,10.0,28,-0.2087520204778528
123,0,10.0,32,-0.4256635785295124
123,0,10.0,38,0.4816828655758556
123,0,25.0,20,-0.47956158617916245
123,0,25.0,21,-0.32153062540484
123,0,25.0,23,-0.40788678530103795
123,0,25.0,25,1.5611838283978052
123,0,25.0,28,-0.10845783332032966
123,0,25.0,32,-0.3247237521223738
123,0,25.0,38,0.40701674702808077
123,0,60.0,20,-0.6643426175699965
123,0,60.0,21,-0.44818495653298385
123,0,60.0,23,-0.5965020739404459
123,0,60.0,25,1.4802686739711106
123,0,60.0,28,0.07688987582689677
123,0,60.0,32,-0.14020905917223914
123,0,60.0,38,0.3690432201420464
123,0,120.0,20,-0.800059459556298
123,0,120.0,21,-0.574482439016446
123,0,120.0,23,-0.6806848236267093
123,0,120.0,25,1.4125702641996902
123,0,120.0,28,0.15765252690196263
123,0,120.0,32,-0.05995943433402573
123,0,120.0,38,0.35380312104675227
123,0,250.0,20,-0.8636510145201939
123,0,250.0,21,-0.6400354286881793
123,0,250.0,23,-0.7116174855391151
123,0,250.0,25,1.3794537623213543
123,0,250.0,28,0.1849501495640311
123,0,250.0,32,-0.03284465954767768
123,0,250.0,38,0.34750009807402193
123,1,10.0,8,-0.07453956009860718
123,1,10.0,9,0.8155113120684092
123,1,10.0,15,0.0440223222181757
123,1,10.0,17,-0.47499636167022175
123,1,10.0,18,0.13366506738882578
123,1,10.0,19,1.8681710625027677
123,1,10.0,24,0.9803388988916915
123,1,10.0,33,1.0440792005840258
123,1,25.0,8,-0.19211450660682772
123,1,25.0,9,0.6492895567324624
123,1,25.0,15,0.015882912247356273
123,1,25.0,17,-0.5249482728424866
123,1,25.0,18,0.09011559403652569
123,1,25.0,19,1.792287342168013
123,1,25.0,24,1.0500274603447117
123,1,25.0,33,1.2700008276140302
123,1,60.0,8,-0.3874470546417683
123,1,60.0,9,0.42585702448671015
123,1,60.0,15,0.04387690747424955
123,1,60.0,17,-0.4726661370930998
123,1,60.0,18,0.13695227067162818
123,1,60.0,19,1.8067682343158573
123,1,60.0,24,1.1283584401167666
123,1,60.0,33,1.5435305371305397
123,1,120.0,8,-0.46614804023673884
123,1,120.0,9,0.3431595744774256
123,1,120.0,15,0.0759007445061286
123,1,120.0,17,-0.40789960829039273
123,1,120.0,18,0.19855732653284264
123,1,120.0,19,1.8684631289541507
123,1,120.0,24,1.156213442614849
123,1,120.0,33,1.6574325405586805
123,1,250.0,8,-0.4922888262679095
123,1,250.0,9,0.3163056971768228
123,1,250.0,15,0.08958816051076468
123,1,250.0,17,-0.3791196927216163
123,1,250.0,18,0.2264150515784138
123,1,250.0,19,1.8990102707243963
123,1,250.0,24,1.1649512135679458
123,1,250.0,33,1.6975507664946363
123,2,10.0,3,-2.2388239924707634
123,2,10.0,6,-0.319547694404676
123,2,10.0,7,0.1871793605033112
123,2,10.0,10,0.6771193048866593
123,2,10.0,12,0.4589016598982596
123,2,10.0,13,0.18514986994296123
123,2,10.0,14,0.2316530654488247
123,2,10.0,37,-0.5717255493215845
123,2,25.0,3,-2.2440286433976766
123,2,25.0,6,-0.31864277548380926
123,2,25.0,7,0.19827539442128383
123,2,25.0,10,0.5271608801041765
123,2,25.0,12,0.48667504054927235
123,2,25.0,13,0.15612010993464764
123,2,25.0,14,0.20579522262951855
123,2,25.0,37,-0.5667919516627009
123,2,60.0,3,-2.31667472228051
123,2,60.0,6,-0.3118076603988271
123,2,60.0,7,0.22460841934346476
123,2,60.0,10,0.26475389411865535
123,2,60.0,12,0.5124007708766918
123,2,60.0,13,0.06035301647708735
123,2,60.0,14,0.13918197494529494
123,2,60.0,37,-0.5512241159188278
123,2,120.0,3,-2.4070877122804717
123,2,120.0,6,-0.3061963544303197
123,2,120.0,7,0.23727877202516723
123,2,120.0,10,0.13111846756170564
123,2,120.0,12,0.5104616329585525
123,2,120.0,13,-0.01055583284087902
123,2,120.0,14,0.0848501466217968
123,2,120.0,37,-0.5418546969849558
123,2,250.0,3,-2.4534036725008406
123,2,250.0,6,-0.30364720265357903
123,2,250.0,7,0.2420276530843175
123,2,250.0,10,0.07876668106012374
123,2,250.0,12,0.5063587341798552
123,2,250.0,13,-0.0425340438400994
123,2,250.0,14,0.0595304416609892
123,2,250.0,37,-0.5380089797037826
123,3,10.0,0,1.071611761450832
123,3,10.0,1,0.19721688124786851
123,3,10.0,2,1.2000552190235787
123,3,10.0,4,-0.8393500743222901
123,3,10.0,16,1.218004600197645
123,3,10.0,34,-0.6085801437648897
123,3,10.0,35,-0.6413002846824014
123,3,10.0,36,-0.9961696071875359
123,3,25.0,0,1.0307959970399594
123,3,25.0,1,0.10943058201979028
123,3,25.0,2,1.0485322022549433
123,3,25.0,4,-0.8720384735424389
123,3,25.0,16,1.158098011580556
123,3,25.0,34,-0.7066357241296721
123,3,25.0,35,-0.7958390774146125
123,3,25.0,36,-1.1016655883856785
123,3,60.0,0,1.0511487874131333
123,3,60.0,1,-0.1179095604950362
123,3,60.0,2,0.7852611145760555
123,3,60.0,4,-0.9448431300559932
123,3,60.0,16,1.1328087552009052
123,3,60.0,34,-0.8185534077021188
123,3,60.0,35,-0.9598157571471901
123,3,60.0,36,-1.301348702763942
123,3,120.0,0,1.0664839819709542
123,3,120.0,1,-0.23459368947469272
123,3,120.0,2,0.6675019737805492
123,3,120.0,4,-0.969770599559034
123,3,120.0,16,1.1313909599220295
123,3,120.0,34,-0.8632701528950406
123,3,120.0,35,-1.0218497504681316
123,3,120.0,36,-1.3846296967272949
123,3,250.0,0,1.0718055188336493
123,3,250.0,1,-0.2766892544205035
123,3,250.0,2,0.626432132408997
123,3,250.0,4,-0.9768663373796329
123,3,250.0,16,1.131417765081899
123,3,250.0,34,-0.8785088283590419
123,3,250.0,35,-1.0423402700418727
123,3,250.0,36,-1.4124104266672965
123,4,10.0,5,-1.5908327885199611
123,4,10.0,11,1.2302442896453982
123,4,10.0,26,-1.1521999456221401
123,4,10.0,27,0.564998964945147
123,4,10.0,29,-0.7584482242153641
123,4,10.0,30,-0.9107510469281728
123,4,10.0,31,-0.8425679458902806
123,4,25.0,5,-1.7024131797856725
123,4,25.0,11,1.0614944391310743
123,4,25.0,26,-1.1925627641019467
123,4,25.0,27,0.5489038502793235
123,4,25.0,29,-0.763751859099532
123,4,25.0,30,-0.9066655416657454
123,4,25.0,31,-0.8539822696475596
123,4,60.0,5,-1.9378385959897102
123,4,60.0,11,0.8261055661537853
123,4,60.0,26,-1.316952195885893
123,4,60.0,27,0.4606924384534885
123,4,60.0,29,-0.8667036864850104
123,4,60.0,30,-0.9308615921468508
123,4,60.0,31,-0.9636609967549497
123,4,120.0,5,-2.058697045759729
123,4,120.0,11,0.7399549194879285
123,4,120.0,26,-1.4029998462840005
123,4,120.0,27,0.3907033499816883
123,4,120.0,29,-0.9361968330748951
123,4,120.0,30,-0.9775104869022577
123,4,120.0,31,-1.0354238138771414
123,4,250.0,5,-2.1021966238419196
123,4,250.0,11,0.7122386523921236
123,4,250.0,26,-1.4394287520820477
123,4,250.0,27,0.36010762281827624
123,4,250.0,29,-0.9633230962353849
123,4,250.0,30,-1.0022246760855644
123,4,250.0,31,-1.0632638932246081
125,0,10.0,20,2.1795874154365578
125,0,10.0,21,1.756925046823877
125,0,10.0,22,1.622683397858065
125,0,10.0,23,1.2859374859027959
125,0,10.0,25,0.6581241774949191
125,0,10.0,28,-0.6957304102628719
125,0,10.0,32,-0.2836719808781005
125,0,10.0,38,-0.6266882635890525
125,0,25.0,20,2.1199148512896713
125,0,25.0,21,1.7172244895515796
125,0,25.0,22,1.5951101457026162
125,0,25.0,23,1.0885146243697292
125,0,25.0,25,0.6197778732366217
125,0,25.0,28,-0.6613449482794636
125,0,25.0,32,-0.2460578870610064
125,0,25.0,38,-0.7269345369179518
125,0,60.0,20,1.8075614577902215
125,0,60.0,21,1.4344294438792211
125,0,60.0,22,1.3255806778002146
125,0,60.0,23,0.7505531648888386
125,0,60.0,25,0.32826369965490443
125,0,60.0,28,-0.6293385184249445
125,0,60.0,32,-0.2097185912341537
125,0,60.0,38,-0.9152711928216348
125,0,120.0,20,1.463266145623077
125,0,120.0,21,1.0812978834320965
125,0,120.0,22,0.9565763246604853
125,0,120.0,23,0.5375449050122469
125,0,120.0,25,-0.03143791926382988
125,0,120.0,28,-0.6167660344084389
125,0,120.0,32,-0.19538524892093534
125,0,120.0,38,-1.0208385309776915
125,0,250.0,20,1.270656820743099
125,0,250.0,21,0.8748386938452803
125,0,250.0,22,0.7358985847756223
125,0,250.0,23,0.44334483627010357
125,0,250.0,25,-0.23913160320971372
125,0,250.0,28,-0.6120819917543834
125,0,250.0,32,-0.19010136527382215
125,0,250.0,38,-1.0639554746329836
125,1,10.0,8,0.4765177162745644
125,1,10.0,9,0.17465341800136258
125,1,10.0,15,-0.5161357041227141
125,1,10.0,17,-1.652623297058902
125,1,10.0,18,-1.2440821857612399
125,1,10.0,19,-1.9583066173343724
125,1,10.0,24,1.1717988215130042
125,1,10.0,33,0.14267298739298084
125,1,25.0,8,0.3987580152148382
125,1,25.0,9,0.06994926556257042
125,1,25.0,15,-0.579129094551849
125,1,25.0,17,-1.489369170734932
125,1,25.0,18,-1.090396517246166
125,1,25.0,19,-1.8106246258425607
125,1,25.0,24,0.924157107941344
125,1,25.0,33,0.25504683861256083
125,1,60.0,8,0.09464807453414892
125,1,60.0,9,-0.2305548502310728
125,1,60.0,15,-0.5715396934249313
125,1,60.0,17,-1.0859532731247725
125,1,60.0,18,-0.6924233575896039
125,1,60.0,19,-1.3804158691177122
125,1,60.0,24,0.47690694335157957
125,1,60.0,33,0.5000138906187637
125,1,120.0,8,-0.11418287955408601
125,1,120.0,9,-0.4223496318234652
125,1,120.0,15,-0.5321244629179098
125,1,120.0,17,-0.81081524922946
125,1,120.0,18,-0.41765188000953657
125,1,120.0,19,-1.0670642513303576
125,1,120.0,24,0.23996509090609663
125,1,120.0,33,0.6707503089273352
125,1,250.0,8,-0.19843049014161807
125,1,250.0,9,-0.49863658315691595
125,1,250.0,15,-0.5104709053193481
125,1,250.0,17,-0.6921503186041775
125,1,250.0,18,-0.2988613646613203
125,1,250.0,19,-0.9298159978626579
125,1,250.0,24,0.15132067316899622
125,1,250.0,33,0.7453409479707425
125,2,10.0,3,-0.3333682726000049
125,2,10.0,6,0.7653355406044184
125,2,10.0,7,1.2120449854481592
125,2,10.0,10,0.1002929102554262
125,2,10.0,12,0.7574738196145923
125,2,10.0,13,0.49032209320377973
125,2,10.0,14,0.7379119688905433
125,2,10.0,37,0.4468623623225483
125,2,25.0,3,-0.30449693834201597
125,2,25.0,6,0.7554660768097818
125,2,25.0,7,1.170963793814991
125,2,25.0,10,0.05152872505989592
125,2,25.0,12,0.6958807027544971
125,2,25.0,13,0.5050045728399155
125,2,25.0,14,0.7951206136076863
125,2,25.0,37,0.4217148398359427
125,2,60.0,3,-0.07768789440439505
125,2,60.0,6,0.5706848851804409
125,2,60.0,7,0.9052534069266827
125,2,60.0,10,-0.07980749006205201
125,2,60.0,12,0.48860870223359854
125,2,60.0,13,0.5121786716493801
125,2,60.0,14,0.8799109330819483
125,2,60.0,37,0.19304169467073962
125,2,120.0,3,0.11566486546165677
125,2,120.0,6,0.35615937130335595
125,2,120.0,7,0.6516472886011968
125,2,120.0,10,-0.14122083253683115
125,2,120.0,12,0.36407530629379536
125,2,120.0,13,0.5165666801417288
125,2,120.0,14,0.9319640316165199
125,2,120.0,37,-0.04977347597494486
125,2,250.0,3,0.20007744535889316
125,2,250.0,6,0.2493783520350661
125,2,250.0,7,0.5308548491024467
125,2,250.0,10,-0.16003684970200283
125,2,250.0,12,0.3169909073758319
125,2,250.0,13,0.5210598210164079
125,2,250.0,14,0.9551572205819312
125,2,250.0,37,-0.1686292127513198
125,3,10.0,0,0.535371694089136
125,3,10.0,1,0.7111292170273735
125,3,10.0,2,1.3951471509861797
125,3,10.0,4,-1.2936506003857247
125,3,10.0,16,-1.5278735468092215
125,3,10.0,34,-0.39246900476221924
125,3,10.0,35,-0.5354956211690656
125,3,10.0,36,0.36194451675386574
125,3,25.0,0,0.6335915362895008
125,3,25.0,1,0.6896789935594292
125,3,25.0,2,1.3554229295303237
125,3,25.0,4,-1.1483209834873804
125,3,25.0,16,-1.3094239563984083
125,3,25.0,34,-0.3902498266229557
125,3,25.0,35,-0.5419818023219776
125,3,25.0,36,0.3575853183210498
125,3,60.0,0,0.6679424000678438
125,3,60.0,1,0.5881459841578973
125,3,60.0,2,1.2042742856650008
125,3,60.0,4,-0.6037064601793602
125,3,60.0,16,-0.9338012406319258
125,3,60.0,34,-0.3467646129930948
125,3,60.0,35,-0.5043491970594758
125,3,60.0,36,0.3926892663324075
125,3,120.0,0,0.6489463836115519
125,3,120.0,1,0.5152129510471504
125,3,120.0,2,1.100416545436314
125,3,120.0,4,-0.2325734728107065
125,3,120.0,16,-0.7348573295897225
125,3,120.0,34,-0.295933938751606
125,3,120.0,35,-0.45134621189408364
125,3,120.0,36,0.454787873583232
125,3,250.0,0,0.6372930046277503
125,3,250.0,1,0.4857631091157337
125,3,250.0,2,1.0589121963448633
125,3,250.0,4,-0.0812727512232172
125,3,250.0,16,-0.6580466313549351
125,3,250.0,34,-0.2699670113365329
125,3,250.0,35,-0.4239420898300068
125,3,250.0,36,0.48824338965653524
125,4,10.0,5,-0.3998535455779191
125,4,10.0,11,0.33336921425681254
125,4,10.0,26,1.0149413237845444
125,4,10.0,27,0.046593800535596586
125,4,10.0,29,-0.987255637644946
125,4,10.0,30,1.1912724413107334
125,4,10.0,31,-1.1820730214071737
125,4,25.0,5,-0.37961322523553065
125,4,25.0,11,0.24632752168491123
125,4,25.0,26,0.9656159368170272
125,4,25.0,27,0.02659587255989493
125,4,25.0,29,-0.9205184232315382
125,4,25.0,30,1.2054350425291354
125,4,25.0,31,-1.1142057407651293
125,4,60.0,5,-0.4913380692901157
125,4,60.0,11,-0.011166265032862555
125,4,60.0,26,0.7499665775232671
125,4,60.0,27,-0.15297042666781735
125,4,60.0,29,-0.6990617788909077
125,4,60.0,30,1.210511789647942
125,4,60.0,31,-0.8877568977930679
125,4,120.0,5,-0.5983872431511017
125,4,120.0,11,-0.1577953761596902
125,4,120.0,26,0.5785996908671152
125,4,120.0,27,-0.3256567589968249
125,4,120.0,29,-0.562665630531832
125,4,120.0,30,1.171452751409916
125,4,120.0,31,-0.7486473905176467
125,4,250.0,5,-0.6443116068851253
125,4,250.0,11,-0.2130514834139987
125,4,250.0,26,0.5023333147910627
125,4,250.0,27,-0.4061387227663218
125,4,250.0,29,-0.5112501573272361
125,4,250.0,30,1.1447263531068472
125,4,250.0,31,-0.696219678903848
126,0,10.0,20,1.3312527317712153
126,0,10.0,21,0.2013408329631865
126,0,10.0,22,1.6707500386615557
126,0,10.0,23,0.8822407346537275
126,0,10.0,25,0.25932994120330477
126,0,10.0,28,0.07462090973474744
126,0,10.0,32,-0.29432563974845394
126,0,10.0,38,-3.2367785194454832
126,0,25.0,20,1.278417301993258
126,0,25.0,21,0.199560041068235
126,0,25.0,22,1.663278087376181
126,0,25.0,23,0.6688114173127104
126,0,25.0,25,0.2269178534773033
126,0,25.0,28,0.007223387533024095
126,0,25.0,32,-0.35665977615244415
126,0,25.0,38,-3.125523530321871
126,0,60.0,20,1.1184210466420943
126,0,60.0,21,0.1494554592813948
126,0,60.0,22,1.596530568541791
126,0,60.0,23,0.4468061085522166
126,0,60.0,25,0.0737775839604673
126,0,60.0,28,-0.18337433861563568
126,0,60.0,32,-0.54077986995636
126,0,60.0,38,-2.9260411785835068
126,0,120.0,20,1.0096427373762467
126,0,120.0,21,0.08896421765604146
126,0,120.0,22,1.5222302173905753
126,0,120.0,23,0.37043088319949646
126,0,120.0,25,-0.04413770421479768
126,0,120.0,28,-0.2702798352337723
126,0,120.0,32,-0.6254272814183253
126,0,120.0,38,-2.8381529007656567
126,0,250.0,20,0.9616214942505223
126,0,250.0,21,0.05592639249075759
126,0,250.0,22,1.4826148035795619
126,0,250.0,23,0.3458202751552406
126,0,250.0,25,-0.09806258400449863
126,0,250.0,28,-0.2994479314014633
126,0,250.0,32,-0.6538861757075303
126,0,250.0,38,-2.8084443322146484
126,1,10.0,8,-0.680657445656184
126,1,10.0,9,-0.09368027985547656
126,1,10.0,15,-0.10895936417660224
126,1,10.0,17,-0.7919644575616829
126,1,10.0,18,-1.020317566379294
126,1,10.0,19,-1.3558263978562621
126,1,10.0,24,0.5054634305763983
126,1,10.0,33,-1.121569196299319
126,1,25.0,8,-0.6832722202897195
126,1,25.0,9,-0.09442574717158436
126,1,25.0,15,-0.17811075595882997
126,1,25.0,17,-0.49121855453060803
126,1,25.0,18,-0.6976689693543285
126,1,25.0,19,-1.0699252763888545
126,1,25.0,24,0.23352921341224686
126,1,25.0,33,-0.9212889526809356
126,1,60.0,8,-0.6492871099303485
126,1,60.0,9,-0.05547686678462327
126,1,60.0,15,-0.24078826223848537
126,1,60.0,17,0.1363753152042193
126,1,60.0,18,-0.01888388295969179
126,1,60.0,19,-0.39009211445279846
126,1,60.0,24,-0.13004868199070785
126,1,60.0,33,-0.6316338508074715
126,1,120.0,8,-0.628006079801942
126,1,120.0,9,-0.03260609099484668
126,1,120.0,15,-0.26555605278645444
126,1,120.0,17,0.4567242820305317
126,1,120.0,18,0.3295111573727034
126,1,120.0,19,-0.011858208068893816
126,1,120.0,24,-0.27683753480618734
126,1,120.0,33,-0.4709232402207455
126,1,250.0,8,-0.6203713261852712
126,1,250.0,9,-0.02452252417792522
126,1,250.0,15,-0.27354924943223935
126,1,250.0,17,0.5745769758666128
126,1,250.0,18,0.4581626217257764
126,1,250.0,19,0.13175338198794861
126,1,250.0,24,-0.3253467077194827
126,1,250.0,33,-0.4074561368080616
126,2,10.0,3,0.21457195291396047
126,2,10.0,7,-0.08132436075973004
126,2,10.0,10,0.21411918543652675
126,2,10.0,12,0.5252756479517267
126,2,10.0,13,0.8158215937884741
126,2,10.0,14,0.4205149810341311
126,2,10.0,37,-0.9669755396493187
126,2,25.0,3,0.2367123519689578
126,2,25.0,7,0.058816322981421365
126,2,25.0,10,0.18320890913753018
126,2,25.0,12,0.3151833782140194
126,2,25.0,13,0.7931249127321145
126,2,25.0,14,0.4070674283634048
126,2,25.0,37,-0.7464866874070069
126,2,60.0,3,0.2893303665278104
126,2,60.0,7,0.38463036395236117
126,2,60.0,10,0.11288500248837607
126,2,60.0,12,-0.017988213404052544
126,2,60.0,13,0.6862467641571932
126,2,60.0,14,0.3530075706168283
126,2,60.0,37,-0.3270403489594216
126,2,120.0,3,0.3115071108407115
126,2,120.0,7,0.5745770449807068
126,2,120.0,10,0.07246355389224135
126,2,120.0,12,-0.16188026895344265
126,2,120.0,13,0.6198897042985863
126,2,120.0,14,0.31894766292656485
126,2,120.0,37,-0.10289918412447463
126,2,250.0,3,0.3183507263022918
126,2,250.0,7,0.6479370693686732
126,2,250.0,10,0.057118708810630636
126,2,250.0,12,-0.21037998645085665
126,2,250.0,13,0.5950755560259999
126,2,250.0,14,0.3059962676787862
126,2,250.0,37,-0.01836250882784185
126,3,10.0,1,-1.018801808762575
126,3,10.0,2,-0.1456063897335227
126,3,10.0,4,-2.373377989136859
126,3,10.0,16,-0.7473278034565816
126,3,10.0,34,-0.7251798038180759
126,3,10.0,36,-0.7138197641778596
126,3,25.0,1,-1.0209467672301784
126,3,25.0,2,-0.1551499873636608
126,3,25.0,4,-2.267596024695024
126,3,25.0,16,-0.5214400789580012
126,3,25.0,34,-0.4347734404258432
126,3,25.0,36,-0.5050694675662157
126,3,60.0,1,-1.0186741825000993
126,3,60.0,2,-0.1486439568725757
126,3,60.0,4,-1.983856755056859
126,3,60.0,16,-0.2725473666007474
126,3,60.0,34,-0.0600585999116241
126,3,60.0,36,-0.05597616129789884
126,3,120.0,1,-1.0170032093186983
126,3,120.0,2,-0.14336733277474423
126,3,120.0,4,-1.8315155788603725
126,3,120.0,16,-0.18351841317902284
126,3,120.0,34,0.11456907448687303
126,3,120.0,36,0.20474934038190895
126,3,250.0,1,-1.016412106782873
126,3,250.0,2,-0.14148725363707015
126,3,250.0,4,-1.775960575759619
126,3,250.0,16,-0.15473703129304894
126,3,250.0,34,0.17839876275100508
126,3,250.0,36,0.3045351571279582
126,4,10.0,5,-0.294079022516339
126,4,10.0,11,0.11666008538760053
126,4,10.0,26,2.2214256996646817
126,4,10.0,27,1.6925643065176281
126,4,10.0,29,0.017924760789082228
126,4,10.0,30,1.555408780735931
126,4,10.0,31,-0.045555671978256385
126,4,25.0,5,0.4624853317010391
126,4,25.0,11,0.004846271560509763
126,4,25.0,26,2.11324401796848
126,4,25.0,27,1.643412670402597
126,4,25.0,29,0.2653637809370828
126,4,25.0,30,1.4888161611596828
126,4,25.0,31,0.19053987570796238
126,4,60.0,5,1.3163505764764913
126,4,60.0,11,-0.12274564256372855
126,4,60.0,26,1.84047201580157
126,4,60.0,27,1.388993369468757
126,4,60.0,29,0.5726159325751894
126,4,60.0,30,1.2904456806763456
126,4,60.0,31,0.49575981570179906
126,4,120.0,5,1.6111447378622188
126,4,120.0,11,-0.16589596506581472
126,4,120.0,26,1.6658668222677413
126,4,120.0,27,1.1848198080998884
126,4,120.0,29,0.6820651579506567
126,4,120.0,30,1.1411271125501123
126,4,120.0,31,0.6058279455495992
126,4,250.0,5,1.7036445955669883
126,4,250.0,11,-0.17902154972629347
126,4,250.0,26,1.593903009413129
126,4,250.0,27,1.0959828154462308
126,4,250.0,29,0.7164329332869315
126,4,250.0,30,1.0749999647137578
126,4,250.0,31,0.6404911123498209
132,0,10.0,20,-0.1920212249097979
132,0,10.0,21,-0.7720326688837815
132,0,10.0,22,0.017590415416059102
132,0,10.0,23,-1.1006934966854267
132,0,10.0,25,0.2996864944129989
132,0,10.0,28,0.5747591099305751
132,0,10.0,32,0.7005839760445411
132,0,10.0,38,0.6085865412529294
132,0,25.0,20,-0.13461432826207087
132,0,25.0,21,-0.7455905919598393
132,0,25.0,22,0.03855559317348778
132,0,25.0,23,-0.9066973621044241
132,0,25.0,25,0.3366241332365405
132,0,25.0,28,0.4342368216244239
132,0,25.0,32,0.5589092439059726
132,0,25.0,38,0.534881709445088
132,0,60.0,20,0.10172317944190468
132,0,60.0,21,-0.556487041739242
132,0,60.0,22,0.2254399533507936
132,0,60.0,23,-0.6813530353235535
132,0,60.0,25,0.5591141482753628
132,0,60.0,28,0.09259181378196502
132,0,60.0,32,0.21598449137427878
132,0,60.0,38,0.5310616768779042
132,0,120.0,20,0.32920821766368746
132,0,120.0,21,-0.33131080396416124
132,0,120.0,22,0.4635026150390402
132,0,120.0,23,-0.5645008112010501
132,0,120.0,25,0.7997111895756461
132,0,120.0,28,-0.08197366939415218
132,0,120.0,32,0.041028206813940926
132,0,120.0,38,0.552840050874309
132,0,250.0,20,0.4507578863929176
132,0,250.0,21,-0.20277141236079999
132,0,250.0,22,0.601728033300784
132,0,250.0,23,-0.5157927976507679
132,0,250.0,25,0.9324539084159191
132,0,250.0,28,-0.1443303821544859
132,0,250.0,32,-0.021441266284071503
132,0,250.0,38,0.5649537333002073
132,1,10.0,8,-0.2409551955072331
132,1,10.0,15,-0.5685922952260754
132,1,10.0,17,-0.09670947764919191
132,1,10.0,18,-0.5200682746174152
132,1,10.0,19,-0.17837758621778477
132,1,10.0,24,-1.118687693231493
132,1,10.0,33,1.3785115388035933
132,1,25.0,8,-0.20259524263511253
132,1,25.0,15,-0.545678186510898
132,1,25.0,17,-0.15923476148322635
132,1,25.0,18,-0.5850471623195972
132,1,25.0,19,-0.24052588598535607
132,1,25.0,24,-0.8796264778942948
132,1,25.0,33,1.0659649772520936
132,1,60.0,8,-0.024915596298136222
132,1,60.0,15,-0.5041220139228386
132,1,60.0,17,-0.2812618653518939
132,1,60.0,18,-0.7256988076699074
132,1,60.0,19,-0.42928078020686655
132,1,60.0,24,-0.5868764479202078
132,1,60.0,33,0.6259870644769592
132,1,120.0,8,0.09762355911888676
132,1,120.0,15,-0.48998713254665205
132,1,120.0,17,-0.3589682804999512
132,1,120.0,18,-0.8161019630097783
132,1,120.0,19,-0.5627745221681337
132,1,120.0,24,-0.4498825670013815
132,1,120.0,33,0.41721705361646144
132,1,250.0,8,0.1464080841467137
132,1,250.0,15,-0.48665417214895257
132,1,250.0,17,-0.3922619142198158
132,1,250.0,18,-0.8543714786128547
132,1,250.0,19,-0.6192030827360142
132,1,250.0,24,-0.40018422541974985
132,1,250.0,33,0.34053369108421094
132,2,10.0,3,-1.2299299669767336
132,2,10.0,6,-0.7565994440960218
132,2,10.0,7,-0.5834099182062147
132,2,10.0,10,-0.20008787612837153
132,2,10.0,12,-0.3624318278465424
132,2,10.0,13,-1.149468896601583
132,2,10.0,14,0.006994133681359926
132,2,10.0,37,-1.1865337503765794
132,2,25.0,3,-1.2264967818813304
132,2,25.0,6,-0.750341490468184
132,2,25.0,7,-0.5551605439832059
132,2,25.0,10,-0.1790488057195816
132,2,25.0,12,-0.2941444884180271
132,2,25.0,13,-1.118357912393293
132,2,25.0,14,0.08070150759047579
132,2,25.0,37,-1.170445596255714
132,2,60.0,3,-1.2065656102756392
132,2,60.0,6,-0.6474504604022435
132,2,60.0,7,-0.3996015706078673
132,2,60.0,10,-0.08075884070486694
132,2,60.0,12,-0.0998840314820626
132,2,60.0,13,-1.0268087197720561
132,2,60.0,14,0.17547106444875027
132,2,60.0,37,-1.0451945528309459
132,2,120.0,3,-1.184197966324426
132,2,120.0,6,-0.5334410837273502
132,2,120.0,7,-0.2626708784932674
132,2,120.0,10,-0.0011441438366546208
132,2,120.0,12,0.014596422173639212
132,2,120.0,13,-0.9564034208552741
132,2,120.0,14,0.23612758952305768
132,2,120.0,37,-0.91915794493136
132,2,250.0,3,-1.1720651845646586
132,2,250.0,6,-0.47788728349896203
132,2,250.0,7,-0.1993030429317706
132,2,250.0,10,0.03477973019345626
132,2,250.0,12,0.060017895117518094
132,2,250.0,13,-0.9242034470979021
132,2,250.0,14,0.26380175487265234
132,2,250.0,37,-0.85866267036198
132,3,10.0,0,0.9128728136323794
132,3,10.0,1,-0.7838822844338118
132,3,10.0,2,-0.22373626906847477
132,3,10.0,4,0.5369810803488235
132,3,10.0,16,0.5599098718301292
132,3,10.0,34,1.234669899707015
132,3,10.0,35,0.9002110303719988
132,3,10.0,36,2.1381418729641197
132,3,25.0,0,0.8218624146429576
132,3,25.0,1,-0.7806282863044629
132,3,25.0,2,-0.21354029472126257
132,3,25.0,4,0.5646054486748753
132,3,25.0,16,0.5700724478312296
132,3,25.0,34,1.0616514415894969
132,3,25.0,35,0.6900765854796092
132,3,25.0,36,2.0005231601992364
132,3,60.0,0,0.7539148892896037
132,3,60.0,1,-0.7597475998451664
132,3,60.0,2,-0.15408691472652336
132,3,60.0,4,0.6543856003646766
132,3,60.0,16,0.571288615796476
132,3,60.0,34,0.6712556375192733
132,3,60.0,35,0.3127716823665736
132,3,60.0,36,1.5102557779535388
132,3,120.0,0,0.7428043674052454
132,3,120.0,1,-0.7408964608522801
132,3,120.0,2,-0.10184428186048322
132,3,120.0,4,0.7068927354493226
132,3,120.0,16,0.5688717715726881
132,3,120.0,34,0.4322813127336502
132,3,120.0,35,0.08576792890428919
132,3,120.0,36,1.1764082281492634
132,3,250.0,0,0.7414618660327648
132,3,250.0,1,-0.7326774961264206
132,3,250.0,2,-0.07926189278524731
132,3,250.0,4,0.7261804188339838
132,3,250.0,16,0.5672713409730363
132,3,250.0,34,0.3382530137891777
132,3,250.0,35,-0.0037366243592700243
132,3,250.0,36,1.041611426287865
132,4,10.0,5,-1.3585220643963005
132,4,10.0,11,0.014859606538870196
132,4,10.0,26,-0.6225629145369709
132,4,10.0,29,0.7470462148725119
132,4,10.0,30,1.3659213068896605
132,4,10.0,31,0.7870347333837486
132,4,25.0,5,-1.4195542249481932
132,4,25.0,11,0.060624404515422725
132,4,25.0,26,-0.58720841350668
132,4,25.0,29,0.6476944757047534
132,4,25.0,30,1.3389621019343778
132,4,25.0,31,0.6932111819657365
132,4,60.0,5,-1.4326648270494609
132,4,60.0,11,0.21577330314652698
132,4,60.0,26,-0.4460787499009733
132,4,60.0,29,0.4365353716235205
132,4,60.0,30,1.255097311496307
132,4,60.0,31,0.48727731131960894
132,4,120.0,5,-1.4063903198424548
132,4,120.0,11,0.30681361848835564
132,4,120.0,26,-0.34918805032525313
132,4,120.0,29,0.3352582537393687
132,4,120.0,30,1.222562202747035
132,4,120.0,31,0.387475007822502
132,4,250.0,5,-1.3927451302190832
132,4,250.0,11,0.34101126388973313
132,4,250.0,26,-0.30889296620772555
132,4,250.0,29,0.3000728394401264
132,4,250.0,30,1.215679188306794
132,4,250.0,31,0.35271035505287074
135,0,10.0,20,-0.4753320398819092
135,0,10.0,21,-0.5838460195178641
135,0,10.0,22,-0.45363032049651864
135,0,10.0,23,0.010301202425683442
135,0,10.0,28,0.8193877821162125
135,0,10.0,32,1.0856446493395424
135,0,10.0,38,1.3566725532834205
135,0,25.0,20,-0.5483228357118435
135,0,25.0,21,-0.6035383590776213
135,0,25.0,22,-0.47333433996659124
135,0,25.0,23,-0.17461544709911436
135,0,25.0,28,0.9157131040059703
135,0,25.0,32,1.1801738687182137
135,0,25.0,38,1.665117145782709
135,0,60.0,20,-0.7216539789375531
135,0,60.0,21,-0.689444648233259
135,0,60.0,22,-0.5717991161569813
135,0,60.0,23,-0.2673890597669235
135,0,60.0,28,1.1134330669254275
135,0,60.0,32,1.374145369943946
135,0,60.0,38,1.9339647832017057
135,0,120.0,20,-0.8192289172576785
135,0,120.0,21,-0.7549999820009745
135,0,120.0,22,-0.6489728774111647
135,0,120.0,23,-0.28668267886387255
135,0,120.0,28,1.2225690258175526
135,0,120.0,32,1.481335504919329
135,0,120.0,38,2.0229479088963878
135,0,250.0,20,-0.8591980405302913
135,0,250.0,21,-0.7858785263106647
135,0,250.0,22,-0.6850746040202118
135,0,250.0,23,-0.292586233975868
135,0,250.0,28,1.2639399122313115
135,0,250.0,32,1.5219823487049027
135,0,250.0,38,2.050536818034363
135,1,10.0,8,-0.5694710742249391
135,1,10.0,9,-1.0739874208691802
135,1,10.0,17,-0.5010109518647248
135,1,10.0,18,-0.3038220362646378
135,1,10.0,19,-0.6121477875197172
135,1,10.0,24,1.190681724941168
135,1,25.0,8,-0.48074761466840954
135,1,25.0,9,-0.9825102288831076
135,1,25.0,17,-0.4751030071991771
135,1,25.0,18,-0.27955081566841855
135,1,25.0,19,-0.603947487014505
135,1,25.0,24,1.2347319255461393
135,1,60.0,8,-0.2234991033964704
135,1,60.0,9,-0.7339580288772076
135,1,60.0,17,-0.31069803160415077
135,1,60.0,18,-0.14107857444413696
135,1,60.0,19,-0.5146995655810827
135,1,60.0,24,1.3666911922409462
135,1,120.0,8,-0.07979429345742162
135,1,120.0,9,-0.5984438213355574
135,1,120.0,17,-0.19040779377909445
135,1,120.0,18,-0.03809214851022702
135,1,120.0,19,-0.43897722729406397
135,1,120.0,24,1.4405155136737022
135,1,250.0,8,-0.026655190622754787
135,1,250.0,9,-0.5486398397093737
135,1,250.0,17,-0.14083248883951782
135,1,250.0,18,0.004827163011952962
135,1,250.0,19,-0.40572537680121457
135,1,250.0,24,1.4678203244014156
135,2,10.0,3,-2.1909338298074275
135,2,10.0,6,-1.0386139916605615
135,2,10.0,7,-0.12967562912600883
135,2,10.0,10,-0.6521648020589126
135,2,10.0,12,-0.3078244930374794
135,2,10.0,13,-0.3236709780371072
135,2,10.0,37,-0.29115319940670403
135,2,25.0,3,-2.1875120081315025
135,2,25.0,6,-1.0370013783551464
135,2,25.0,7,-0.11049043054673646
135,2,25.0,10,-0.5489800892574088
135,2,25.0,12,-0.2277395676109144
135,2,25.0,13,-0.30170740091447
135,2,25.0,37,-0.2828641414120412
135,2,60.0,3,-2.1422139088032957
135,2,60.0,6,-0.9470156245920194
135,2,60.0,7,0.005622150822986782
135,2,60.0,10,-0.3373444346758738
135,2,60.0,12,-0.01050269421599026
135,2,60.0,13,-0.15049569103230098
135,2,60.0,37,-0.1882759034228627
135,2,120.0,3,-2.0762055731441436
135,2,120.0,6,-0.852067570669238
135,2,120.0,7,0.11189338837924012
135,2,120.0,10,-0.1883907258381292
135,2,120.0,12,0.1282381351512285
135,2,120.0,13,0.006469597882208689
135,2,120.0,37,-0.08919286070412014
135,2,250.0,3,-2.0376750936985353
135,2,250.0,6,-0.8066180970094656
135,2,250.0,7,0.16162141761775217
135,2,250.0,10,-0.11783678842865442
135,2,250.0,12,0.18807089651708253
135,2,250.0,13,0.08771429838333233
135,2,250.0,37,-0.04135363423673155
135,3,10.0,0,-0.538461232513626
135,3,10.0,1,-0.3021896568281335
135,3,10.0,2,0.07244825433173574
135,3,10.0,4,-0.4784720369975197
135,3,10.0,16,0.29883677517409524
135,3,10.0,34,0.1772781787687947
135,3,10.0,36,1.0089084423665824
135,3,25.0,0,-0.6863756682336621
135,3,25.0,1,-0.23053539398577882
135,3,25.0,2,0.2268439235370181
135,3,25.0,4,-0.40644566723239706
135,3,25.0,16,0.4139232142063278
135,3,25.0,34,0.16025661345960174
135,3,25.0,36,1.005932652477771
135,3,60.0,0,-0.7725905349762066
135,3,60.0,1,0.0027361174556830292
135,3,60.0,2,0.6503780129774697
135,3,60.0,4,-0.21048226362964328
135,3,60.0,16,0.643557192257056
135,3,60.0,34,0.13744433005620493
135,3,60.0,36,0.9969558296953416
135,3,120.0,0,-0.7922764930969919
135,3,120.0,1,0.13616571627380125
135,3,120.0,2,0.8896344040249566
135,3,120.0,4,-0.09769735530398549
135,3,120.0,16,0.7847040250282618
135,3,120.0,34,0.15472336809602183
135,3,120.0,36,1.014431068756366
135,3,250.0,0,-0.7971673458946356
135,3,250.0,1,0.1859795896204801
135,3,250.0,2,0.9791252673242461
135,3,250.0,4,-0.05494309169721845
135,3,250.0,16,0.8410405989284939
135,3,250.0,34,0.17139379573163893
135,3,250.0,36,1.0308307239053356
135,4,10.0,5,-2.476272988032079
135,4,10.0,11,-0.9271974452392193
135,4,10.0,26,-0.9384413908030425
135,4,10.0,27,-0.27187368773246945
135,4,10.0,29,-0.39871821315404077
135,4,10.0,30,-1.1787261526831898
135,4,10.0,31,-0.4043054353256963
135,4,25.0,5,-2.5146849270127305
135,4,25.0,11,-0.8044517931440893
135,4,25.0,26,-0.9389312921744235
135,4,25.0,27,-0.28386349010110834
135,4,25.0,29,-0.5439039996955088
135,4,25.0,30,-1.2192902779733394
135,4,25.0,31,-0.5406425817693403
135,4,60.0,5,-2.4614835904388244
135,4,60.0,11,-0.6155660499108677
135,4,60.0,26,-0.9970775187831009
135,4,60.0,27,-0.3842386360772032
135,4,60.0,29,-0.6974824607291126
135,4,60.0,30,-1.3615228298841338
135,4,60.0,31,-0.6885058790428502
135,4,120.0,5,-2.422759376322759
135,4,120.0,11,-0.5371440921396093
135,4,120.0,26,-1.0561152053759812
135,4,120.0,27,-0.4763367849457616
135,4,120.0,29,-0.7454630154016435
135,4,120.0,30,-1.4641915898507065
135,4,120.0,31,-0.7342253563358412
135,4,250.0,5,-2.408339024508905
135,4,250.0,11,-0.51070062082173
135,4,250.0,26,-1.0835827832503426
135,4,250.0,27,-0.5180373529912359
135,4,250.0,29,-0.7596489540275826
135,4,250.0,30,-1.5077291133916262
135,4,250.0,31,-0.74760499506732
142,0,10.0,20,1.1271708933581124
142,0,10.0,21,1.3136662693496959
142,0,10.0,22,0.8639507911394517
142,0,10.0,23,1.1035427446473172
142,0,10.0,25,2.779958166191321
142,0,10.0,28,0.17626861467999788
142,0,10.0,32,-0.1458006266966123
142,0,10.0,38,1.1955451902979526
142,0,25.0,20,1.0044157296103577
142,0,25.0,21,1.28239973816477
142,0,25.0,22,0.8314818677697673
142,0,25.0,23,0.7369177868606336
142,0,25.0,25,2.718862454713431
142,0,25.0,28,-0.03286937313196603
142,0,25.0,32,-0.3619072849653193
142,0,25.0,38,0.9497368318244206
142,0,60.0,20,0.5951954846077641
142,0,60.0,21,1.0405741753343847
142,0,60.0,22,0.5756318421412203
142,0,60.0,23,0.2625830173870938
142,0,60.0,25,2.4325242919769607
142,0,60.0,28,-0.5013007709794195
142,0,60.0,32,-0.8358893144758213
142,0,60.0,38,0.7185942687803539
142,0,120.0,20,0.2564444488763229
142,0,120.0,21,0.7489270703938331
142,0,120.0,22,0.26387017809410196
142,0,120.0,23,0.023920149458461992
142,0,120.0,25,2.165743928213722
142,0,120.0,28,-0.7470278047195151
142,0,120.0,32,-1.0826421782605422
142,0,120.0,38,0.6248336973854087
142,0,250.0,20,0.0851944998274945
142,0,250.0,21,0.582569550548591
142,0,250.0,22,0.08478217648040243
142,0,250.0,23,-0.07110452592472782
142,0,250.0,25,2.0254123963554065
142,0,250.0,28,-0.8368523207514968
142,0,250.0,32,-1.172664387353791
142,0,250.0,38,0.589864995889581
142,1,10.0,8,0.2450950232632394
142,1,10.0,15,0.002562009690876721
142,1,10.0,17,0.8250481788176032
142,1,10.0,18,0.5297049882373841
142,1,10.0,19,2.368069766174383
142,1,10.0,24,2.455655587229579
142,1,10.0,33,2.4931155023552805
142,1,25.0,8,0.12723313241741607
142,1,25.0,15,-0.0033869180954795297
142,1,25.0,17,0.7871458710910417
142,1,25.0,18,0.49311806010722137
142,1,25.0,19,2.3186958636268287
142,1,25.0,24,2.1770642205433433
142,1,25.0,33,1.967749062439843
142,1,60.0,8,-0.1953856886301253
142,1,60.0,15,-0.07407781649218492
142,1,60.0,17,0.6817836701150739
142,1,60.0,18,0.37663541708387527
142,1,60.0,19,2.126520558621852
142,1,60.0,24,1.727525616320733
142,1,60.0,33,1.3353182862107786
142,1,120.0,8,-0.38543269927280477
142,1,120.0,15,-0.14359947696292608
142,1,120.0,17,0.5624595427910961
142,1,120.0,18,0.24656007368787414
142,1,120.0,19,1.9356240903423583
142,1,120.0,24,1.5130901280082654
142,1,120.0,33,1.0635907505372941
142,1,250.0,8,-0.4583242458379715
142,1,250.0,15,-0.17721481797935468
142,1,250.0,17,0.4957995259349204
142,1,250.0,18,0.17497615182278992
142,1,250.0,19,1.837839490823594
142,1,250.0,24,1.43617972958166
142,1,250.0,33,0.9655048778384412
142,2,10.0,3,-0.5333376022444085
142,2,10.0,6,0.34361291156990603
142,2,10.0,10,-0.12090980492678938
142,2,10.0,12,0.5212529573798719
142,2,10.0,13,-0.10366431334932003
142,2,10.0,37,-0.6860881148059335
142,2,25.0,3,-0.5495275114467901
142,2,25.0,6,0.2824108909626588
142,2,25.0,10,-0.26604759763228714
142,2,25.0,12,0.43611397181400235
142,2,25.0,13,-0.1376902376125244
142,2,25.0,37,-0.7386123095040915
142,2,60.0,3,-0.7447420286741462
142,2,60.0,6,-0.06092567351011269
142,2,60.0,10,-0.586730628930205
142,2,60.0,12,0.09953551659270232
142,2,60.0,13,-0.3482392764473943
142,2,60.0,37,-1.0847430485188951
142,2,120.0,3,-0.9951868604984497
142,2,120.0,6,-0.37042528847614165
142,2,120.0,10,-0.818251240360901
142,2,120.0,12,-0.1423434326467543
142,2,120.0,13,-0.5565261190892414
142,2,120.0,37,-1.4075658386973018
142,2,250.0,3,-1.1294761388683838
142,2,250.0,6,-0.5150581847518083
142,2,250.0,10,-0.9256305993813143
142,2,250.0,12,-0.24646671324752134
142,2,250.0,13,-0.6588860714512919
142,2,250.0,37,-1.5597019964228096
142,3,10.0,0,1.0766999890392341
142,3,10.0,1,0.4043432307081716
142,3,10.0,2,0.5593188032964562
142,3,10.0,16,0.4074357817258232
142,3,10.0,34,2.1927948740647167
142,3,10.0,35,1.6390444617877762
142,3,10.0,36,1.2531799003155015
142,3,25.0,0,0.7814271932189314
142,3,25.0,1,0.35932801702754347
142,3,25.0,2,0.49226997138519124
142,3,25.0,16,0.17137744726053228
142,3,25.0,34,1.8379317792406482
142,3,25.0,35,1.1641530447169188
142,3,25.0,36,0.9534485041582883
142,3,60.0,0,0.44374662942963283
142,3,60.0,1,0.11058433766856268
142,3,60.0,2,0.24003622024785187
142,3,60.0,16,-0.21280874498552294
142,3,60.0,34,1.1762680388666809
142,3,60.0,35,0.4841429462029012
142,3,60.0,36,0.2656021450257029
142,3,120.0,0,0.30133295295240003
142,3,120.0,1,-0.0777958826192986
142,3,120.0,2,0.06447890384000488
142,3,120.0,16,-0.4034279998667145
142,3,120.0,34,0.8419808242273206
142,3,120.0,35,0.1646262648361585
142,3,120.0,36,-0.0793083861805357
142,3,250.0,0,0.25191045236050513
142,3,250.0,1,-0.15635894985757304
142,3,250.0,2,-0.007649309582390629
142,3,250.0,16,-0.473216915522066
142,3,250.0,34,0.7208623469833242
142,3,250.0,35,0.05086395795192544
142,3,250.0,36,-0.2030626740080237
142,4,10.0,5,-0.2062775539687678
142,4,10.0,11,1.7254304291459164
142,4,10.0,26,0.2554724477167909
142,4,10.0,27,0.3759306318303075
142,4,10.0,29,1.6513805210417516
142,4,10.0,30,-0.039453996185294216
142,4,10.0,31,0.9240377919955236
142,4,25.0,5,-0.4291743888888462
142,4,25.0,11,1.6788135485164517
142,4,25.0,26,0.19008819864291837
142,4,25.0,27,0.3358823285754937
142,4,25.0,29,1.5555161064941103
142,4,25.0,30,-0.06784176312483226
142,4,25.0,31,0.8305216609697013
142,4,60.0,5,-0.82578547627935
142,4,60.0,11,1.5178912767088235
142,4,60.0,26,-0.1438051680316974
142,4,60.0,27,0.014552762863566215
142,4,60.0,29,1.2046753420498177
142,4,60.0,30,-0.32608185739480433
142,4,60.0,31,0.4827056504458298
142,4,120.0,5,-1.028743657619195
142,4,120.0,11,1.4153123403732906
142,4,120.0,26,-0.44023093542784153
142,4,120.0,27,-0.29695531799157493
142,4,120.0,29,0.9866700475231625
142,4,120.0,30,-0.6064802846947401
142,4,120.0,31,0.26524122861813737
142,4,250.0,5,-1.1034560301231835
142,4,250.0,11,1.3743431927833853
142,4,250.0,26,-0.5782524319234028
142,4,250.0,27,-0.44439089307651614
142,4,250.0,29,0.9004385119595497
142,4,250.0,30,-0.7439017386234426
142,4,250.0,31,0.17911647948549358
145,0,10.0,21,0.41717746168253456
145,0,10.0,22,0.7643201512408169
145,0,10.0,23,-0.08973695120280212
145,0,10.0,25,0.8898068215085573
145,0,10.0,32,0.40976737209085456
145,0,25.0,21,0.406872379040216
145,0,25.0,22,0.7524784786532877
145,0,25.0,23,-0.2580297429298355
145,0,25.0,25,0.8557113932696723
145,0,25.0,32,0.3050165656591375
145,0,60.0,21,0.3315289105996868
145,0,60.0,22,0.6639445546354281
145,0,60.0,23,-0.48326692255761117
145,0,60.0,25,0.6936838339392679
145,0,60.0,32,0.006102068890250223
145,0,120.0,21,0.24155521483774578
145,0,120.0,22,0.5612702213116378
145,0,120.0,23,-0.6082264085643558
145,0,120.0,25,0.5526736723139578
145,0,120.0,32,-0.17989954447571677
145,0,250.0,21,0.18913802745425556
145,0,250.0,22,0.502277383416299
145,0,250.0,23,-0.6601806882157533
145,0,250.0,25,0.48142915331933267
145,0,250.0,32,-0.2528945406566834
145,1,10.0,8,-0.8242031667508769
145,1,10.0,9,-0.538317888890866
145,1,10.0,15,0.6662086378842389
145,1,10.0,17,-0.6432982619801564
145,1,10.0,18,-0.2504682740310855
145,1,10.0,19,0.642159002888917
145,1,10.0,24,1.3750625880497864
145,1,10.0,33,2.2590367279231707
145,1,25.0,8,-0.8198794135062144
145,1,25.0,9,-0.5473441601283113
145,1,25.0,15,0.4628090948817771
145,1,25.0,17,-0.5909395240848241
145,1,25.0,18,-0.1961774911339802
145,1,25.0,19,0.6852491701812156
145,1,25.0,24,1.369901326403351
145,1,25.0,33,2.2080305057753726
145,1,60.0,8,-0.7744597215019695
145,1,60.0,9,-0.523426664854
145,1,60.0,15,0.20144756936627317
145,1,60.0,17,-0.49538860571912835
145,1,60.0,18,-0.09691261316979904
145,1,60.0,19,0.7679756899055974
145,1,60.0,24,1.299404917153531
145,1,60.0,33,2.070063603657001
145,1,120.0,8,-0.7441576333541278
145,1,120.0,9,-0.5013564993562554
145,1,120.0,15,0.07876579691554042
145,1,120.0,17,-0.4695944664378686
145,1,120.0,18,-0.06917424045595055
145,1,120.0,19,0.7865397016007663
145,1,120.0,24,1.2458544833849814
145,1,120.0,33,1.9963098386525395
145,1,250.0,8,-0.7331713025444984
145,1,250.0,9,-0.49300649435614474
145,1,250.0,15,0.033622717657074475
145,1,250.0,17,-0.46536648554664595
145,1,250.0,18,-0.0642137755669765
145,1,250.0,19,0.7875311497066946
145,1,250.0,24,1.2235582526581226
145,1,250.0,33,1.9683507020949484
145,2,10.0,3,-0.513858103758821
145,2,10.0,6,-1.1975650031294478
145,2,10.0,7,-0.3764368055754943
145,2,10.0,10,0.25899879874843634
145,2,10.0,12,-0.08010055891242018
145,2,10.0,13,1.0331069071827699
145,2,10.0,14,1.5115662095847995
145,2,10.0,37,-0.49101600585068894
145,2,25.0,3,-0.5173037441560098
145,2,25.0,6,-1.1769126093796345
145,2,25.0,7,-0.37029468767194373
145,2,25.0,10,0.2573453005645234
145,2,25.0,12,-0.10722169454844988
145,2,25.0,13,0.9911872139048086
145,2,25.0,14,1.4139094822684086
145,2,25.0,37,-0.4819603395223808
145,2,60.0,3,-0.554033307824696
145,2,60.0,6,-1.081321349995335
145,2,60.0,7,-0.3264680042200254
145,2,60.0,10,0.21544183796746097
145,2,60.0,12,-0.23599744559358982
145,2,60.0,13,0.8648121816705157
145,2,60.0,14,1.2719914573637254
145,2,60.0,37,-0.4237453341084958
145,2,120.0,3,-0.6137778760667842
145,2,120.0,6,-1.0184339277182488
145,2,120.0,7,-0.2916826762055891
145,2,120.0,10,0.1573002653309601
145,2,120.0,12,-0.34492973768504953
145,2,120.0,13,0.7609348739144366
145,2,120.0,14,1.1771824577621004
145,2,120.0,37,-0.37933154826188087
145,2,250.0,3,-0.6494013876722988
145,2,250.0,6,-0.9939166071716272
145,2,250.0,7,-0.2773274354679742
145,2,250.0,10,0.12542123750760226
145,2,250.0,12,-0.39418834529747215
145,2,250.0,13,0.7116911791741956
145,2,250.0,14,1.133800785914886
145,2,250.0,37,-0.36113824031333763
145,3,10.0,0,-0.22680622026589248
145,3,10.0,1,0.2997064612056448
145,3,10.0,2,0.3064283587752641
145,3,10.0,4,-0.910589706822158
145,3,10.0,16,-0.04799219903317464
145,3,10.0,34,-0.05960459870554047
145,3,10.0,35,-0.14182264044220716
145,3,10.0,36,1.5433184307681813
145,3,25.0,0,-0.1276405169284871
145,3,25.0,1,0.32068090570727037
145,3,25.0,2,0.3266267591543226
145,3,25.0,4,-0.9059845490262646
145,3,25.0,16,-0.09278886451738799
145,3,25.0,34,-0.29759104449497187
145,3,25.0,35,-0.46000800051852764
145,3,25.0,36,1.345231313069668
145,3,60.0,0,0.1865011346944172
145,3,60.0,1,0.40369868486526883
145,3,60.0,2,0.38419389238119805
145,3,60.0,4,-0.9227326941588672
145,3,60.0,16,-0.2747949802716292
145,3,60.0,34,-0.8375403974396392
145,3,60.0,35,-1.0251532400801366
145,3,60.0,36,0.7298961812651328
145,3,120.0,0,0.3997496456512337
145,3,120.0,1,0.4554836370601336
145,3,120.0,2,0.4185110077393688
145,3,120.0,4,-0.958896808211243
145,3,120.0,16,-0.3994732843339506
145,3,120.0,34,-1.1625107969437352
145,3,120.0,35,-1.3457057388412679
145,3,120.0,36,0.3497956653072336
145,3,250.0,0,0.486470048361646
145,3,250.0,1,0.47556613080080723
145,3,250.0,2,0.4317702853412726
145,3,250.0,4,-0.978428993955113
145,3,250.0,16,-0.44975509180623874
145,3,250.0,34,-1.2898335843688855
145,3,250.0,35,-1.4697639279675059
145,3,250.0,36,0.20079525203548343
145,4,10.0,5,-1.8726137387615935
145,4,10.0,11,0.03246226882118464
145,4,10.0,26,0.8440647589595613
145,4,10.0,29,0.7669636340646235
145,4,10.0,30,0.6819290082502292
145,4,10.0,31,1.1823818951191143
145,4,25.0,5,-1.7944326650096656
145,4,25.0,11,0.028485917346486644
145,4,25.0,26,0.8286376665359327
145,4,25.0,29,0.6954891410142707
145,4,25.0,30,0.6639624550342447
145,4,25.0,31,1.1144874469632953
145,4,60.0,5,-1.5795245999570895
145,4,60.0,11,-0.020193014482849492
145,4,60.0,26,0.6818009391803983
145,4,60.0,29,0.47013278529801994
145,4,60.0,30,0.5143322982078189
145,4,60.0,31,0.8916191878169499
145,4,120.0,5,-1.4541665276426912
145,4,120.0,11,-0.06069252762646471
145,4,120.0,26,0.5165989956858468
145,4,120.0,29,0.3236670651441571
145,4,120.0,30,0.338209103287646
145,4,120.0,31,0.7455948286610052
145,4,250.0,5,-1.407119116890243
145,4,250.0,11,-0.07878545098756007
145,4,250.0,26,0.4321081641380573
145,4,250.0,29,0.26330273087158673
145,4,250.0,30,0.24679075592157318
145,4,250.0,31,0.6853502597453485
148,0,10.0,20,0.08460192224287866
148,0,10.0,21,0.06132030764988272
148,0,10.0,22,-0.19912405396559052
148,0,10.0,23,-0.4240504035156789
148,0,10.0,25,2.4150275134072494
148,0,10.0,28,0.45287202491746115
148,0,10.0,32,0.17929914782143186
148,0,10.0,38,-0.11701075627220092
148,0,25.0,20,0.021831775684976407
148,0,25.0,21,0.054484065098655776
148,0,25.0,22,-0.2105945822106925
148,0,25.0,23,-0.5660271953837004
148,0,25.0,25,2.3714182997347244
148,0,25.0,28,0.3849843762299159
148,0,25.0,32,0.10861774496297016
148,0,25.0,38,0.1419028977570207
148,0,60.0,20,-0.08751078986951555
148,0,60.0,21,0.034935680775912914
148,0,60.0,22,-0.24601181260405625
148,0,60.0,23,-0.6587778776474202
148,0,60.0,25,2.260091947447634
148,0,60.0,28,0.26488188256015377
148,0,60.0,32,-0.01418321181758131
148,0,60.0,38,0.5866118512723126
148,0,120.0,20,-0.12238543562180482
148,0,120.0,21,0.04070439437913009
148,0,120.0,22,-0.2479762552192213
148,0,120.0,23,-0.6784157461665536
148,0,120.0,25,2.2217283408233257
148,0,120.0,28,0.20277279494565903
148,0,120.0,32,-0.07711045774448166
148,0,120.0,38,0.8382953845166305
148,0,250.0,20,-0.12755609149953528
148,0,250.0,21,0.05111910456439617
148,0,250.0,22,-0.23969744463635223
148,0,250.0,23,-0.6824834343082742
148,0,250.0,25,2.216359049271155
148,0,250.0,28,0.17964867344552715
148,0,250.0,32,-0.1004773255182485
148,0,250.0,38,0.9368602504508594
148,1,10.0,8,-0.8119513932246107
148,1,10.0,9,-0.8555989264114316
148,1,10.0,17,-0.25126173312236233
148,1,10.0,18,0.7112132613253408
148,1,10.0,19,0.6498945890053491
148,1,10.0,24,0.843473628701048
148,1,10.0,33,1.729990400485999
148,1,25.0,8,-0.7425083011557021
148,1,25.0,9,-0.7769643918842704
148,1,25.0,17,-0.2591851151080249
148,1,25.0,18,0.7036766798081615
148,1,25.0,19,0.6227762408163144
148,1,25.0,24,0.9149801404382387
148,1,25.0,33,1.5872026235976726
148,1,60.0,8,-0.515263889275964
148,1,60.0,9,-0.5543016265766525
148,1,60.0,17,-0.241513356514659
148,1,60.0,18,0.7108382399090445
148,1,60.0,19,0.5729304148383036
148,1,60.0,24,0.9877683034415696
148,1,60.0,33,1.3613855010449853
148,1,120.0,8,-0.3844764730928176
148,1,120.0,9,-0.43154261988753007
148,1,120.0,17,-0.23660862719840736
148,1,120.0,18,0.7083475801776231
148,1,120.0,19,0.5358186617395475
148,1,120.0,24,1.0266031398178121
148,1,120.0,33,1.2561617989916378
148,1,250.0,8,-0.33603948766218394
148,1,250.0,9,-0.3865599975010596
148,1,250.0,17,-0.2364962187129933
148,1,250.0,18,0.7055966011641672
148,1,250.0,19,0.519768953472429
148,1,250.0,24,1.0413442952349676
148,1,250.0,33,1.2185245837219334
148,2,10.0,3,-1.4005781235221448
148,2,10.0,7,-0.7776410464750434
148,2,10.0,10,-0.49684461784934797
148,2,10.0,12,-0.008876531994737036
148,2,10.0,13,-0.1408297837637562
148,2,10.0,14,0.2843920340754664
148,2,10.0,37,-0.310354698380074
148,2,25.0,3,-1.4005796718186687
148,2,25.0,7,-0.7451064592622991
148,2,25.0,10,-0.441589563895036
148,2,25.0,12,0.024386524741949245
148,2,25.0,13,-0.1340554407200898
148,2,25.0,14,0.28217607104130593
148,2,25.0,37,-0.27653383445567314
148,2,60.0,3,-1.405390973769343
148,2,60.0,7,-0.5540988447926409
148,2,60.0,10,-0.33744663864997193
148,2,60.0,12,0.1369776614638596
148,2,60.0,13,-0.10317842129423838
148,2,60.0,14,0.27783764508087216
148,2,60.0,37,-0.07738124173948435
148,2,120.0,3,-1.4064649646382605
148,2,120.0,7,-0.3932663528458775
148,2,120.0,10,-0.28500545252251186
148,2,120.0,12,0.2053029851124606
148,2,120.0,13,-0.07664370080734528
148,2,120.0,14,0.2843315403075053
148,2,120.0,37,0.09196285928333481
148,2,250.0,3,-1.4048742777734802
148,2,250.0,7,-0.3208944592184153
148,2,250.0,10,-0.26485631005169097
148,2,250.0,12,0.2323244667199944
148,2,250.0,13,-0.06398797004726475
148,2,250.0,14,0.2897782456324123
148,2,250.0,37,0.16851611974787062
148,3,10.0,1,-0.910463920417488
148,3,10.0,2,-0.22854647841465692
148,3,10.0,4,-0.4555295369058072
148,3,10.0,16,0.4774150126836858
148,3,10.0,34,-0.871356488929429
148,3,10.0,35,1.0538296228374442
148,3,10.0,36,1.2867134097880353
148,3,25.0,1,-0.8222856432034895
148,3,25.0,2,-0.12748680050214034
148,3,25.0,4,-0.5064995013967462
148,3,25.0,16,0.3961592278775896
148,3,25.0,34,-1.0430244515728049
148,3,25.0,35,0.8240857439609606
148,3,25.0,36,1.1509371207710402
148,3,60.0,1,-0.5015851549245731
148,3,60.0,2,0.1645411343562877
148,3,60.0,4,-0.6355613031497498
148,3,60.0,16,0.2353347706194313
148,3,60.0,34,-1.4252816333743255
148,3,60.0,35,0.40604083061084495
148,3,60.0,36,0.7072983039131344
148,3,120.0,1,-0.314021417870574
148,3,120.0,2,0.331021575753649
148,3,120.0,4,-0.7072098646640583
148,3,120.0,16,0.14536399633902874
148,3,120.0,34,-1.6532350625634749
148,3,120.0,35,0.16802426878217958
148,3,120.0,36,0.42902746907335043
148,3,250.0,1,-0.24437770225709343
148,3,250.0,2,0.39274061930877835
148,3,250.0,4,-0.7349603010264403
148,3,250.0,16,0.11077117814091508
148,3,250.0,34,-1.742344706550334
148,3,250.0,35,0.07596590728332941
148,3,250.0,36,0.3197156169026094
148,4,10.0,5,-2.7962987732140014
148,4,10.0,11,-0.22191943814775072
148,4,10.0,27,-0.6687888172650602
148,4,10.0,30,-0.5078401164629582
148,4,10.0,31,1.2451777739145484
148,4,25.0,5,-2.715244465362648
148,4,25.0,11,-0.10628755949404933
148,4,25.0,27,-0.6821248634184158
148,4,25.0,30,-0.5279049218118956
148,4,25.0,31,1.1993308048186933
148,4,60.0,5,-2.5115035397297163
148,4,60.0,11,0.04157017902083027
148,4,60.0,27,-0.7764960568898474
148,4,60.0,30,-0.6168567997339665
148,4,60.0,31,1.0451271508163416
148,4,120.0,5,-2.395698226694556
148,4,120.0,11,0.09528011164821493
148,4,120.0,27,-0.8643288854655395
148,4,120.0,30,-0.7012572838171529
148,4,120.0,31,0.9502967697940363
148,4,250.0,5,-2.352379619360228
148,4,250.0,11,0.11213866834405195
148,4,250.0,27,-0.9056653763458193
148,4,250.0,30,-0.7417432607756744
148,4,250.0,31,0.9129747336330141
153,0,10.0,20,1.59902632379454
153,0,10.0,21,0.714957146930864
153,0,10.0,22,1.0388744292891943
153,0,10.0,23,0.5493145278924167
153,0,10.0,25,0.6570855676236533
153,0,10.0,28,0.14211075692396236
153,0,10.0,32,-0.6149343639234957
153,0,10.0,38,0.48598407985849335
153,0,25.0,20,1.5983589279412982
153,0,25.0,21,0.7189902028006365
153,0,25.0,22,1.0410154979441195
153,0,25.0,23,0.5385203466177728
153,0,25.0,25,0.6563672587353331
153,0,25.0,28,0.10930659338381332
153,0,25.0,32,-0.6458009354733463
153,0,25.0,38,0.26077311447230045
153,0,60.0,20,1.5801533957579572
153,0,60.0,21,0.7336904629222687
153,0,60.0,22,1.0502401144449145
153,0,60.0,23,0.4800801083136612
153,0,60.0,25,0.6401980674026255
153,0,60.0,28,-0.07929486695275045
153,0,60.0,32,-0.831513739987578
153,0,60.0,38,0.10108592028089802
153,0,120.0,20,1.5524720405958874
153,0,120.0,21,0.7326384322534238
153,0,120.0,22,1.0463593104664142
153,0,120.0,23,0.43094083514393944
153,0,120.0,25,0.6148482759452918
153,0,120.0,28,-0.2020917407785845
153,0,120.0,32,-0.9530025097380346
153,0,120.0,38,0.05784881795034735
153,0,250.0,20,1.5355857242713853
153,0,250.0,21,0.7269145493325588
153,0,250.0,22,1.0392842168441305
153,0,250.0,23,0.4079296510355661
153,0,250.0,25,0.5987702905426424
153,0,250.0,28,-0.24907158851242173
153,0,250.0,32,-0.999526800385496
153,0,250.0,38,0.045090093632332184
153,1,10.0,8,-0.44172551883589506
153,1,10.0,9,-0.5405324862964207
153,1,10.0,15,0.8645162163415065
153,1,10.0,17,0.8755158901064917
153,1,10.0,18,0.6160152408954218
153,1,10.0,19,0.32982792493061197
153,1,10.0,33,1.078376076500927
153,1,25.0,8,-0.38695135212653753
153,1,25.0,9,-0.4581231347845076
153,1,25.0,15,0.5120480722156557
153,1,25.0,17,0.788871449332369
153,1,25.0,18,0.5373329386342931
153,1,25.0,19,0.24990803164315167
153,1,25.0,33,1.0884254045366433
153,1,60.0,8,-0.28115608303338036
153,1,60.0,9,-0.3235368634715172
153,1,60.0,15,0.11225032644962596
153,1,60.0,17,0.5670072085211828
153,1,60.0,18,0.3342111839259232
153,1,60.0,19,0.045832364772252276
153,1,60.0,33,1.0548585298994517
153,1,120.0,8,-0.24397136799727548
153,1,120.0,9,-0.27706405957178504
153,1,120.0,15,-0.06615653635125796
153,1,120.0,17,0.4093374602397901
153,1,120.0,18,0.18749455677754412
153,1,120.0,19,-0.10618954295291161
153,1,120.0,33,1.0123564467070985
153,1,250.0,8,-0.23328251599286887
153,1,250.0,9,-0.26342251152782836
153,1,250.0,15,-0.13077586899413518
153,1,250.0,17,0.342133916808784
153,1,250.0,18,0.12438980968897084
153,1,250.0,19,-0.17287612481305104
153,1,250.0,33,0.9912662535416032
153,2,10.0,3,0.44300791891875946
153,2,10.0,6,-0.7135594286943459
153,2,10.0,7,-0.1376089420879154
153,2,10.0,10,-0.9966180308639494
153,2,10.0,12,-0.08904302365188954
153,2,10.0,13,0.8862369409542268
153,2,10.0,14,2.237278589612643
153,2,10.0,37,-0.9047288465503627
153,2,25.0,3,0.4170953872494536
153,2,25.0,6,-0.7357418536956786
153,2,25.0,7,-0.1586407374336538
153,2,25.0,10,-0.9440288543619317
153,2,25.0,12,-0.12645863377323252
153,2,25.0,13,0.8205216159197022
153,2,25.0,14,2.071915593941668
153,2,25.0,37,-0.9256912254295528
153,2,60.0,3,0.2513200082687206
153,2,60.0,6,-0.860521876892868
153,2,60.0,7,-0.29133494786920977
153,2,60.0,10,-0.8864226007004987
153,2,60.0,12,-0.26942305289225743
153,2,60.0,13,0.6744991483541014
153,2,60.0,14,1.8712454536119978
153,2,60.0,37,-1.0616133430104142
153,2,120.0,3,0.10982576211566197
153,2,120.0,6,-0.9773346724001719
153,2,120.0,7,-0.4162208203731623
153,2,120.0,10,-0.9072630072343628
153,2,120.0,12,-0.37650208375096383
153,2,120.0,13,0.5657251296749095
153,2,120.0,14,1.7524228410237868
153,2,120.0,37,-1.189933109634957
153,2,250.0,3,0.04511653318555631
153,2,250.0,6,-1.0333025106829261
153,2,250.0,7,-0.47579390192282034
153,2,250.0,10,-0.9275604327287397
153,2,250.0,12,-0.42301781851622877
153,2,250.0,13,0.5156132782985807
153,2,250.0,14,1.7007853868508889
153,2,250.0,37,-1.2511983184665851
153,3,10.0,0,1.500254984077941
153,3,10.0,1,-0.5330960944722172
153,3,10.0,2,-0.9432686894785078
153,3,10.0,4,0.13988401147283724
153,3,10.0,16,0.8986463988861786
153,3,10.0,34,0.05205933891055281
153,3,10.0,35,-0.3774267127091413
153,3,10.0,36,1.7563264632317406
153,3,25.0,0,1.3620786614179998
153,3,25.0,1,-0.5075841028462804
153,3,25.0,2,-0.8861998150159103
153,3,25.0,4,0.06196180436360521
153,3,25.0,16,0.7757370294986785
153,3,25.0,34,-0.037305881534194896
153,3,25.0,35,-0.5284823311941089
153,3,25.0,36,1.6621777750403872
153,3,60.0,0,1.2047240875213419
153,3,60.0,1,-0.4392789759870652
153,3,60.0,2,-0.7687201697290718
153,3,60.0,4,-0.2277672322548625
153,3,60.0,16,0.5203977642380124
153,3,60.0,34,-0.20861428170525187
153,3,60.0,35,-0.7459341020386638
153,3,60.0,36,1.419305701948062
153,3,120.0,0,1.147521247891362
153,3,120.0,1,-0.41161974846192706
153,3,120.0,2,-0.7252334215751013
153,3,120.0,4,-0.4312293550418005
153,3,120.0,16,0.3771160405324778
153,3,120.0,34,-0.3133625001486351
153,3,120.0,35,-0.8609356280372182
153,3,120.0,36,1.281954850969779
153,3,250.0,0,1.129079059074794
153,3,250.0,1,-0.40335930211490023
153,3,250.0,2,-0.7125328545076393
153,3,250.0,4,-0.5145405649835055
153,3,250.0,16,0.3225933476233749
153,3,250.0,34,-0.3547660082046562
153,3,250.0,35,-0.9048979047783554
153,3,250.0,36,1.2292071149616994
153,4,10.0,5,-0.3360198777741985
153,4,10.0,11,-0.3130718756262496
153,4,10.0,26,0.845183653295738
153,4,10.0,27,1.0066445445750531
153,4,10.0,29,-0.3355409391661368
153,4,10.0,30,0.8736812476726818
153,4,10.0,31,0.33564840750728564
153,4,25.0,5,-0.430485115898005
153,4,25.0,11,-0.20629809724105286
153,4,25.0,26,0.8314801051089198
153,4,25.0,27,0.9976182434664977
153,4,25.0,29,-0.31527694709437526
153,4,25.0,30,0.8459414014815856
153,4,25.0,31,0.3469416127463987
153,4,60.0,5,-0.5047392810053104
153,4,60.0,11,-0.08444592313125554
153,4,60.0,26,0.7032184045359422
153,4,60.0,27,0.8724504330936824
153,4,60.0,29,-0.4394822047748477
153,4,60.0,30,0.7184645043270983
153,4,60.0,31,0.21382595614579003
153,4,120.0,5,-0.5206499974551129
153,4,120.0,11,-0.05491374578634378
153,4,120.0,26,0.5646514129771347
153,4,120.0,27,0.7191298556482408
153,4,120.0,29,-0.5441974556338494
153,4,120.0,30,0.5818383941855494
153,4,120.0,31,0.10573108120622265
153,4,250.0,5,-0.5249497929376048
153,4,250.0,11,-0.048770523031478774
153,4,250.0,26,0.495323940570767
153,4,250.0,27,0.6399076771124399
153,4,250.0,29,-0.588351777278227
153,4,250.0,30,0.5121541026880223
153,4,250.0,31,0.06044650814173025
154,0,10.0,20,1.4871091824613174
154,0,10.0,21,1.0546554462553175
154,0,10.0,22,0.8902506470377531
154,0,10.0,23,-0.11068831972367832
154,0,10.0,25,2.0747177080018773
154,0,10.0,28,-0.7946470143442568
154,0,10.0,38,-0.205311190164295
154,0,25.0,20,1.4942284405590556
154,0,25.0,21,1.0605907499669271
154,0,25.0,22,0.8942540452063383
154,0,25.0,23,-0.08064496213830097
154,0,25.0,25,2.079643903557873
154,0,25.0,28,-0.8468699101118418
154,0,25.0,38,-0.6578973613142978
154,0,60.0,20,1.5242268207855432
154,0,60.0,21,1.0784332921953634
154,0,60.0,22,0.9136429324439987
154,0,60.0,23,-0.024852805041767567
154,0,60.0,25,2.1083446859236616
154,0,60.0,28,-1.0141690119164295
154,0,60.0,38,-1.157916218564992
154,0,120.0,20,1.5368765318809352
154,0,120.0,21,1.078816671923427
154,0,120.0,22,0.9171467210466062
154,0,120.0,23,-0.005305147668188681
154,0,120.0,25,2.1214913281599195
154,0,120.0,28,-1.120875702287499
154,0,120.0,38,-1.3549047957230016
154,0,250.0,20,1.5380446279566868
154,0,250.0,21,1.0743797772304475
154,0,250.0,22,0.9137811876435791
154,0,250.0,23,-0.0006959409243805226
154,0,250.0,25,2.1226881232257426
154,0,250.0,28,-1.1630995391724852
154,0,250.0,38,-1.4210658326942465
154,1,10.0,8,0.6250865172072295
154,1,10.0,9,0.7926006567421666
154,1,10.0,15,0.4441439335354147
154,1,10.0,17,1.1826988501683928
154,1,10.0,18,0.7983585756255493
154,1,10.0,19,1.4879544135384535
154,1,10.0,24,-0.11462910658788417
154,1,10.0,33,1.471262431614278
154,1,25.0,8,0.6193345016306324
154,1,25.0,9,0.7730204554277478
154,1,25.0,15,0.35706660281152125
154,1,25.0,17,1.1053713297489125
154,1,25.0,18,0.7242440160372041
154,1,25.0,19,1.420047026821429
154,1,25.0,24,-0.13112620860642465
154,1,25.0,33,1.5088772858176114
154,1,60.0,8,0.5486592796829086
154,1,60.0,9,0.6858708030633736
154,1,60.0,15,0.21324885542015437
154,1,60.0,17,0.8689073107358922
154,1,60.0,18,0.500299638341744
154,1,60.0,19,1.1974307890601423
154,1,60.0,24,-0.2007997568763713
154,1,60.0,33,1.5030081668486588
154,1,120.0,8,0.4848792489752327
154,1,120.0,9,0.6176327490881945
154,1,120.0,15,0.12992477700900906
154,1,120.0,17,0.7096120399925425
154,1,120.0,18,0.34818629285327063
154,1,120.0,19,1.0354866623836294
154,1,120.0,24,-0.2338409573080682
154,1,120.0,33,1.4768776303310673
154,1,250.0,8,0.4570577152990296
154,1,250.0,9,0.5887340071950078
154,1,250.0,15,0.09612414033686889
154,1,250.0,17,0.6436783504249988
154,1,250.0,18,0.2848280635507763
154,1,250.0,19,0.9660453149486763
154,1,250.0,24,-0.2461450150234228
154,1,250.0,33,1.4620133949584364
154,2,10.0,3,1.833657417204396
154,2,10.0,6,0.1439398684003308
154,2,10.0,7,-0.48095625754084637
154,2,10.0,10,-0.8756337223478567
154,2,10.0,12,-0.5778279471291015
154,2,10.0,13,-0.08357679359490078
154,2,10.0,14,0.6704895267930553
154,2,10.0,37,-0.6292088347241247
154,2,25.0,3,1.8094785335053736
154,2,25.0,6,0.11251890961536049
154,2,25.0,7,-0.5099124169300921
154,2,25.0,10,-0.869448025772833
154,2,25.0,12,-0.5378109743832411
154,2,25.0,13,-0.10398654884132696
154,2,25.0,14,0.609295075113863
154,2,25.0,37,-0.6558263916903684
154,2,60.0,3,1.6107974239335654
154,2,60.0,6,-0.11408330863147143
154,2,60.0,7,-0.7207161224640544
154,2,60.0,10,-0.9264422171965521
154,2,60.0,12,-0.4614714994106208
154,2,60.0,13,-0.1621100834696989
154,2,60.0,14,0.5158993520644373
154,2,60.0,37,-0.8708961903659826
154,2,120.0,3,1.418330757198511
154,2,120.0,6,-0.3295822834579809
154,2,120.0,7,-0.9281667418773338
154,2,120.0,10,-1.0017719589176934
154,2,120.0,12,-0.4526742996496793
154,2,120.0,13,-0.23053283584550854
154,2,120.0,14,0.4370771486455425
154,2,120.0,37,-1.086486628121584
154,2,250.0,3,1.3254766052278484
154,2,250.0,6,-0.43256600947851354
154,2,250.0,7,-1.0286470513246115
154,2,250.0,10,-1.043190167677075
154,2,250.0,12,-0.4593268448540826
154,2,250.0,13,-0.2691973312768141
154,2,250.0,14,0.39643064720246457
154,2,250.0,37,-1.1911949483352018
154,3,10.0,0,2.4433237516009783
154,3,10.0,2,0.7915941749229702
154,3,10.0,4,0.7288329934077922
154,3,10.0,16,0.5274133632913234
154,3,10.0,35,-0.5973678429858751
154,3,10.0,36,1.8502808990253392
154,3,25.0,0,2.368862204159406
154,3,25.0,2,0.7415296407485812
154,3,25.0,4,0.5994563164061688
154,3,25.0,16,0.3383096773724503
154,3,25.0,35,-0.8104528990022857
154,3,25.0,36,1.7221300570560487
154,3,60.0,0,2.178811877616532
154,3,60.0,2,0.5748629551553677
154,3,60.0,4,0.11082414696285525
154,3,60.0,16,-0.009600970659192853
154,3,60.0,35,-1.1403487805427375
154,3,60.0,36,1.374639108461082
154,3,120.0,0,2.0760056824537543
154,3,120.0,2,0.4524867821883447
154,3,120.0,4,-0.21906695623263062
154,3,120.0,16,-0.20299139679111988
154,3,120.0,35,-1.314814448498261
154,3,120.0,36,1.1761217478576107
154,3,250.0,0,2.037761757029166
154,3,250.0,2,0.40096175615018126
154,3,250.0,4,-0.3518488347863027
154,3,250.0,16,-0.2774661923890491
154,3,250.0,35,-1.3812815370587863
154,3,250.0,36,1.0999161352201483
154,4,10.0,5,0.9361246202387363
154,4,10.0,11,-0.4257724024407068
154,4,10.0,26,-0.8972327997431968
154,4,10.0,29,0.2321970206942936
154,4,10.0,30,0.8382140083055134
154,4,10.0,31,0.24301691106186496
154,4,25.0,5,0.8046828545164431
154,4,25.0,11,-0.43324575386121467
154,4,25.0,26,-0.8759509926086118
154,4,25.0,29,0.24345866062611776
154,4,25.0,30,0.867343661906606
154,4,25.0,31,0.24971082033544434
154,4,60.0,5,0.4613694952499472
154,4,60.0,11,-0.47262544334936507
154,4,60.0,26,-0.8116867397556469
154,4,60.0,29,0.1519133185187016
154,4,60.0,30,0.9631343492054114
154,4,60.0,31,0.15249110776235142
154,4,120.0,5,0.2653874232560369
154,4,120.0,11,-0.5062338456715665
154,4,120.0,26,-0.7774974658058298
154,4,120.0,29,0.07375340055956059
154,4,120.0,30,1.0136568638178183
154,4,120.0,31,0.07185205226686264
154,4,250.0,5,0.19123468183239112
154,4,250.0,11,-0.5209700019850914
154,4,250.0,26,-0.7660438759694408
154,4,250.0,29,0.0415547290268492
154,4,250.0,30,1.0304706195096216
154,4,250.0,31,0.038789461126832236
164,0,10.0,20,1.8644005453253385
164,0,10.0,22,0.4468879964704193
164,0,10.0,23,0.19330558389293628
164,0,10.0,25,1.8810954008066503
164,0,10.0,28,1.0519951343171883
164,0,10.0,32,0.9579183589487741
164,0,10.0,38,0.41548069821948985
164,0,25.0,20,1.8651211070189753
164,0,25.0,22,0.4504934335945876
164,0,25.0,23,0.19313604434273302
164,0,25.0,25,1.881465220378665
164,0,25.0,28,0.9579714795091334
164,0,25.0,32,0.8612665923358094
164,0,25.0,38,0.16230922493956967
164,0,60.0,20,1.8522139468658025
164,0,60.0,22,0.46145239980448594
164,0,60.0,23,0.1524232491982751
164,0,60.0,25,1.8714112215643262
164,0,60.0,28,0.6540066561165077
164,0,60.0,32,0.555258045264452
164,0,60.0,38,-0.07569014919798178
164,0,120.0,20,1.8172520761394964
164,0,120.0,22,0.44692754374481325
164,0,120.0,23,0.0984918826872132
164,0,120.0,25,1.8392498018767753
164,0,120.0,28,0.4379398058961925
164,0,120.0,32,0.3395003042142619
164,0,120.0,38,-0.16059731128229515
164,0,250.0,20,1.7909056903443705
164,0,250.0,22,0.42891983949652257
164,0,250.0,23,0.0678417856716429
164,0,250.0,25,1.8135178498804727
164,0,250.0,28,0.3457761278627771
164,0,250.0,32,0.2476785164102253
164,0,250.0,38,-0.1885005510476958
164,1,10.0,8,0.3266854197468234
164,1,10.0,9,0.9385220539618402
164,1,10.0,15,0.022066617661067767
164,1,10.0,17,0.5040110792131713
164,1,10.0,18,0.5422411984734055
164,1,10.0,19,1.1077708613494437
164,1,10.0,33,2.679258098916492
164,1,25.0,8,0.3083659285858644
164,1,25.0,9,0.9110523181075081
164,1,25.0,15,0.02910642878171643
164,1,25.0,17,0.445008341708899
164,1,25.0,18,0.4887450929029242
164,1,25.0,19,1.045707221062841
164,1,25.0,33,2.4458537106625258
164,1,60.0,8,0.23523788161356407
164,1,60.0,9,0.8327641232713816
164,1,60.0,15,-0.0706644419383764
164,1,60.0,17,0.23489785776506977
164,1,60.0,18,0.28367730559462245
164,1,60.0,19,0.7967755899379725
164,1,60.0,33,2.057234465329742
164,1,120.0,8,0.18034061191120543
164,1,120.0,9,0.7797051856237758
164,1,120.0,15,-0.19068572962873276
164,1,120.0,17,0.006399077226355132
164,1,120.0,18,0.05323555242486577
164,1,120.0,19,0.521516773390033
164,1,120.0,33,1.8435175092482723
164,1,250.0,8,0.1568213100812912
164,1,250.0,9,0.7574501189806426
164,1,250.0,15,-0.25362970185412337
164,1,250.0,17,-0.12077262304464398
164,1,250.0,18,-0.07582771222843121
164,1,250.0,19,0.3698024884602802
164,1,250.0,33,1.7549428416651978
164,2,10.0,3,1.4302905220231494
164,2,10.0,6,0.0722853482318655
164,2,10.0,7,-0.40003201293580304
164,2,10.0,10,-0.5463104498771614
164,2,10.0,12,-0.9783578580466639
164,2,10.0,13,-0.7498713196204108
164,2,10.0,37,-1.0355158511448792
164,2,25.0,3,1.418552710442718
164,2,25.0,6,0.040215955361635025
164,2,25.0,7,-0.4241521259129222
164,2,25.0,10,-0.5675295849808322
164,2,25.0,12,-1.0118405309545437
164,2,25.0,13,-0.7612262833986563
164,2,25.0,37,-1.059073088390825
164,2,60.0,3,1.2793207669534183
164,2,60.0,6,-0.1609542687124481
164,2,60.0,7,-0.6184449172422362
164,2,60.0,10,-0.6727089443811707
164,2,60.0,12,-1.1895458216178056
164,2,60.0,13,-0.8756703069484288
164,2,60.0,37,-1.250633814738638
164,2,120.0,3,1.0969832947393883
164,2,120.0,6,-0.35970766596468096
164,2,120.0,7,-0.822462917288167
164,2,120.0,10,-0.7918177505666151
164,2,120.0,12,-1.362617697408357
164,2,120.0,13,-1.0223967820240674
164,2,120.0,37,-1.4545943083922275
164,2,250.0,3,0.9959627184488156
164,2,250.0,6,-0.459154067718476
164,2,250.0,7,-0.9259648993841338
164,2,250.0,10,-0.8571393782041596
164,2,250.0,12,-1.4476950433066413
164,2,250.0,13,-1.1021829291672631
164,2,250.0,37,-1.5586468115454934
164,3,10.0,0,1.1272254346409163
164,3,10.0,1,0.23052967803430136
164,3,10.0,2,0.37026353306686133
164,3,10.0,16,0.6595909873574186
164,3,10.0,34,0.7762085862540644
164,3,10.0,35,0.6065522914918162
164,3,10.0,36,1.6785469187481965
164,3,25.0,0,0.9682379833517665
164,3,25.0,1,0.17177052600300158
164,3,25.0,2,0.2988495303400853
164,3,25.0,16,0.5128894934151944
164,3,25.0,34,0.4762761870523633
164,3,25.0,35,0.20873763818817537
164,3,25.0,36,1.4309599197571998
164,3,60.0,0,0.7473437941515364
164,3,60.0,1,-0.05066147496085449
164,3,60.0,2,0.09863708718719977
164,3,60.0,16,0.18865523121178285
164,3,60.0,34,-0.20017608495756178
164,3,60.0,35,-0.48587608106606694
164,3,60.0,36,0.6835473551099795
164,3,120.0,0,0.6500760428259866
164,3,120.0,1,-0.19611150510323228
164,3,120.0,2,-0.029056149314492075
164,3,120.0,16,-0.009034742334570467
164,3,120.0,34,-0.6143574499560032
164,3,120.0,35,-0.8827296844022214
164,3,120.0,36,0.2222344224102173
164,3,250.0,0,0.6161542153130171
164,3,250.0,1,-0.2546126933739927
164,3,250.0,2,-0.08066800640210658
164,3,250.0,16,-0.08798459981863971
164,3,250.0,34,-0.7796508401598032
164,3,250.0,35,-1.0383279504253053
164,3,250.0,36,0.03970577855105262
164,4,10.0,5,0.40902277113018215
164,4,10.0,11,0.09489437424689129
164,4,10.0,26,0.9261865852340492
164,4,10.0,27,0.9840654296286289
164,4,10.0,29,0.6653050391481159
164,4,10.0,31,1.2611728039959402
164,4,25.0,5,0.28128988957542944
164,4,25.0,11,0.0833461410675227
164,4,25.0,26,0.9485462678232608
164,4,25.0,27,0.9832115976368669
164,4,25.0,29,0.5271522850338144
164,4,25.0,31,1.1297120495821247
164,4,60.0,5,0.02632148006709656
164,4,60.0,11,0.07022667505044922
164,4,60.0,26,0.9283424286612529
164,4,60.0,27,0.9126096072885872
164,4,60.0,29,0.14469802496913786
164,4,60.0,31,0.752737679576903
164,4,120.0,5,-0.10309173859465304
164,4,120.0,11,0.05098184129833783
164,4,120.0,26,0.8377636702034152
164,4,120.0,27,0.7919477545828286
164,4,120.0,29,-0.08507925934662808
164,4,120.0,31,0.5241655395041391
164,4,250.0,5,-0.15005659113392866
164,4,250.0,11,0.03976278261767874
164,4,250.0,26,0.7808064380023438
164,4,250.0,27,0.7216062781669308
164,4,250.0,29,-0.17629948661564043
164,4,250.0,31,0.4332541873534481
177,0,10.0,20,0.07641806308956944
177,0,10.0,21,-0.36027399059201315
177,0,10.0,22,-0.4432618083194022
177,0,10.0,23,-0.332498188042166
177,0,10.0,25,-0.15205119200019013
177,0,10.0,28,1.6802845696087765
177,0,10.0,32,1.49662722114833
177,0,10.0,38,-1.192911062450932
177,0,25.0,20,-0.04240605072704895
177,0,25.0,21,-0.3995444559238379
177,0,25.0,22,-0.48251456431815853
177,0,25.0,23,-0.572166934514982
177,0,25.0,25,-0.20063076488247233
177,0,25.0,28,1.4840874241572024
177,0,25.0,32,1.3006763025641668
177,0,25.0,38,-1.5158801773779729
177,0,60.0,20,-0.3013773453886408
177,0,60.0,21,-0.5999309237381958
177,0,60.0,22,-0.6893896123543612
177,0,60.0,23,-0.8294045627629849
177,0,60.0,25,-0.3193669816431033
177,0,60.0,28,1.0244653940869313
177,0,60.0,32,0.843393084009243
177,0,60.0,38,-1.7420949833105475
177,0,120.0,20,-0.47615492888396815
177,0,120.0,21,-0.7870426911015116
177,0,120.0,22,-0.8862834809307536
177,0,120.0,23,-0.9384107789951983
177,0,120.0,25,-0.402026517123268
177,0,120.0,28,0.7937367152465917
177,0,120.0,32,0.6140219727982412
177,0,120.0,38,-1.8107906468491635
177,0,250.0,20,-0.5545000423879749
177,0,250.0,21,-0.8787471760992815
177,0,250.0,22,-0.9834429791385304
177,0,250.0,23,-0.977322723716604
177,0,250.0,25,-0.4394118227992898
177,0,250.0,28,0.7117992848013586
177,0,250.0,32,0.5325824068612768
177,0,250.0,38,-1.8326444847383918
177,1,10.0,9,-0.8316206216638946
177,1,10.0,15,-0.14959557015243163
177,1,10.0,17,0.06211479838686884
177,1,10.0,18,-0.2645841428095643
177,1,10.0,19,-0.12884364204240484
177,1,10.0,24,1.281977663940065
177,1,10.0,33,1.1651224070806734
177,1,25.0,9,-0.8057235345394993
177,1,25.0,15,-0.08431403507155011
177,1,25.0,17,0.09502892730239054
177,1,25.0,18,-0.2356790493015133
177,1,25.0,19,-0.0973119961612916
177,1,25.0,24,1.3309124842205087
177,1,25.0,33,0.9463112906539131
177,1,60.0,9,-0.8113734553182645
177,1,60.0,15,-0.08383003858216043
177,1,60.0,17,0.11619967685140509
177,1,60.0,18,-0.22190256151509402
177,1,60.0,19,-0.10362535207953627
177,1,60.0,24,1.3050571263094568
177,1,60.0,33,0.6733394394972123
177,1,120.0,9,-0.8237589167264368
177,1,120.0,15,-0.11006266126968
177,1,120.0,17,0.10695728183864617
177,1,120.0,18,-0.23623811566138286
177,1,120.0,19,-0.13979088117355687
177,1,120.0,24,1.2788040318064908
177,1,120.0,33,0.5521232760950632
177,1,250.0,9,-0.8288499774157998
177,1,250.0,15,-0.1223248878652825
177,1,250.0,17,0.09956444973489198
177,1,250.0,18,-0.2457364061053653
177,1,250.0,19,-0.15904391586915878
177,1,250.0,24,1.2687951262798336
177,1,250.0,33,0.5088064623579029
177,2,10.0,3,-0.04689898458053321
177,2,10.0,6,0.25526243270381954
177,2,10.0,7,0.1256450938050726
177,2,10.0,10,-0.779460292924572
177,2,10.0,12,0.42841443168671844
177,2,10.0,13,0.005545835117310105
177,2,10.0,14,-0.48908437340853794
177,2,10.0,37,-0.11212772495361278
177,2,25.0,3,-0.043930011987615813
177,2,25.0,6,0.29688282487778395
177,2,25.0,7,0.1565380137159771
177,2,25.0,10,-0.7830709652769521
177,2,25.0,12,0.36661669669834396
177,2,25.0,13,0.002153364845298711
177,2,25.0,14,-0.4780849030312453
177,2,25.0,37,-0.07861989460501917
177,2,60.0,3,-0.03652974960025546
177,2,60.0,6,0.4482275960425355
177,2,60.0,7,0.29887596273733763
177,2,60.0,10,-0.7809119304562948
177,2,60.0,12,0.16785239734713997
177,2,60.0,13,-0.06790881925795134
177,2,60.0,14,-0.5196336065909151
177,2,60.0,37,0.07322146922350115
177,2,120.0,3,-0.049025952106813264
177,2,120.0,6,0.5539339014403595
177,2,120.0,7,0.403963280336086
177,2,120.0,10,-0.7976480610296477
177,2,120.0,12,0.04809914226227008
177,2,120.0,13,-0.1357302808536538
177,2,120.0,14,-0.5675836121136442
177,2,120.0,37,0.18497028853866482
177,2,250.0,3,-0.05984263389595057
177,2,250.0,6,0.5978740474976654
177,2,250.0,7,0.44809877453380764
177,2,250.0,10,-0.8084574990329649
177,2,250.0,12,0.002205212550659752
177,2,250.0,13,-0.16634561326937103
177,2,250.0,14,-0.5900351113744478
177,2,250.0,37,0.23187664022008292
177,3,10.0,0,1.0826878996341947
177,3,10.0,1,0.26788052757951064
177,3,10.0,2,-0.6620931433741859
177,3,10.0,4,0.14366448411002963
177,3,10.0,16,-0.32848206254059775
177,3,10.0,34,0.7332672679214269
177,3,10.0,35,0.8440358216238231
177,3,10.0,36,0.5980186112981905
177,3,25.0,0,1.2632633906078823
177,3,25.0,1,0.3118337676687126
177,3,25.0,2,-0.5736173367385575
177,3,25.0,4,0.15382791857296851
177,3,25.0,16,-0.33984084338841924
177,3,25.0,34,0.4538194729021221
177,3,25.0,35,0.5503096172457873
177,3,25.0,36,0.4657456757783933
177,3,60.0,0,1.33573960882687
177,3,60.0,1,0.41323010913037805
177,3,60.0,2,-0.4448581588085503
177,3,60.0,4,0.1683610846570005
177,3,60.0,16,-0.41681515471386277
177,3,60.0,34,-0.10019848212006721
177,3,60.0,35,0.06361863022246084
177,3,60.0,36,0.07027289054673247
177,3,120.0,0,1.3476570227484324
177,3,120.0,1,0.4682565620973911
177,3,120.0,2,-0.38601890541517747
177,3,120.0,4,0.16342347904016918
177,3,120.0,16,-0.47281696347211266
177,3,120.0,34,-0.38710613997786325
177,3,120.0,35,-0.1880809083073416
177,3,120.0,36,-0.15693538313338706
177,3,250.0,0,1.3506139421815604
177,3,250.0,1,0.48887021345083426
177,3,250.0,2,-0.36495679448742635
177,3,250.0,4,0.15846636129360192
177,3,250.0,16,-0.495309998219966
177,3,250.0,34,-0.49100355796601747
177,3,250.0,35,-0.27995295216939553
177,3,250.0,36,-0.24180181440694426
177,4,10.0,5,1.0609338130038815
177,4,10.0,11,0.34175096595066634
177,4,10.0,26,1.1235768001251998
177,4,10.0,27,1.4606384600187035
177,4,10.0,29,0.7090478616069014
177,4,10.0,30,2.131169120221916
177,4,10.0,31,0.5269331282423941
177,4,25.0,5,1.163039687592839
177,4,25.0,11,0.47731424263093913
177,4,25.0,26,1.0794172676130032
177,4,25.0,27,1.4375289968941019
177,4,25.0,29,0.540110483509114
177,4,25.0,30,2.039486185614404
177,4,25.0,31,0.3711012897179913
177,4,60.0,5,1.260872975871976
177,4,60.0,11,0.6353507179584881
177,4,60.0,26,0.8594883581335466
177,4,60.0,27,1.2419682287915208
177,4,60.0,29,0.23349135635077545
177,4,60.0,30,1.6702411710812868
177,4,60.0,31,0.07410778139752239
177,4,120.0,5,1.3015939137845969
177,4,120.0,11,0.6862140914129284
177,4,120.0,26,0.6629889338709098
177,4,120.0,27,1.0519071359490368
177,4,120.0,29,0.07449826921565261
177,4,120.0,30,1.3849838228497688
177,4,120.0,31,-0.0826852003445957
177,4,250.0,5,1.3155519952427
177,4,250.0,11,0.7010641023000908
177,4,250.0,26,0.57211010054057
177,4,250.0,27,0.9629359014169658
177,4,250.0,29,0.014010952193242332
177,4,250.0,30,1.2597587866508526
177,4,250.0,31,-0.14261069655069392
182,0,10.0,20,-0.14711194073629486
182,0,10.0,21,0.06334107565215774
182,0,10.0,22,0.08086574989951956
182,0,10.0,25,0.8156296388277688
182,0,10.0,28,0.5285075297181407
182,0,10.0,32,0.7271975888765212
182,0,10.0,38,0.526932993210913
182,0,25.0,20,-0.0871044244914998
182,0,25.0,21,0.10571386633768753
182,0,25.0,22,0.11059336433263312
182,0,25.0,25,0.8501686526139629
182,0,25.0,28,0.5159547413565022
182,0,25.0,32,0.7150528735322936
182,0,25.0,38,0.6491373623607792
182,0,60.0,20,0.23062109445365664
182,0,60.0,21,0.4070636177437912
182,0,60.0,22,0.3994468680266863
182,0,60.0,25,1.1078822180498946
182,0,60.0,28,0.4391735005632782
182,0,60.0,32,0.636943653690281
182,0,60.0,38,0.8449825572989482
182,0,120.0,20,0.5661701139853577
182,0,120.0,21,0.7646582371315844
182,0,120.0,22,0.7744803074432802
182,0,120.0,25,1.4108585926162043
182,0,120.0,28,0.3996011227109335
182,0,120.0,32,0.5966404419113545
182,0,120.0,38,0.938785657651426
182,0,250.0,20,0.7461566741982182
182,0,250.0,21,0.9646286584369044
182,0,250.0,22,0.9889395807049759
182,0,250.0,25,1.5785094331172331
182,0,250.0,28,0.3858918818149988
182,0,250.0,32,0.5826762059134438
182,0,250.0,38,0.9743456027168307
182,1,10.0,8,-1.2047321220527358
182,1,10.0,9,-1.627096051901102
182,1,10.0,15,-0.2670750561193813
182,1,10.0,17,0.037448509109520245
182,1,10.0,18,-0.1518527968070309
182,1,10.0,19,1.5674615114163615
182,1,10.0,24,-0.9940123627498068
182,1,10.0,33,1.111234409830157
182,1,25.0,8,-1.0701411951629645
182,1,25.0,9,-1.476112038217213
182,1,25.0,15,-0.22988967159534113
182,1,25.0,17,-0.02213779658658055
182,1,25.0,18,-0.20839199962628996
182,1,25.0,19,1.4928816499549384
182,1,25.0,24,-0.9600701917167243
182,1,25.0,33,0.915687062881485
182,1,60.0,8,-0.6865346578897196
182,1,60.0,9,-1.0886742742286195
182,1,60.0,15,-0.18647726514907248
182,1,60.0,17,-0.09616140387109695
182,1,60.0,18,-0.29218302076264635
182,1,60.0,19,1.3470788257095272
182,1,60.0,24,-0.7298179631692996
182,1,60.0,33,0.667925591106151
182,1,120.0,8,-0.4519159520403164
182,1,120.0,9,-0.8614611206884106
182,1,120.0,15,-0.16358421693182024
182,1,120.0,17,-0.13372893847979128
182,1,120.0,18,-0.3376898169707019
182,1,120.0,19,1.2609182486409232
182,1,120.0,24,-0.5298212274069343
182,1,120.0,33,0.5569239464926063
182,1,250.0,8,-0.35997063757836045
182,1,250.0,9,-0.7735443950792984
182,1,250.0,15,-0.15509325496716642
182,1,250.0,17,-0.1485852207270959
182,1,250.0,18,-0.35573958655624693
182,1,250.0,19,1.2268337829898392
182,1,250.0,24,-0.4417546317986982
182,1,250.0,33,0.517314922667623
182,2,10.0,3,-1.0605012754135075
182,2,10.0,6,-0.9530137460213659
182,2,10.0,7,-1.131926278534575
182,2,10.0,10,-0.5695775640238239
182,2,10.0,12,-1.2522909827582218
182,2,10.0,13,-0.20859975594508384
182,2,10.0,14,-0.20137404394172975
182,2,10.0,37,-1.5145192545914483
182,2,25.0,3,-1.0610631200528218
182,2,25.0,6,-0.9310010862505536
182,2,25.0,7,-1.1100731478947559
182,2,25.0,10,-0.4068909322849308
182,2,25.0,12,-1.1658513928737513
182,2,25.0,13,-0.1599036134245786
182,2,25.0,14,-0.1534308030377396
182,2,25.0,37,-1.4992058256568193
182,2,60.0,3,-1.0226196151505178
182,2,60.0,6,-0.7684695542509061
182,2,60.0,7,-0.9456651449835896
182,2,60.0,10,-0.05368271669605207
182,2,60.0,12,-0.8613497557387646
182,2,60.0,13,0.03430783939096216
182,2,60.0,14,-0.029207248232463456
182,2,60.0,37,-1.357382537178335
182,2,120.0,3,-0.937398208457104
182,2,120.0,6,-0.6176851863752795
182,2,120.0,7,-0.7895423032136648
182,2,120.0,10,0.16894428222468605
182,2,120.0,12,-0.6541834509968822
182,2,120.0,13,0.19572869830508566
182,2,120.0,14,0.07996001259130736
182,2,120.0,37,-1.2122485023459362
182,2,250.0,3,-0.8853724330635373
182,2,250.0,6,-0.5469672101029808
182,2,250.0,7,-0.7158429697955562
182,2,250.0,10,0.26338789406031893
182,2,250.0,12,-0.5676505011066162
182,2,250.0,13,0.26995435443517835
182,2,250.0,14,0.1320317481133415
182,2,250.0,37,-1.1420394559781002
182,3,10.0,0,-0.03539517807826087
182,3,10.0,1,-1.001306390208132
182,3,10.0,4,-0.06630366860209236
182,3,10.0,16,0.8414917149296848
182,3,10.0,34,0.7150009433163333
182,3,10.0,35,0.6434191238112881
182,3,10.0,36,0.8311442481316291
182,3,25.0,0,-0.056930516509360984
182,3,25.0,1,-0.8650337584497656
182,3,25.0,4,-0.09861383946696378
182,3,25.0,16,0.746326695056343
182,3,25.0,34,0.5503906708696888
182,3,25.0,35,0.43565307031777323
182,3,25.0,36,0.6987667162446449
182,3,60.0,0,-0.012807436251229376
182,3,60.0,1,-0.37992586144175533
182,3,60.0,4,-0.21103917037649111
182,3,60.0,16,0.6097365706058042
182,3,60.0,34,0.2325270842453797
182,3,60.0,35,0.12143173602175139
182,3,60.0,36,0.37773083909309335
182,3,120.0,0,0.022387216953802636
182,3,120.0,1,-0.0891359658834503
182,3,120.0,4,-0.2790735175341865
182,3,120.0,16,0.5496115347896051
182,3,120.0,34,0.07193151703081213
182,3,120.0,35,-0.029805619825769014
182,3,120.0,36,0.21197952481632498
182,3,250.0,0,0.036397209196451286
182,3,250.0,1,0.0209945119683006
182,3,250.0,4,-0.30531004183909616
182,3,250.0,16,0.5285044947262953
182,3,250.0,34,0.014126586378218065
182,3,250.0,35,-0.08376081528420443
182,3,250.0,36,0.15219876837045376
182,4,10.0,5,-1.6059455945255188
182,4,10.0,11,-1.2813181010973658
182,4,10.0,26,-0.7093767883779698
182,4,10.0,27,-0.4325760595316517
182,4,10.0,29,-0.2635793377828435
182,4,10.0,30,0.30174497522747146
182,4,10.0,31,0.540100559042056
182,4,25.0,5,-1.5990576875125555
182,4,25.0,11,-1.0647547956869268
182,4,25.0,26,-0.6421618544196726
182,4,25.0,27,-0.41081989105837735
182,4,25.0,29,-0.387026432068339
182,4,25.0,30,0.2828107702639855
182,4,25.0,31,0.4226047081406925
182,4,60.0,5,-1.4255218099310234
182,4,60.0,11,-0.6951538433788258
182,4,60.0,26,-0.4208698637517081
182,4,60.0,27,-0.252329908635879
182,4,60.0,29,-0.6459187878158055
182,4,60.0,30,0.2570694353531273
182,4,60.0,31,0.16699608950860778
182,4,120.0,5,-1.3057639044770646
182,4,120.0,11,-0.5259652827276504
182,4,120.0,26,-0.26205001937347916
182,4,120.0,27,-0.10936170316081117
182,4,120.0,29,-0.7679340699337409
182,4,120.0,30,0.2820237014060929
182,4,120.0,31,0.04546964770777606
182,4,250.0,5,-1.2595310361685463
182,4,250.0,11,-0.4662619198971676
182,4,250.0,26,-0.19344524692537135
182,4,250.0,27,-0.04394891550871449
182,4,250.0,29,-0.8095023902340799
182,4,250.0,30,0.30206491681023095
182,4,250.0,31,0.0039839779090407035
