date,station,name,fold,elevation,anchor_km,wind_kmh,obs,B0,B1,B2,B3,M1,M2,M3,M3_prior,M1_wind,M2_wind,M1_calm,M2_calm
2023-06-01,0,Grand St. Bernard / Grand Saint Bernard,3,2472.0000,20.6866,7.9120,26.6364,27.3899,28.9311,31.6816,28.4701,27.9506,28.7518,29.6244,29.5661,27.9102,28.7070,27.7254,28.2967
2023-06-01,1,Locarno-Magadino,3,197.0000,62.2060,7.9120,30.7004,29.6021,30.1347,32.9229,29.5031,29.8432,29.8012,30.2898,30.2407,29.9053,29.8982,29.9990,30.1032
2023-06-01,2,Lugano,3,273.0000,46.2864,7.9120,30.8015,29.7019,30.4522,32.8409,30.0083,30.0498,29.9609,30.0843,30.0467,30.0926,30.0414,30.4053,30.4818
2023-06-01,3,Paganella,2,2125.0000,86.1858,7.9120,27.2571,29.5837,30.0784,29.7941,30.0623,30.3330,29.9678,29.8060,30.1092,30.4281,30.0423,30.0691,29.8206
2023-06-01,4,Aviano,3,128.0000,53.5302,7.9120,32.8339,31.8586,32.3677,32.2301,31.9381,32.8565,31.9616,32.0106,32.5709,32.8906,32.0178,32.9577,32.2520
2023-06-01,6,Torino / Caselle,2,301.0000,62.2905,7.9120,31.5931,30.0636,31.4831,31.9850,31.1710,31.1132,31.4226,31.6581,31.3199,31.2149,31.4749,31.0578,31.1562
2023-06-01,7,Torino / Bric Della Croce,2,709.0000,72.5131,7.9120,31.2961,30.0722,31.5660,32.0636,30.9676,31.2629,31.5633,31.7581,31.3203,31.3717,31.6266,31.1568,31.2439
2023-06-01,8,Novara / Cameri,1,178.0000,49.0769,7.9120,32.1126,30.5448,32.0553,32.3603,31.4545,31.9859,32.1386,32.1229,31.8435,32.0504,32.1863,31.7691,31.8811
2023-06-01,9,Milano / Malpensa,1,234.0000,46.2864,7.9120,32.4411,30.5991,32.0047,32.4681,31.8279,31.9933,32.1516,32.2547,32.0072,32.0513,32.1955,31.7587,31.8665
2023-06-01,11,Milano / Linate,4,107.0000,41.5983,7.9120,31.5572,30.6884,31.9457,32.3237,32.0663,32.0189,32.0653,32.1839,31.9173,32.0288,32.0947,31.8301,31.9298
2023-06-01,12,Piacenza,2,134.0000,55.9905,7.9120,31.1907,30.1996,30.9665,31.2607,31.4165,31.0760,30.8160,31.0917,31.0902,31.0737,30.7653,31.0772,30.8076
2023-06-01,13,Brescia / Ghedi,2,102.0000,45.8189,7.9120,31.4143,30.7699,31.9411,31.6266,32.1975,32.0821,31.7337,31.6808,31.9095,32.1065,31.7192,32.0024,31.7629
2023-06-01,14,Verona / Rivoltella,2,64.0000,25.9799,7.9120,31.0912,30.6244,31.5721,31.3908,31.8898,32.0352,31.6118,31.5641,31.8822,32.0796,31.6238,31.7417,31.4703
2023-06-01,15,Verona / Villafranca,1,67.0000,25.9799,7.9120,31.8907,31.1044,31.7341,31.7909,32.0821,32.4764,31.6619,31.7025,32.0782,32.5383,31.6767,32.2584,31.6806
2023-06-01,16,Padova,3,13.0000,37.0588,7.9120,32.7188,31.7005,32.2725,31.8941,32.6842,33.1432,32.2749,32.5259,32.9406,33.0820,32.2199,32.8844,32.2000
2023-06-01,17,Treviso / Istrana,1,45.0000,37.0588,7.9120,32.5136,31.8015,32.2138,31.9218,32.5656,32.9277,32.4016,32.2954,32.5939,32.9887,32.4401,32.7814,32.3342
2023-06-01,18,Treviso / S. Angelo,1,18.0000,38.0901,7.9120,32.5128,31.7707,32.1297,31.9217,32.1664,33.1453,32.6716,32.6656,32.9183,33.1999,32.7050,32.8309,32.3992
2023-06-01,19,Venezia / Tessera,1,2.0000,39.4195,7.9120,29.7086,30.8573,30.7998,31.7349,30.1680,31.0642,30.5878,29.0235,29.2211,31.0932,30.5939,31.1097,30.6687
2023-06-01,20,Monte Settepani / Caragna,0,1381.0000,55.2369,7.9120,29.6518,30.0049,29.8320,31.6441,29.6415,30.6470,30.7367,30.6668,30.0758,30.5033,30.6476,30.3605,30.4111
2023-06-01,21,Mondovi,0,559.0000,72.5131,7.9120,31.3712,30.3250,30.4817,32.1293,30.6038,30.7890,30.9164,31.1802,30.6286,30.6432,30.8389,30.7881,30.9406
2023-06-01,22,Monte Malanotte,0,1741.0000,85.7364,7.9120,29.5823,29.5193,28.7809,32.1250,29.3306,29.8191,29.9492,29.9549,29.3914,29.7802,29.9787,29.6280,29.7652
2023-06-01,23,Passo Dei Giovi,0,468.0000,24.9535,7.9120,30.6963,29.3544,29.5170,30.7976,29.6600,29.5626,29.5236,29.7454,29.2657,29.4591,29.4591,29.7052,29.5907
2023-06-01,24,Genova / Sestri,1,2.0000,24.9535,7.9120,30.8576,29.6260,31.1352,30.0405,30.7956,30.6344,30.8626,30.3824,29.4538,30.6385,30.8821,30.9749,30.9924
2023-06-01,25,Albenga,0,45.0000,71.3337,7.9120,29.9651,30.8033,30.5119,31.6479,30.9003,31.2531,31.3486,30.9509,30.3886,31.2194,31.3643,31.2027,31.2636
2023-06-01,26,Passo Della Cisa,4,1039.0000,55.9905,7.9120,28.9604,29.7898,29.8726,30.3132,29.8898,30.0253,29.9878,29.5281,29.1158,29.9775,29.9610,30.0833,30.0142
2023-06-01,27,Sarzana / Luni,4,9.0000,94.6868,7.9120,31.8545,31.1401,31.9301,29.8223,31.7184,32.2503,32.1920,31.6063,31.2011,32.2615,32.2202,32.2586,32.1682
2023-06-01,28,Bologna / Borgo Panigale,0,51.0000,41.0210,7.9120,33.3839,31.8712,32.6832,31.8745,33.5393,33.5965,32.6481,32.9155,33.5615,33.6076,32.7261,33.2454,32.4355
2023-06-01,29,Ferrara / Fontana,4,9.0000,39.9528,7.9120,33.3450,31.7502,32.4478,31.8246,32.5525,33.0533,32.3789,32.8233,33.1994,33.0242,32.3433,32.8602,32.3364
2023-06-01,30,Monte Cimone,4,2165.0000,59.3732,7.9120,27.4478,29.9913,29.5425,31.6778,29.4355,30.3885,30.1124,29.5415,29.5515,30.3570,30.0793,30.1869,29.9689
2023-06-01,31,Ferrara,4,10.0000,41.7377,7.9120,32.9540,31.7499,32.5406,31.8345,33.1317,33.1775,32.5049,32.9055,33.2796,33.1662,32.4898,32.9380,32.4097
2023-06-01,32,Bologna / Borgo Panigale,0,36.0000,39.9528,7.9120,33.4108,31.8808,32.6723,31.8677,33.5447,33.5995,32.6607,32.9201,33.5568,33.6101,32.7368,33.2368,32.4310
2023-06-01,33,Punta Marina,1,2.0000,25.9357,7.9120,28.6416,31.1326,30.5349,31.4775,30.1454,31.0609,30.4113,28.8498,28.8726,31.0616,30.3996,31.1840,30.4525
2023-06-01,34,Forli,3,27.0000,33.4500,7.9120,33.0838,32.4523,32.5436,32.0884,33.6064,33.7310,32.3164,32.8637,33.4053,33.7075,32.3029,33.5688,32.4478
2023-06-01,35,Cervia,3,6.0000,25.9357,7.9120,32.3164,31.9329,31.7346,32.1535,32.1725,32.8095,31.2028,31.2990,31.8563,32.7713,31.1643,33.0118,31.7622
2023-06-01,36,Rimini,3,12.0000,52.7910,7.9120,31.1496,32.4740,31.9182,32.5123,32.2657,32.9224,31.7200,31.6061,32.0230,32.9147,31.7015,33.2522,32.0131
2023-06-01,37,Torino / Collegno,2,287.0000,74.9769,7.9120,33.0457,30.2047,32.1174,32.0356,31.9274,31.4394,31.7376,31.9909,31.5951,31.5619,31.8136,31.5791,31.6649
2023-06-01,38,Aosta / Pollein,0,546.0000,20.6866,7.9120,29.2977,27.9515,27.6959,31.7200,28.3935,28.5579,27.9448,27.9425,28.4093,28.4306,27.8734,28.6496,28.4502
2023-06-02,0,Grand St. Bernard / Grand Saint Bernard,3,2472.0000,20.6866,7.8548,26.6883,26.4484,27.8173,29.7565,27.9065,27.1368,27.5865,27.1889,27.5754,27.0027,27.5366,26.7519,27.3944
2023-06-02,1,Locarno-Magadino,3,197.0000,62.2060,7.8548,31.3152,29.8789,30.5713,32.5511,30.1293,30.1351,30.1547,30.5229,30.5338,30.1803,30.2790,30.2221,30.5358
2023-06-02,2,Lugano,3,273.0000,46.2864,7.8548,30.3599,29.8301,30.6473,32.5095,30.3264,30.1663,30.2235,30.1979,30.1471,30.2041,30.3385,30.3673,30.6865
2023-06-02,4,Aviano,3,128.0000,53.5302,7.8548,34.3283,33.3054,34.2853,33.7983,33.7970,34.1251,33.7195,33.5985,33.6641,34.1562,33.7612,34.3834,33.9483
2023-06-02,5,Pian Rosa,4,3480.0000,33.9630,7.8548,26.6519,26.5657,27.4418,29.9201,26.8033,26.7364,27.3111,27.5737,27.2629,27.5769,28.0161,26.7381,27.2621
2023-06-02,6,Torino / Caselle,2,301.0000,62.2905,7.8548,29.5593,28.7455,29.7468,29.8989,29.6017,29.5515,29.6336,29.7945,29.7243,29.6312,29.6509,29.5192,29.6231
2023-06-02,7,Torino / Bric Della Croce,2,709.0000,72.5131,7.8548,29.9207,28.8480,30.0465,29.9344,30.5981,29.8951,29.8523,30.1726,30.1201,30.0049,29.9005,29.8984,29.8763
2023-06-02,8,Novara / Cameri,1,178.0000,49.0769,7.8548,32.2069,29.8923,31.8635,31.9459,32.0083,31.5456,31.7266,31.8503,31.6613,31.6153,31.7760,31.3563,31.5522
2023-06-02,9,Milano / Malpensa,1,234.0000,46.2864,7.8548,32.2275,30.0381,31.9640,32.0673,32.1658,31.7689,31.9729,32.2754,32.0813,31.8438,32.0278,31.4502,31.6675
2023-06-02,11,Milano / Linate,4,107.0000,41.5983,7.8548,32.9264,30.4826,32.3219,32.3532,33.0107,32.2833,32.3646,32.5482,32.3269,32.3009,32.3978,31.9833,32.1022
2023-06-02,12,Piacenza,2,134.0000,55.9905,7.8548,30.8192,30.4150,31.2849,31.9677,31.5688,31.2241,31.1503,31.2663,31.1433,31.2290,31.1020,31.1245,30.9750
2023-06-02,13,Brescia / Ghedi,2,102.0000,45.8189,7.8548,33.6849,32.1559,33.7587,32.4002,33.9137,33.4899,33.3539,33.2859,33.3991,33.5414,33.3592,33.4848,33.3617
2023-06-02,14,Verona / Rivoltella,2,64.0000,25.9799,7.8548,31.2727,32.3171,33.2470,32.5123,33.4831,33.2342,33.0116,32.6731,32.8865,33.2627,32.9931,33.2425,33.0704
2023-06-02,15,Verona / Villafranca,1,67.0000,25.9799,7.8548,34.2952,33.2852,33.4247,33.2924,34.3799,34.5402,33.4299,33.4277,34.0166,34.6062,33.4423,34.2712,33.4162
2023-06-02,16,Padova,3,13.0000,37.0588,7.8548,34.9236,34.0412,34.7138,33.8429,35.8220,35.5332,34.8545,35.1980,35.4649,35.4700,34.7973,35.3483,34.7464
2023-06-02,17,Treviso / Istrana,1,45.0000,37.0588,7.8548,34.5114,33.7599,34.1546,33.9060,34.9506,34.6037,34.1457,34.1099,34.3390,34.6248,34.1505,34.7496,34.1737
2023-06-02,18,Treviso / S. Angelo,1,18.0000,38.0901,7.8548,34.4539,33.6702,33.7102,33.8811,34.2236,34.5564,34.1122,34.0646,34.2823,34.5721,34.1135,34.5718,33.9750
2023-06-02,19,Venezia / Tessera,1,2.0000,39.4195,7.8548,32.3571,32.9286,32.7360,33.6460,32.8244,33.3641,32.7669,31.9365,32.2687,33.4021,32.7911,33.2110,32.4456
2023-06-02,20,Monte Settepani / Caragna,0,1381.0000,55.2369,7.8548,27.4757,28.9488,28.7781,30.3794,29.1155,29.7064,29.5565,29.3872,29.3559,29.5035,29.4097,29.3876,29.3657
2023-06-02,21,Mondovi,0,559.0000,72.5131,7.8548,28.3798,28.9999,29.0481,29.8941,29.4939,29.6316,29.5226,29.2375,29.1829,29.5004,29.4514,29.4833,29.5205
2023-06-02,22,Monte Malanotte,0,1741.0000,85.7364,7.8548,28.0968,28.3482,27.8387,29.8736,28.5941,28.9350,28.8184,28.2811,28.2316,28.7920,28.7339,28.6880,28.7145
2023-06-02,23,Passo Dei Giovi,0,468.0000,24.9535,7.8548,30.2000,28.7218,29.0983,31.2292,29.5778,29.2262,29.0313,28.8664,28.8502,29.0682,28.9237,29.2422,29.1484
2023-06-02,25,Albenga,0,45.0000,71.3337,7.8548,29.5377,29.5117,29.2143,30.0959,30.0256,30.2236,30.0732,29.5844,29.5544,30.1761,30.0872,29.9756,29.9563
2023-06-02,26,Passo Della Cisa,4,1039.0000,55.9905,7.8548,30.0068,30.3004,29.9421,31.4154,30.8079,30.5766,30.1760,29.4427,29.4647,30.5417,30.1538,30.5478,30.2031
2023-06-02,27,Sarzana / Luni,4,9.0000,94.6868,7.8548,31.9507,31.4120,32.1150,30.9273,33.2558,32.5574,32.1197,31.3557,31.4139,32.5496,32.1312,32.7378,32.3458
2023-06-02,28,Bologna / Borgo Panigale,0,51.0000,41.0210,7.8548,34.9646,34.5915,34.4135,33.5824,36.5452,36.2043,34.5866,34.4568,35.8537,36.2121,34.6604,35.8755,34.5455
2023-06-02,29,Ferrara / Fontana,4,9.0000,39.9528,7.8548,33.9800,34.6371,34.7250,33.5926,35.7681,35.7091,34.6301,34.8755,35.6758,35.6900,34.6008,35.7436,34.8622
2023-06-02,30,Monte Cimone,4,2165.0000,59.3732,7.8548,29.5364,32.0030,30.7756,33.2718,31.3826,32.5738,31.7736,31.3116,31.8158,32.5516,31.7333,32.1322,31.4475
2023-06-02,31,Ferrara,4,10.0000,41.7377,7.8548,34.5753,34.6227,34.6994,33.6010,36.2990,35.7615,34.7066,34.9147,35.6924,35.7520,34.6894,35.7251,34.8520
2023-06-02,32,Bologna / Borgo Panigale,0,36.0000,39.9528,7.8548,34.7138,34.6138,34.3836,33.5823,36.5321,36.2080,34.5901,34.4548,35.8554,36.2152,34.6620,35.8680,34.5334
2023-06-02,34,Forli,3,27.0000,33.4500,7.8548,34.1762,34.7660,34.8083,33.7347,36.3988,35.7914,34.3225,34.4144,35.5050,35.7828,34.3408,35.9051,34.9065
2023-06-02,35,Cervia,3,6.0000,25.9357,7.8548,32.3112,33.8548,33.6156,33.7559,34.5114,34.3133,32.8351,32.0057,33.0894,34.2928,32.8357,34.8223,33.8501
2023-06-02,36,Rimini,3,12.0000,52.7910,7.8548,31.5164,33.4235,33.0935,34.0178,33.6994,33.6842,32.5282,32.0175,32.8634,33.6796,32.5300,34.2347,33.2759
2023-06-02,37,Torino / Collegno,2,287.0000,74.9769,7.8548,30.4044,28.8807,30.1367,29.8680,30.6926,29.9763,29.9660,30.0147,29.9640,30.0792,30.0083,29.9311,29.9411
2023-06-02,38,Aosta / Pollein,0,546.0000,20.6866,7.8548,28.9990,26.9563,27.2486,29.7808,27.8804,27.9277,27.6216,27.7171,27.7849,27.7691,27.4491,27.7328,27.8001
2023-06-03,0,Grand St. Bernard / Grand Saint Bernard,3,2472.0000,20.6866,11.6456,23.1484,22.6532,25.1254,27.7535,23.1537,23.2187,25.2626,25.1199,23.1711,23.0851,25.1870,22.9089,24.6187
2023-06-03,1,Locarno-Magadino,3,197.0000,62.2060,11.6456,29.8058,28.1615,29.3817,32.1554,28.2223,28.2787,28.7213,29.3504,29.0606,28.3075,28.7676,28.4740,29.1258
2023-06-03,2,Lugano,3,273.0000,46.2864,11.6456,29.4579,28.3949,29.6029,32.1421,28.7408,28.5803,29.2121,29.2212,28.8622,28.6046,29.2523,28.8595,29.4731
2023-06-03,3,Paganella,2,2125.0000,86.1858,11.6456,30.8166,32.5060,32.6341,32.6746,32.3407,32.9115,32.6273,32.4260,32.9064,32.9442,32.6542,32.7210,32.3878
2023-06-03,4,Aviano,3,128.0000,53.5302,11.6456,33.8981,33.5686,33.9678,34.3538,34.2216,34.1034,33.0511,32.7879,33.9027,34.1300,33.0882,34.4928,33.5964
2023-06-03,6,Torino / Caselle,2,301.0000,62.2905,11.6456,27.7257,26.3086,27.8083,28.6223,26.4300,27.0382,27.9758,28.1522,27.2682,27.0821,27.9806,26.8506,27.5978
2023-06-03,7,Torino / Bric Della Croce,2,709.0000,72.5131,11.6456,28.3077,26.7215,28.3460,28.8750,27.7409,27.3955,28.1343,28.3283,27.5673,27.4606,28.1552,27.4985,28.1262
2023-06-03,8,Novara / Cameri,1,178.0000,49.0769,11.6456,30.9795,28.6000,30.5491,31.1947,29.3425,29.8437,30.5918,30.6409,30.0364,29.9086,30.6466,29.6153,30.2518
2023-06-03,10,Bergamo / Orio Al Serio,2,238.0000,41.5983,11.6456,32.4107,31.2286,32.7778,32.4349,32.7382,32.1423,32.4475,32.7406,32.7840,32.2109,32.4736,32.2085,32.5232
2023-06-03,11,Milano / Linate,4,107.0000,41.5983,11.6456,32.4109,30.5388,32.1111,32.1764,32.2962,31.8940,32.3578,32.6913,32.3992,31.9076,32.3797,31.5617,31.9951
2023-06-03,12,Piacenza,2,134.0000,55.9905,11.6456,33.0052,31.3912,32.6231,31.8552,32.4681,32.5136,32.5929,32.9383,32.8659,32.5204,32.5563,32.2289,32.3126
2023-06-03,13,Brescia / Ghedi,2,102.0000,45.8189,11.6456,33.3391,32.9958,34.2685,32.8134,34.4033,34.1208,33.9344,34.1043,34.5290,34.1762,33.9541,34.1091,34.0172
2023-06-03,14,Verona / Rivoltella,2,64.0000,25.9799,11.6456,32.2970,33.2056,33.8822,33.1727,34.3351,33.7549,33.3234,33.1120,33.8443,33.7715,33.2983,34.0489,33.8122
2023-06-03,15,Verona / Villafranca,1,67.0000,25.9799,11.6456,34.2117,34.0108,33.8371,34.1870,34.8765,35.0306,34.0929,34.1547,34.9745,35.0664,34.1117,34.7887,33.9470
2023-06-03,16,Padova,3,13.0000,37.0588,11.6456,35.5267,34.7703,35.3216,34.7687,36.4576,36.1162,35.3321,35.4229,36.1948,36.0780,35.2880,36.1063,35.2649
2023-06-03,17,Treviso / Istrana,1,45.0000,37.0588,11.6456,34.4645,34.4720,34.2084,34.4711,35.2503,35.2104,34.5827,34.6675,35.3619,35.2212,34.5887,35.1222,34.4052
2023-06-03,18,Treviso / S. Angelo,1,18.0000,38.0901,11.6456,33.8472,34.3983,34.4506,34.4563,35.2219,35.4853,34.9036,35.1864,35.8346,35.4929,34.9099,35.4393,34.7148
2023-06-03,19,Venezia / Tessera,1,2.0000,39.4195,11.6456,33.6346,33.9962,33.6548,34.3701,33.4271,34.4191,33.8257,32.8581,33.4912,34.4507,33.8632,34.2083,33.4056
2023-06-03,20,Monte Settepani / Caragna,0,1381.0000,55.2369,11.6456,26.7744,27.4726,27.8886,29.7277,27.1769,28.1763,28.9646,28.9199,28.0782,28.0609,28.9420,27.5961,28.3442
2023-06-03,21,Mondovi,0,559.0000,72.5131,11.6456,27.7317,27.3618,28.2433,29.1188,27.6244,27.8844,28.6790,28.7462,27.9300,27.7735,28.6588,27.7517,28.5386
2023-06-03,23,Passo Dei Giovi,0,468.0000,24.9535,11.6456,29.5518,28.3471,29.5842,30.8956,28.7860,28.7860,29.4661,29.3898,28.6714,28.6771,29.4544,28.6652,29.3097
2023-06-03,24,Genova / Sestri,1,2.0000,24.9535,11.6456,30.5555,28.2947,29.6529,30.1923,28.3160,29.4988,29.7495,29.0731,28.4329,29.5142,29.7515,29.3218,29.5921
2023-06-03,25,Albenga,0,45.0000,71.3337,11.6456,29.2880,28.0217,28.7072,29.4107,28.2391,28.6874,29.5139,29.0680,28.1868,28.6618,29.5398,28.5224,29.2688
2023-06-03,26,Passo Della Cisa,4,1039.0000,55.9905,11.6456,30.7349,30.6981,31.2454,31.1571,30.8264,31.2218,31.4168,31.1624,30.8519,31.1749,31.3947,31.0551,31.2007
2023-06-03,27,Sarzana / Luni,4,9.0000,94.6868,11.6456,32.2397,31.6306,32.7478,30.6393,31.8453,32.2113,32.3838,31.4462,31.1087,32.2056,32.3964,32.7031,32.8100
2023-06-03,28,Bologna / Borgo Panigale,0,51.0000,41.0210,11.6456,35.4682,34.7330,34.8256,34.3264,35.5837,35.9051,34.3883,34.6473,36.0863,35.9084,34.4508,35.6937,34.7782
2023-06-03,29,Ferrara / Fontana,4,9.0000,39.9528,11.6456,34.6696,35.0263,34.9712,34.8263,35.5348,35.9257,34.9991,35.1386,35.9730,35.9171,34.9897,35.7606,35.0620
2023-06-03,30,Monte Cimone,4,2165.0000,59.3732,11.6456,29.5158,31.8681,31.2508,33.7745,31.1204,32.5419,32.4350,32.3584,32.4579,32.5500,32.4491,31.9108,31.6569
2023-06-03,31,Ferrara,4,10.0000,41.7377,11.6456,35.7715,35.0246,35.0193,34.8463,36.0955,35.9424,35.0344,35.1809,35.9957,35.9364,35.0284,35.8159,35.1137
2023-06-03,32,Bologna / Borgo Panigale,0,36.0000,39.9528,11.6456,34.8995,34.7472,34.8069,34.3320,35.6753,35.9143,34.3975,34.6575,36.0979,35.9183,34.4602,35.6894,34.7735
2023-06-03,33,Punta Marina,1,2.0000,25.9357,11.6456,32.3803,34.2275,33.3647,34.4732,33.3495,34.1926,33.0053,32.2613,32.6442,34.1854,32.9902,34.3008,33.1273
2023-06-03,34,Forli,3,27.0000,33.4500,11.6456,35.6905,34.9848,35.1593,34.6119,36.3038,35.8599,34.3262,35.0260,35.8356,35.8539,34.3334,35.9606,34.8645
2023-06-03,35,Cervia,3,6.0000,25.9357,11.6456,33.3486,34.2230,34.0524,34.7349,34.6884,34.7645,33.1905,33.2522,33.9320,34.7473,33.1764,35.0349,33.8769
2023-06-03,36,Rimini,3,12.0000,52.7910,11.6456,32.6949,33.9070,33.7991,34.9359,34.0236,34.1302,32.7398,32.6675,33.2850,34.1261,32.7296,34.6694,33.5226
2023-06-03,37,Torino / Collegno,2,287.0000,74.9769,11.6456,29.1311,26.6312,28.3887,28.7414,27.7415,27.4640,28.2518,28.5039,27.7120,27.5406,28.2846,27.4513,28.1128
2023-06-03,38,Aosta / Pollein,0,546.0000,20.6866,11.6456,26.1936,23.3478,24.0419,27.8616,23.6454,24.0418,24.3840,24.3625,23.8528,23.9352,24.3022,23.9388,24.5461
2023-06-04,0,Grand St. Bernard / Grand Saint Bernard,3,2472.0000,20.6866,5.4464,27.1528,26.8291,28.0286,28.3616,27.9303,27.7435,27.7404,26.1528,26.6167,27.5595,27.6195,27.1683,27.5306
2023-06-04,1,Locarno-Magadino,3,197.0000,62.2060,5.4464,29.4563,29.9483,30.0997,31.7969,30.0012,30.0321,29.7677,29.7951,30.3308,30.0510,29.8301,30.1431,30.1126
2023-06-04,3,Paganella,2,2125.0000,86.1858,5.4464,31.2799,32.4804,31.5556,32.6090,31.9441,32.5246,31.8568,31.3580,32.2023,32.5254,31.8593,32.4258,31.6287
2023-06-04,4,Aviano,3,128.0000,53.5302,5.4464,34.5203,34.6105,34.9496,34.1679,35.5160,35.2940,33.8379,33.8841,35.4597,35.3279,33.9019,35.5842,34.5430
2023-06-04,5,Pian Rosa,4,3480.0000,33.9630,5.4464,27.9527,27.2276,27.3426,28.5234,27.1241,27.4309,27.4384,27.5864,27.7542,28.1843,28.0917,27.3835,27.5298
2023-06-04,6,Torino / Caselle,2,301.0000,62.2905,5.4464,29.6034,28.1184,29.3238,29.7204,28.6690,28.9889,29.2755,29.6971,29.3628,29.0590,29.2941,28.8523,29.2271
2023-06-04,7,Torino / Bric Della Croce,2,709.0000,72.5131,5.4464,29.7461,28.1761,29.7382,30.1208,29.3082,29.1241,29.5282,29.7688,29.2678,29.2214,29.5759,29.0968,29.5549
2023-06-04,8,Novara / Cameri,1,178.0000,49.0769,5.4464,31.4456,30.1270,31.3150,31.1473,31.2651,31.3172,31.1980,31.2392,31.5808,31.3686,31.2107,31.2157,31.2886
2023-06-04,9,Milano / Malpensa,1,234.0000,46.2864,5.4464,31.2292,30.3688,31.3645,31.2562,31.5605,31.7399,31.5332,31.8363,32.2866,31.7985,31.5523,31.3906,31.3864
2023-06-04,10,Bergamo / Orio Al Serio,2,238.0000,41.5983,5.4464,32.3068,31.6858,32.0667,31.9538,32.8943,32.4982,31.9140,31.8911,32.8110,32.5632,31.9282,32.5330,32.1731
2023-06-04,11,Milano / Linate,4,107.0000,41.5983,5.4464,32.3105,31.2115,32.6450,31.8132,33.3480,32.8984,32.7000,32.8463,33.3435,32.9164,32.7289,32.5756,32.5027
2023-06-04,12,Piacenza,2,134.0000,55.9905,5.4464,31.8243,30.9102,31.5875,31.3653,31.8961,31.7609,31.4963,31.6004,31.8549,31.7595,31.4430,31.6357,31.4697
2023-06-04,13,Brescia / Ghedi,2,102.0000,45.8189,5.4464,33.1497,32.5286,33.2603,32.2402,34.1092,33.9328,33.2129,33.3956,34.3335,34.0071,33.2487,33.7485,33.1999
2023-06-04,14,Verona / Rivoltella,2,64.0000,25.9799,5.4464,31.0571,32.4014,32.2026,32.5407,33.4344,32.5796,31.6152,31.0358,32.2815,32.5827,31.5713,33.0837,32.3981
2023-06-04,15,Verona / Villafranca,1,67.0000,25.9799,5.4464,33.2961,33.2094,33.3966,33.2853,34.6398,34.4193,33.2872,33.6565,34.7154,34.4571,33.3006,34.3735,33.3543
2023-06-04,16,Padova,3,13.0000,37.0588,5.4464,34.2875,34.3625,34.1466,33.8898,35.7856,35.6513,34.3368,34.2772,35.6845,35.5978,34.2857,35.3867,34.3485
2023-06-04,17,Treviso / Istrana,1,45.0000,37.0588,5.4464,33.9956,34.5405,34.4080,33.8909,35.6699,35.4727,34.3419,34.4244,35.6316,35.5081,34.3381,35.5034,34.5024
2023-06-04,18,Treviso / S. Angelo,1,18.0000,38.0901,5.4464,34.7564,34.6086,34.6275,33.8853,35.9652,36.1014,35.0204,35.3353,36.4961,36.1661,35.0541,35.8322,34.8040
2023-06-04,19,Venezia / Tessera,1,2.0000,39.4195,5.4464,33.4685,34.1531,33.5846,33.7213,34.0901,34.9957,33.8154,33.5257,34.7870,35.0557,33.8406,34.4521,33.2879
2023-06-04,20,Monte Settepani / Caragna,0,1381.0000,55.2369,5.4464,28.4208,27.7184,28.2760,30.6866,27.8734,28.1076,29.0061,28.9356,28.0578,28.0101,29.0050,27.8481,28.5716
2023-06-04,21,Mondovi,0,559.0000,72.5131,5.4464,29.6120,27.6979,28.6193,30.5972,28.1828,28.3574,29.1216,29.0765,28.3354,28.2410,29.0816,28.1530,28.8444
2023-06-04,22,Monte Malanotte,0,1741.0000,85.7364,5.4464,27.9672,27.3775,27.4611,30.5974,27.9038,27.7574,28.5490,28.1322,27.3612,27.6775,28.5630,27.4872,28.1867
2023-06-04,23,Passo Dei Giovi,0,468.0000,24.9535,5.4464,29.8109,28.5880,29.8850,30.7412,29.0473,29.1699,30.0431,29.9228,29.1267,29.0557,30.0152,28.9063,29.5088
2023-06-04,24,Genova / Sestri,1,2.0000,24.9535,5.4464,31.0583,28.2327,29.7744,30.0268,28.3072,29.1276,29.6110,29.2195,28.4693,29.1360,29.6092,29.1825,29.6476
2023-06-04,25,Albenga,0,45.0000,71.3337,5.4464,30.3235,28.1665,29.1497,30.5265,28.6135,29.1071,29.9796,29.9433,29.0893,29.0216,29.9508,28.8010,29.5189
2023-06-04,26,Passo Della Cisa,4,1039.0000,55.9905,5.4464,30.0533,30.3008,30.5754,30.4786,30.4636,30.6238,30.5886,29.9134,29.9033,30.5827,30.5624,30.5912,30.5800
2023-06-04,27,Sarzana / Luni,4,9.0000,94.6868,5.4464,31.7577,30.5848,31.9967,29.9505,31.9441,31.9334,31.9151,31.3737,31.2931,31.9261,31.9200,31.9159,31.9059
2023-06-04,29,Ferrara / Fontana,4,9.0000,39.9528,5.4464,34.3365,34.0333,34.0929,33.8511,35.0747,35.4155,34.2817,34.6995,35.8821,35.4283,34.2984,35.1290,34.1481
2023-06-04,30,Monte Cimone,4,2165.0000,59.3732,5.4464,30.0593,31.5328,30.4552,32.7483,29.8535,31.5837,30.9669,29.9807,30.6516,31.5909,30.9615,31.4841,30.9755
2023-06-04,31,Ferrara,4,10.0000,41.7377,5.4464,34.1264,34.0315,34.1473,33.8654,35.6702,35.4933,34.3602,34.8270,36.0086,35.5106,34.3824,35.1798,34.1942
2023-06-04,32,Bologna / Borgo Panigale,0,36.0000,39.9528,5.4464,33.6078,33.5474,33.7505,33.3828,34.8452,34.8490,33.7281,33.4000,34.6151,34.8525,33.7556,34.6300,33.6635
2023-06-04,33,Punta Marina,1,2.0000,25.9357,5.4464,32.2608,33.7530,32.9060,33.7786,33.4686,33.8621,32.1769,31.4327,32.8735,33.8717,32.1360,33.8850,32.3487
2023-06-04,34,Forli,3,27.0000,33.4500,5.4464,34.7206,34.3915,34.6464,33.8533,35.5814,35.7373,34.5143,34.8409,35.6258,35.6969,34.4840,35.5096,34.4352
2023-06-04,35,Cervia,3,6.0000,25.9357,5.4464,33.2928,34.0363,34.0633,34.0530,34.7227,35.1318,33.9005,33.9573,34.6860,35.0947,33.8688,35.0704,33.9556
2023-06-04,36,Rimini,3,12.0000,52.7910,5.4464,31.9723,33.9083,33.6765,34.3047,34.0182,34.4110,33.0745,32.6713,33.4706,34.3974,33.0730,34.6470,33.5407
2023-06-04,37,Torino / Collegno,2,287.0000,74.9769,5.4464,30.7071,28.1576,29.9568,29.9779,29.9317,29.3885,29.7528,30.1158,29.6543,29.4859,29.8014,29.2683,29.7000
2023-06-04,38,Aosta / Pollein,0,546.0000,20.6866,5.4464,28.0717,27.1787,27.8458,28.5219,28.0808,28.1763,28.1045,28.9485,28.3876,28.0147,27.9297,27.9870,28.3012
2023-06-05,0,Grand St. Bernard / Grand Saint Bernard,3,2472.0000,20.6866,16.9960,26.3650,26.3474,27.4013,29.3273,26.7800,26.7072,27.3167,27.9110,27.6032,26.6907,27.3447,26.5845,27.0349
2023-06-05,1,Locarno-Magadino,3,197.0000,62.2060,16.9960,29.0196,29.5837,29.9143,32.0853,29.3588,29.9540,29.5696,29.9925,30.7137,29.9613,29.6492,29.8234,29.7673
2023-06-05,2,Lugano,3,273.0000,46.2864,16.9960,28.8909,29.9304,30.3372,32.0420,30.1155,30.6500,30.2386,30.1204,30.8660,30.6691,30.3246,30.3889,30.2973
2023-06-05,3,Paganella,2,2125.0000,86.1858,16.9960,31.6184,32.3460,31.9472,31.8383,32.5983,32.8335,32.2084,31.7188,32.6179,32.8738,32.2757,32.5898,31.8998
2023-06-05,4,Aviano,3,128.0000,53.5302,16.9960,33.9644,33.7693,33.6517,33.8894,33.9831,34.7344,33.7896,34.1378,34.9510,34.7312,33.7733,34.6512,33.4472
2023-06-05,5,Pian Rosa,4,3480.0000,33.9630,16.9960,27.1257,26.4344,26.7122,29.4218,26.7082,26.6904,26.7870,26.9851,27.2419,27.1676,27.2434,26.5835,26.5827
2023-06-05,6,Torino / Caselle,2,301.0000,62.2905,16.9960,29.0566,27.8258,28.7015,29.6954,28.7575,28.8982,28.6117,28.8580,29.2875,28.9879,28.6680,28.7193,28.2626
2023-06-05,7,Torino / Bric Della Croce,2,709.0000,72.5131,16.9960,28.9973,28.1214,28.9528,29.7889,29.3401,29.3540,28.8466,29.2266,29.8158,29.4482,28.9049,29.2110,28.5604
2023-06-05,8,Novara / Cameri,1,178.0000,49.0769,16.9960,31.3436,29.6385,30.3268,30.6868,30.7742,31.0406,30.3099,30.4736,31.3209,31.0971,30.3296,30.8074,30.2571
2023-06-05,9,Milano / Malpensa,1,234.0000,46.2864,16.9960,31.5798,29.8954,30.3381,30.9492,30.9395,31.2532,30.4518,30.6577,31.5913,31.3170,30.4753,30.9230,30.3310
2023-06-05,10,Bergamo / Orio Al Serio,2,238.0000,41.5983,16.9960,31.6316,31.6295,31.9712,32.3830,32.3754,32.6994,31.9527,32.3018,33.1927,32.7513,31.9694,32.4769,31.9366
2023-06-05,11,Milano / Linate,4,107.0000,41.5983,16.9960,31.6851,30.9633,31.6943,31.5837,32.3973,32.4252,31.7122,31.6239,32.5207,32.4290,31.7411,32.1409,31.6009
2023-06-05,12,Piacenza,2,134.0000,55.9905,16.9960,30.8235,31.1317,31.3607,31.1004,32.1036,31.5990,30.8162,30.8652,31.4496,31.6107,30.7920,31.7972,31.1349
2023-06-05,13,Brescia / Ghedi,2,102.0000,45.8189,16.9960,32.5055,32.2780,32.7759,32.6057,32.7312,33.2165,32.6206,32.9178,33.6224,33.1980,32.5839,33.1312,32.6018
2023-06-05,14,Verona / Rivoltella,2,64.0000,25.9799,16.9960,32.8208,32.6274,33.5045,32.6870,33.7018,33.7477,33.2470,33.5764,34.2549,33.7308,33.2321,33.7585,33.2630
2023-06-05,15,Verona / Villafranca,1,67.0000,25.9799,16.9960,33.7015,33.0181,33.1473,33.2813,33.7074,33.9385,33.1591,33.1644,33.9424,33.9709,33.1619,33.7801,33.1048
2023-06-05,17,Treviso / Istrana,1,45.0000,37.0588,16.9960,33.3479,33.9579,34.1964,33.5289,34.8949,34.2009,33.5288,33.6254,34.3849,34.1448,33.4430,34.8519,34.2720
2023-06-05,18,Treviso / S. Angelo,1,18.0000,38.0901,16.9960,32.3194,33.6303,33.6832,33.5079,33.6647,33.8403,33.1829,32.9354,33.6990,33.7875,33.0999,34.5428,33.9551
2023-06-05,19,Venezia / Tessera,1,2.0000,39.4195,16.9960,31.4496,32.5378,31.8561,33.3665,31.2342,32.5248,31.8420,30.4456,31.2831,32.5224,31.8092,32.6505,32.0197
2023-06-05,20,Monte Settepani / Caragna,0,1381.0000,55.2369,16.9960,26.6708,28.6842,27.4114,29.7051,28.3321,28.8388,28.0300,27.9355,28.6720,28.8129,28.0111,28.7094,28.1400
2023-06-05,21,Mondovi,0,559.0000,72.5131,16.9960,27.9863,29.1733,28.7719,29.8653,29.4257,29.5619,28.9690,28.8662,29.4118,29.4389,28.8539,29.5980,29.2154
2023-06-05,22,Monte Malanotte,0,1741.0000,85.7364,16.9960,27.7031,28.9576,28.1538,29.8630,28.9894,29.5386,28.9269,28.4099,28.9715,29.3776,28.7701,29.3394,28.9274
2023-06-05,23,Passo Dei Giovi,0,468.0000,24.9535,16.9960,28.3249,29.4621,28.3943,29.9010,29.5549,29.8639,28.9222,29.4817,30.3723,29.7907,28.8199,29.5295,28.7430
2023-06-05,24,Genova / Sestri,1,2.0000,24.9535,16.9960,27.9779,29.0217,28.2492,29.5845,28.7867,29.3568,27.7741,27.7608,28.9706,29.3903,27.7840,29.6916,28.5385
2023-06-05,25,Albenga,0,45.0000,71.3337,16.9960,26.5589,28.9756,28.3339,29.7214,28.8207,29.2995,28.8822,28.6760,29.0570,29.2740,28.8680,29.4965,28.9503
2023-06-05,26,Passo Della Cisa,4,1039.0000,55.9905,16.9960,30.8318,31.0782,30.2233,30.7605,31.1199,31.5073,30.5374,29.2777,30.2196,31.4714,30.5123,31.3706,30.4645
2023-06-05,27,Sarzana / Luni,4,9.0000,94.6868,16.9960,31.0929,31.3008,30.4666,30.4297,30.8068,31.7358,31.1675,31.0099,31.5414,31.7369,31.1864,31.9461,31.0287
2023-06-05,28,Bologna / Borgo Panigale,0,51.0000,41.0210,16.9960,33.2232,32.9392,33.7670,33.3202,33.8521,33.9850,33.1854,33.9598,34.9316,33.9555,33.2120,34.1024,33.4678
2023-06-05,29,Ferrara / Fontana,4,9.0000,39.9528,16.9960,34.4298,33.3736,33.4722,33.4777,33.9764,34.3423,33.9200,34.2110,34.8046,34.3135,33.9103,34.2936,33.5245
2023-06-05,30,Monte Cimone,4,2165.0000,59.3732,16.9960,30.4202,31.7731,30.3516,32.8208,30.7769,32.3773,31.5531,30.7263,31.7473,32.3536,31.5368,31.7806,30.9831
2023-06-05,31,Ferrara,4,10.0000,41.7377,16.9960,34.4111,33.3858,33.4853,33.4977,34.2218,34.3491,33.9155,34.1891,34.7829,34.3265,33.9124,34.3204,33.5446
2023-06-05,32,Bologna / Borgo Panigale,0,36.0000,39.9528,16.9960,33.8181,32.9510,33.8113,33.3178,33.9654,34.0312,33.2423,34.0226,34.9853,34.0017,33.2684,34.1432,33.5110
2023-06-05,34,Forli,3,27.0000,33.4500,16.9960,33.5545,33.6852,34.1571,33.5531,34.5048,34.5256,34.4137,34.6547,34.7480,34.5473,34.4114,34.7153,34.1392
2023-06-05,35,Cervia,3,6.0000,25.9357,16.9960,34.4489,33.6303,34.3812,33.6073,34.9713,35.1421,35.0235,35.1938,35.2712,35.0827,34.9406,34.9773,34.3974
2023-06-05,36,Rimini,3,12.0000,52.7910,16.9960,34.3633,34.0942,34.1157,33.9877,33.9461,34.7527,34.6686,34.5877,34.6392,34.7352,34.6348,34.9362,34.3551
2023-06-05,37,Torino / Collegno,2,287.0000,74.9769,16.9960,29.7620,28.0460,29.0962,29.7502,29.6436,29.3561,28.9371,29.3101,29.8270,29.4642,29.0119,29.2120,28.6279
2023-06-05,38,Aosta / Pollein,0,546.0000,20.6866,16.9960,27.6446,26.4442,26.5553,29.3750,26.8639,26.7116,26.4925,26.5101,26.7627,26.6668,26.4837,26.9480,26.9821
2023-06-06,0,Grand St. Bernard / Grand Saint Bernard,3,2472.0000,20.6866,6.6639,28.6889,29.0204,28.8517,30.1705,29.7123,29.5823,28.3439,28.4936,30.4032,29.5012,28.3058,29.2835,28.3769
2023-06-06,1,Locarno-Magadino,3,197.0000,62.2060,6.6639,28.2681,29.7414,29.4457,30.9335,29.5724,29.8449,29.1606,29.4244,30.1719,29.8669,29.2359,29.9232,29.2123
2023-06-06,2,Lugano,3,273.0000,46.2864,6.6639,29.2550,29.7499,29.2488,30.9184,29.6248,29.9957,29.0326,28.6749,29.7260,30.0070,29.1239,30.0172,29.2802
2023-06-06,3,Paganella,2,2125.0000,86.1858,6.6639,31.0341,30.2762,30.7901,31.0259,31.2288,30.4946,30.4092,30.4192,30.6239,30.5380,30.4374,30.8851,30.6542
2023-06-06,4,Aviano,3,128.0000,53.5302,6.6639,32.5141,31.5263,33.0156,32.1510,32.5111,32.1354,32.0736,32.1303,32.2753,32.1806,32.1219,32.7846,32.7950
2023-06-06,5,Pian Rosa,4,3480.0000,33.9630,6.6639,29.3399,29.0246,28.0388,30.1870,29.1290,29.2818,28.1408,28.1585,29.7569,29.9845,28.9228,29.1558,28.1020
2023-06-06,6,Torino / Caselle,2,301.0000,62.2905,6.6639,29.7324,29.4093,28.8264,30.9695,29.7537,30.3692,28.9868,29.2373,30.8188,30.4560,29.0179,30.1070,28.8303
2023-06-06,7,Torino / Bric Della Croce,2,709.0000,72.5131,6.6639,30.7839,29.8802,29.6649,31.2109,31.4256,31.0484,29.5423,29.8456,31.4779,31.1736,29.6136,31.0075,29.5920
2023-06-06,8,Novara / Cameri,1,178.0000,49.0769,6.6639,29.8677,30.0007,30.1985,30.8467,30.9458,31.1896,30.1414,29.7228,31.0092,31.2261,30.1497,31.1335,30.2157
2023-06-06,9,Milano / Malpensa,1,234.0000,46.2864,6.6639,30.7897,30.0839,30.1914,30.8478,31.2561,31.2565,30.2232,29.9674,31.2371,31.2928,30.2339,31.1345,30.2186
2023-06-06,10,Bergamo / Orio Al Serio,2,238.0000,41.5983,6.6639,30.4682,30.4242,30.9550,30.7951,31.9532,31.4872,30.7014,30.9719,31.9644,31.5673,30.7280,31.5761,30.8513
2023-06-06,11,Milano / Linate,4,107.0000,41.5983,6.6639,30.9820,30.5913,31.1417,30.9607,32.2240,32.3922,31.4305,31.5275,32.5170,32.4122,31.4774,32.0371,31.1081
2023-06-06,12,Piacenza,2,134.0000,55.9905,6.6639,30.8659,30.6880,30.8191,30.9661,31.7988,31.6969,30.7008,30.8062,31.9429,31.6904,30.6171,31.6738,30.7271
2023-06-06,13,Brescia / Ghedi,2,102.0000,45.8189,6.6639,32.1146,31.1407,32.2345,31.3294,32.5319,32.3718,31.8843,32.1716,32.8895,32.4358,31.9002,32.4610,31.9547
2023-06-06,14,Verona / Rivoltella,2,64.0000,25.9799,6.6639,29.6153,30.7833,31.5639,31.6514,31.9731,30.9558,30.6496,30.6011,31.2101,30.9594,30.5995,31.7490,31.4216
2023-06-06,15,Verona / Villafranca,1,67.0000,25.9799,6.6639,33.0976,31.5952,31.9216,32.4451,32.6379,32.8978,32.3017,32.5671,33.1692,32.9356,32.3481,32.6788,31.8590
2023-06-06,16,Padova,3,13.0000,37.0588,6.6639,33.2118,31.7691,32.9272,32.4199,33.3145,32.9993,32.8593,32.9539,33.1394,32.9524,32.8160,32.9016,32.7394
2023-06-06,17,Treviso / Istrana,1,45.0000,37.0588,6.6639,32.4890,31.5347,32.0478,32.3818,32.3997,32.3306,32.4551,32.4803,32.4291,32.3562,32.4993,32.3666,32.1079
2023-06-06,18,Treviso / S. Angelo,1,18.0000,38.0901,6.6639,32.4632,31.4901,32.0819,32.3531,32.2759,32.7231,32.8401,32.6956,32.6490,32.7653,32.8992,32.5507,32.2830
2023-06-06,19,Venezia / Tessera,1,2.0000,39.4195,6.6639,31.8489,30.8957,30.8172,32.1807,30.5476,31.7576,31.8265,31.0741,31.0503,31.8143,31.8963,31.1138,30.7906
2023-06-06,20,Monte Settepani / Caragna,0,1381.0000,55.2369,6.6639,28.3586,30.4193,29.3498,31.2551,30.4680,31.1040,29.9503,29.7812,31.0122,30.9004,29.7347,30.8354,29.9359
2023-06-06,21,Mondovi,0,559.0000,72.5131,6.6639,28.7417,30.7743,30.1870,31.5399,31.4154,31.5319,30.5477,30.3542,31.4526,31.3705,30.4062,31.3408,30.5764
2023-06-06,22,Monte Malanotte,0,1741.0000,85.7364,6.6639,28.2830,30.8187,29.5416,31.5485,31.0769,31.3007,30.2876,29.9285,31.0507,31.1569,30.1444,31.1298,30.3436
2023-06-06,23,Passo Dei Giovi,0,468.0000,24.9535,6.6639,28.4775,29.9364,29.0097,30.5726,30.5329,30.4895,29.1419,28.9571,30.3743,30.3390,28.9731,30.3802,29.3134
2023-06-06,24,Genova / Sestri,1,2.0000,24.9535,6.6639,29.0566,29.7410,29.0776,30.1273,30.2557,30.9346,29.3197,28.7958,30.3671,30.9591,29.3348,30.8543,29.3073
2023-06-06,25,Albenga,0,45.0000,71.3337,6.6639,29.5474,30.7586,30.2096,31.2581,31.3699,31.9422,30.8189,30.7542,31.9591,31.8143,30.7260,31.5818,30.7014
2023-06-06,26,Passo Della Cisa,4,1039.0000,55.9905,6.6639,29.7943,30.4345,29.7034,30.7039,30.7501,30.8712,29.7931,29.7006,30.7055,30.8060,29.7397,30.9138,29.9214
2023-06-06,27,Sarzana / Luni,4,9.0000,94.6868,6.6639,30.6528,30.3803,30.3584,30.3254,31.2274,31.6696,30.6027,30.0284,30.9800,31.6765,30.6467,31.6709,30.6678
2023-06-06,28,Bologna / Borgo Panigale,0,51.0000,41.0210,6.6639,32.7461,32.4697,32.8961,33.0641,33.5712,33.6137,32.7511,32.9604,33.7110,33.6099,32.7992,33.5031,32.8080
2023-06-06,29,Ferrara / Fontana,4,9.0000,39.9528,6.6639,33.4475,32.5151,33.8619,32.8256,34.1588,34.1954,33.6444,33.9138,34.3511,34.2092,33.6675,34.0409,33.5053
2023-06-06,30,Monte Cimone,4,2165.0000,59.3732,6.6639,30.0711,31.1482,30.0138,32.8175,31.3077,31.5269,30.6530,30.8016,31.6403,31.4786,30.6040,31.3873,30.5908
2023-06-06,31,Ferrara,4,10.0000,41.7377,6.6639,33.9701,32.4879,33.8850,32.8110,34.3236,34.1398,33.6032,33.8988,34.3221,34.1540,33.6266,34.0412,33.5142
2023-06-06,32,Bologna / Borgo Panigale,0,36.0000,39.9528,6.6639,32.8981,32.4866,32.8270,33.0603,33.3150,33.6166,32.7546,32.9518,33.7011,33.6104,32.7991,33.4630,32.7690
2023-06-06,33,Punta Marina,1,2.0000,25.9357,6.6639,30.1339,31.9737,31.2524,32.9182,31.2719,32.0472,31.3253,30.3862,30.7966,32.0439,31.3261,32.0660,31.1273
2023-06-06,34,Forli,3,27.0000,33.4500,6.6639,33.9185,32.9855,33.2593,33.1959,34.7704,34.4663,33.2647,33.9111,34.7415,34.4277,33.2288,34.1545,33.2114
2023-06-06,35,Cervia,3,6.0000,25.9357,6.6639,32.9307,32.4910,32.6285,33.2567,33.6866,33.4374,32.1263,32.4106,33.2465,33.4124,32.1030,33.6617,32.6554
2023-06-06,36,Rimini,3,12.0000,52.7910,6.6639,29.9701,32.3643,32.0395,33.4134,32.6847,32.5280,31.0848,30.8750,31.8006,32.5246,31.0883,33.1659,32.1791
2023-06-06,37,Torino / Collegno,2,287.0000,74.9769,6.6639,30.5820,29.7566,30.0709,31.1509,31.7591,31.0745,29.6147,30.0248,31.6397,31.1944,29.6786,31.1822,29.8132
2023-06-06,38,Aosta / Pollein,0,546.0000,20.6866,6.6639,28.1281,28.8823,28.8605,30.2604,29.6192,29.6173,28.8789,28.9369,29.8288,29.4942,28.7429,29.5890,29.1671
2023-06-07,0,Grand St. Bernard / Grand Saint Bernard,3,2472.0000,20.6866,11.5246,29.8328,29.5130,29.9866,31.5187,31.0523,30.1519,29.4668,29.8017,30.9808,30.1400,29.5151,29.8866,29.0792
2023-06-07,1,Locarno-Magadino,3,197.0000,62.2060,11.5246,30.7696,31.8486,30.8200,32.1583,32.2593,31.8703,30.0497,31.5036,33.9726,31.8755,30.1920,32.0298,30.7500
2023-06-07,2,Lugano,3,273.0000,46.2864,11.5246,29.9842,31.8818,30.9259,32.0904,32.4324,32.1931,30.3413,30.7510,33.2467,32.2183,30.4916,32.4079,31.0737
2023-06-07,3,Paganella,2,2125.0000,86.1858,11.5246,30.1564,29.7116,29.8018,30.1659,30.4545,30.2279,29.9915,30.1288,30.8835,30.3190,30.0947,30.1423,29.6730
2023-06-07,4,Aviano,3,128.0000,53.5302,11.5246,32.8778,30.3324,32.0177,31.8115,31.6549,31.6348,32.3549,32.4638,31.4365,31.6332,32.3265,31.7692,31.7926
2023-06-07,5,Pian Rosa,4,3480.0000,33.9630,11.5246,29.7757,30.3377,29.1873,31.4995,30.8499,30.5493,29.6947,30.1727,31.3969,31.0301,30.2202,30.4511,29.5193
2023-06-07,6,Torino / Caselle,2,301.0000,62.2905,11.5246,31.7449,30.8216,31.4923,31.3003,32.3549,32.2984,31.2615,31.3542,33.1535,32.4196,31.3422,32.1674,30.9864
2023-06-07,8,Novara / Cameri,1,178.0000,49.0769,11.5246,31.9395,32.2152,32.0699,31.3176,33.6281,33.8054,32.4980,32.5784,34.5203,33.8732,32.5425,33.4763,32.2637
2023-06-07,9,Milano / Malpensa,1,234.0000,46.2864,11.5246,31.6516,32.4060,32.0183,31.4505,33.7898,33.7124,32.3203,32.4635,34.5289,33.7606,32.3444,33.5317,32.2449
2023-06-07,10,Bergamo / Orio Al Serio,2,238.0000,41.5983,11.5246,30.9869,31.5855,31.7534,31.8510,33.5404,32.9400,31.6287,32.0057,34.0777,33.0338,31.6895,32.9369,31.6783
2023-06-07,11,Milano / Linate,4,107.0000,41.5983,11.5246,31.3953,31.9774,31.4759,31.6103,33.8282,33.4628,31.8452,31.8797,33.9365,33.4783,31.8904,33.2605,31.7725
2023-06-07,12,Piacenza,2,134.0000,55.9905,11.5246,30.4904,30.8370,30.8549,30.9530,32.1978,31.4647,30.3438,30.3316,32.0496,31.4584,30.2948,31.8766,30.6880
2023-06-07,13,Brescia / Ghedi,2,102.0000,45.8189,11.5246,30.6406,30.6430,31.5575,31.5621,32.5504,32.0168,31.1206,31.2226,32.6845,31.9978,31.0768,32.2297,31.3137
2023-06-07,14,Verona / Rivoltella,2,64.0000,25.9799,11.5246,31.6914,30.3651,31.2190,31.4203,32.4626,31.7964,31.0284,31.1245,32.3992,31.7943,31.0217,31.8224,31.0457
2023-06-07,15,Verona / Villafranca,1,67.0000,25.9799,11.5246,31.0986,30.4034,31.2413,31.9055,32.0286,31.7363,31.5063,31.5664,32.0198,31.7940,31.5608,31.7218,31.2267
2023-06-07,16,Padova,3,13.0000,37.0588,11.5246,31.7042,30.0750,31.8586,32.1880,32.3493,31.6739,31.8310,32.1463,31.6487,31.6319,31.7734,31.7769,31.5480
2023-06-07,17,Treviso / Istrana,1,45.0000,37.0588,11.5246,32.2326,29.9295,31.8997,32.0103,31.9801,31.0643,31.4142,31.0914,31.0659,30.9966,31.3400,31.6722,31.7548
2023-06-07,18,Treviso / S. Angelo,1,18.0000,38.0901,11.5246,31.5897,29.6030,31.4180,31.9872,31.3652,30.4483,30.8209,30.4439,30.3929,30.3727,30.7384,31.2947,31.4004
2023-06-07,19,Venezia / Tessera,1,2.0000,39.4195,11.5246,28.2250,27.9321,27.9676,31.9161,26.9686,27.9132,28.2593,27.3679,27.3685,27.9091,28.2414,28.1447,28.2159
2023-06-07,20,Monte Settepani / Caragna,0,1381.0000,55.2369,11.5246,29.0996,31.6920,29.0559,30.9018,31.6514,31.5972,29.7925,30.0596,31.9265,31.6000,29.7497,31.6989,29.9691
2023-06-07,21,Mondovi,0,559.0000,72.5131,11.5246,31.3694,31.9241,30.5677,31.0831,32.5491,32.5091,31.1409,31.1919,32.7337,32.3877,30.9795,32.4217,31.0296
2023-06-07,22,Monte Malanotte,0,1741.0000,85.7364,11.5246,31.4765,32.0923,30.3616,31.0649,32.6976,32.6100,31.2115,30.9800,32.5358,32.5159,31.0748,32.5342,31.0903
2023-06-07,23,Passo Dei Giovi,0,468.0000,24.9535,11.5246,30.0313,31.1299,28.6659,30.6022,31.5422,31.5551,29.4364,29.8137,31.9909,31.4139,29.1820,31.4544,29.3868
2023-06-07,24,Genova / Sestri,1,2.0000,24.9535,11.5246,27.3449,30.9145,29.9189,30.2541,30.8181,31.0161,29.3563,28.1104,30.0727,30.9857,29.3170,31.6688,30.2601
2023-06-07,25,Albenga,0,45.0000,71.3337,11.5246,29.6170,32.0980,30.1255,30.8770,32.5002,32.4202,31.5497,31.6258,32.5420,32.3940,31.5193,32.4991,30.8195
2023-06-07,26,Passo Della Cisa,4,1039.0000,55.9905,11.5246,30.8711,30.8734,29.3214,30.5096,31.3318,31.2025,29.8735,29.2895,30.6675,31.1629,29.8414,31.1503,29.7469
2023-06-07,27,Sarzana / Luni,4,9.0000,94.6868,11.5246,30.6048,31.0718,30.7071,30.2946,32.4040,32.1103,30.9895,30.7371,31.8455,32.1157,31.0274,32.4090,31.0010
2023-06-07,28,Bologna / Borgo Panigale,0,51.0000,41.0210,11.5246,33.3866,32.0531,33.3411,32.9504,34.0097,34.0199,33.1372,33.5309,34.5006,34.0016,33.1711,33.7181,33.0229
2023-06-07,29,Ferrara / Fontana,4,9.0000,39.9528,11.5246,32.4621,31.5063,32.5922,32.3300,33.3023,33.0815,32.1321,32.1835,32.9862,33.0368,32.0887,33.0932,32.4614
2023-06-07,30,Monte Cimone,4,2165.0000,59.3732,11.5246,30.8740,31.3746,29.8447,32.6236,31.7627,31.8044,30.8489,30.5279,31.4718,31.7785,30.8226,31.5345,30.5165
2023-06-07,31,Ferrara,4,10.0000,41.7377,11.5246,32.8824,31.4675,32.5962,32.3204,33.4912,33.1053,32.1842,32.2015,32.9782,33.0742,32.1569,33.0799,32.4540
2023-06-07,32,Bologna / Borgo Panigale,0,36.0000,39.9528,11.5246,32.9300,32.0650,33.3527,32.9490,34.5394,34.0402,33.1543,33.5533,34.5246,34.0230,33.1889,33.7414,33.0467
2023-06-07,33,Punta Marina,1,2.0000,25.9357,11.5246,28.9819,31.1231,30.8569,32.2795,30.2670,31.3723,31.1482,30.6847,30.9656,31.4468,31.2045,31.2148,30.9408
2023-06-07,36,Rimini,3,12.0000,52.7910,11.5246,34.6140,32.9286,33.5945,34.1340,35.3132,34.3737,33.1108,33.3979,34.3210,34.3366,33.0683,34.5957,33.4896
2023-06-07,37,Torino / Collegno,2,287.0000,74.9769,11.5246,32.6886,30.9416,32.0465,31.2458,33.1802,32.6195,31.5823,31.5387,33.2909,32.7542,31.6797,32.6599,31.4477
2023-06-07,38,Aosta / Pollein,0,546.0000,20.6866,11.5246,29.9358,29.7932,29.8855,31.4952,30.8133,30.4317,29.6933,29.7408,30.8844,30.3481,29.6862,30.6490,30.1179
2023-06-08,0,Grand St. Bernard / Grand Saint Bernard,3,2472.0000,20.6866,6.7242,28.9862,31.4578,31.2603,31.7030,33.0154,32.1749,30.4523,29.9883,32.8251,32.0237,30.3384,31.8021,30.2134
2023-06-08,1,Locarno-Magadino,3,197.0000,62.2060,6.7242,28.9334,30.5649,29.5211,30.9475,31.0426,30.6604,28.8519,29.5085,31.9373,30.7037,29.0159,30.8602,29.4507
2023-06-08,2,Lugano,3,273.0000,46.2864,6.7242,28.6271,30.4616,29.4709,30.8972,30.9946,30.6452,28.7735,29.3888,31.9053,30.6834,28.9346,31.0159,29.5932
2023-06-08,3,Paganella,2,2125.0000,86.1858,6.7242,27.6794,27.7073,27.7479,28.0297,28.4670,28.3866,28.0213,28.3688,29.2221,28.4881,28.0871,28.1132,27.7979
2023-06-08,4,Aviano,3,128.0000,53.5302,6.7242,30.0427,29.1063,30.2797,29.8417,30.0214,30.1284,29.9737,30.0513,30.5712,30.1586,30.0229,30.2632,30.2149
2023-06-08,5,Pian Rosa,4,3480.0000,33.9630,6.7242,29.4375,31.0426,29.0312,31.7157,31.0171,31.1223,29.0945,29.4104,31.7838,31.8325,29.9132,31.1578,29.1322
2023-06-08,6,Torino / Caselle,2,301.0000,62.2905,6.7242,31.6417,32.9623,31.7924,32.3152,33.1029,33.5292,31.8551,31.9605,34.3658,33.5854,31.8826,33.4584,31.8225
2023-06-08,7,Torino / Bric Della Croce,2,709.0000,72.5131,6.7242,31.9266,33.0344,32.5704,32.4793,34.3735,33.9760,32.3163,32.5426,34.8710,34.0784,32.3911,34.0676,32.4154
2023-06-08,8,Novara / Cameri,1,178.0000,49.0769,6.7242,31.8227,31.9701,31.0527,31.4608,32.9289,33.0561,31.3661,30.8584,33.1663,33.1029,31.4037,32.9352,31.2939
2023-06-08,9,Milano / Malpensa,1,234.0000,46.2864,6.7242,30.7919,31.8225,30.8180,31.3901,33.0364,32.8745,31.1749,30.8165,33.1704,32.9193,31.2116,32.7396,31.0738
2023-06-08,10,Bergamo / Orio Al Serio,2,238.0000,41.5983,6.7242,29.1439,29.7424,29.9705,29.9900,31.4148,30.7546,29.6334,30.0088,31.7706,30.8317,29.6584,30.9773,29.9027
2023-06-08,11,Milano / Linate,4,107.0000,41.5983,6.7242,30.6755,30.7639,30.4401,30.5801,32.4274,32.2564,30.7433,30.6481,32.5119,32.2741,30.7883,32.0623,30.5884
2023-06-08,12,Piacenza,2,134.0000,55.9905,6.7242,28.9638,29.3756,29.7352,29.6378,30.5620,30.2822,29.3562,29.5378,31.0593,30.2780,29.2910,30.4099,29.4725
2023-06-08,13,Brescia / Ghedi,2,102.0000,45.8189,6.7242,30.0961,29.0886,30.4723,29.5667,31.0067,30.7038,30.0293,30.3769,31.5518,30.7641,30.0382,30.7097,30.0781
2023-06-08,14,Verona / Rivoltella,2,64.0000,25.9799,6.7242,27.2850,28.4351,29.1008,29.4066,29.7566,29.2735,28.7425,29.0248,30.0267,29.3032,28.7171,29.4104,28.9740
2023-06-08,15,Verona / Villafranca,1,67.0000,25.9799,6.7242,30.4507,29.0018,29.4846,29.8507,30.5858,30.6416,29.6614,29.8031,31.1306,30.7377,29.7264,30.2378,29.3485
2023-06-08,16,Padova,3,13.0000,37.0588,6.7242,31.0913,29.1329,30.9431,29.8299,31.3904,31.1060,30.6973,30.7758,31.4708,31.0201,30.6233,30.8452,30.6064
2023-06-08,17,Treviso / Istrana,1,45.0000,37.0588,6.7242,30.7126,28.9232,29.7545,29.8022,30.5197,30.3899,30.1776,30.0481,30.6746,30.4548,30.2257,30.1091,29.8026
2023-06-08,18,Treviso / S. Angelo,1,18.0000,38.0901,6.7242,31.1924,28.8406,29.8843,29.7829,29.8272,30.4623,30.2695,29.9276,30.5237,30.5082,30.2998,30.3051,29.9975
2023-06-08,19,Venezia / Tessera,1,2.0000,39.4195,6.7242,27.0280,27.8505,27.5891,29.5224,27.0720,28.1703,27.9650,27.0602,27.6738,28.2126,27.9929,28.0808,27.7325
2023-06-08,20,Monte Settepani / Caragna,0,1381.0000,55.2369,6.7242,29.0802,32.2142,30.3912,31.6660,31.9259,32.0526,30.8227,30.9967,32.7180,32.0634,30.8128,32.1228,30.9576
2023-06-08,21,Mondovi,0,559.0000,72.5131,6.7242,31.1815,33.1258,31.7203,32.6661,33.1958,33.3883,31.9985,32.0465,33.9097,33.3170,31.9191,33.4057,32.1248
2023-06-08,22,Monte Malanotte,0,1741.0000,85.7364,6.7242,30.8515,32.7906,30.8605,32.6674,32.8237,33.0009,31.6353,31.3707,33.2143,32.9226,31.5264,32.8926,31.6309
2023-06-08,23,Passo Dei Giovi,0,468.0000,24.9535,6.7242,28.6390,30.2917,29.4493,29.7130,30.5257,30.5062,29.4317,29.6182,31.2260,30.4038,29.3073,30.5659,29.4896
2023-06-08,24,Genova / Sestri,1,2.0000,24.9535,6.7242,31.1379,30.4504,30.0230,29.0539,31.3942,31.8218,30.1010,29.7214,31.8368,31.8299,30.1220,31.7837,30.0176
2023-06-08,25,Albenga,0,45.0000,71.3337,6.7242,30.9398,32.7706,31.5887,31.8359,33.1603,33.3870,32.1310,31.8481,33.6002,33.3397,32.1230,33.2204,32.0474
2023-06-08,26,Passo Della Cisa,4,1039.0000,55.9905,6.7242,28.2206,28.6061,27.4732,28.6795,28.9368,28.6262,27.6870,27.3692,28.5281,28.6061,27.6727,28.7268,27.7366
2023-06-08,27,Sarzana / Luni,4,9.0000,94.6868,6.7242,29.0526,29.0989,29.6025,28.3314,30.8449,30.2847,29.4552,29.3024,30.3046,30.2775,29.4694,30.5582,29.6287
2023-06-08,28,Bologna / Borgo Panigale,0,51.0000,41.0210,6.7242,32.8617,30.4403,31.3732,30.5846,32.1308,32.1875,31.3525,31.7175,32.8077,32.2003,31.4149,31.9053,31.0517
2023-06-08,29,Ferrara / Fontana,4,9.0000,39.9528,6.7242,31.6012,30.1356,31.5688,30.0581,31.7050,31.5395,31.1530,31.3083,31.7778,31.5137,31.1205,31.5455,31.0972
2023-06-08,30,Monte Cimone,4,2165.0000,59.3732,6.7242,27.7235,28.7500,28.0341,30.3266,29.1075,29.2728,28.7956,28.9699,29.6683,29.2318,28.7515,28.9457,28.3338
2023-06-08,31,Ferrara,4,10.0000,41.7377,6.7242,31.4728,30.1072,31.6084,30.0488,31.9408,31.5912,31.2018,31.4185,31.8910,31.5806,31.1858,31.5726,31.1230
2023-06-08,32,Bologna / Borgo Panigale,0,36.0000,39.9528,6.7242,32.8721,30.4613,31.3707,30.5861,32.2803,32.1752,31.3431,31.7019,32.7860,32.1872,31.4036,31.9141,31.0599
2023-06-08,33,Punta Marina,1,2.0000,25.9357,6.7242,27.2764,29.7593,28.4282,29.7593,28.8001,29.6405,28.5158,28.1055,29.1528,29.6273,28.5071,29.7851,28.6500
2023-06-08,35,Cervia,3,6.0000,25.9357,6.7242,29.4105,30.6139,30.5298,30.8874,31.7231,31.1439,29.7232,29.7335,31.1437,31.1183,29.6980,31.6504,30.5986
2023-06-08,37,Torino / Collegno,2,287.0000,74.9769,6.7242,32.8145,33.2054,32.7681,32.4536,34.6175,34.3139,32.6669,33.0084,35.3335,34.4226,32.7483,34.2284,32.5843
2023-06-08,38,Aosta / Pollein,0,546.0000,20.6866,6.7242,30.7033,31.6822,29.2089,31.7752,32.0282,31.9778,29.6524,30.0261,32.6221,31.9394,29.5112,32.0606,30.1229
2023-06-09,0,Grand St. Bernard / Grand Saint Bernard,3,2472.0000,20.6866,6.2922,31.7073,32.7439,32.8514,34.5447,33.4441,33.2106,32.4643,32.6892,33.8831,33.1097,32.3961,32.9636,32.4934
2023-06-09,1,Locarno-Magadino,3,197.0000,62.2060,6.2922,31.8132,32.9276,32.7468,32.4190,33.1841,32.9534,32.6879,32.9547,33.4075,32.9634,32.7335,32.9688,32.7555
2023-06-09,2,Lugano,3,273.0000,46.2864,6.2922,32.5858,32.7785,33.0214,32.3929,33.2555,33.1391,32.7424,33.1863,33.8925,33.1706,32.8313,33.2689,33.0578
2023-06-09,3,Paganella,2,2125.0000,86.1858,6.2922,28.8995,29.4770,29.6876,29.1224,29.9085,29.6329,29.5530,29.4032,29.8282,29.6549,29.5647,29.6938,29.5208
2023-06-09,4,Aviano,3,128.0000,53.5302,6.2922,29.4547,28.3331,29.1562,29.0968,29.1241,28.8438,28.5410,28.2240,28.9890,28.8833,28.5848,29.1940,28.9572
2023-06-09,5,Pian Rosa,4,3480.0000,33.9630,6.2922,32.1597,32.6276,31.8592,34.4686,32.9641,32.7148,32.0394,32.1418,33.2728,33.2416,32.5709,32.7309,32.1288
2023-06-09,6,Torino / Caselle,2,301.0000,62.2905,6.2922,35.3002,33.9365,34.1044,34.9106,34.3498,34.6147,34.0030,34.1547,35.1356,34.6693,34.0241,34.5319,33.9505
2023-06-09,7,Torino / Bric Della Croce,2,709.0000,72.5131,6.2922,34.6359,33.9845,34.4320,35.0114,35.1690,34.8163,34.2175,34.2093,35.1278,34.9062,34.2759,34.8141,34.2312
2023-06-09,8,Novara / Cameri,1,178.0000,49.0769,6.2922,34.5946,33.5012,34.0750,33.2633,34.1922,34.5667,34.0398,34.0036,34.8437,34.5992,34.0610,34.4672,34.0024
2023-06-09,9,Milano / Malpensa,1,234.0000,46.2864,6.2922,34.3498,33.4613,33.7585,33.1126,34.3186,34.3558,33.8002,34.0089,34.9205,34.3821,33.8164,34.2662,33.7730
2023-06-09,10,Bergamo / Orio Al Serio,2,238.0000,41.5983,6.2922,31.9318,31.5259,32.3132,31.5969,32.7460,32.3994,32.0238,32.1671,33.1082,32.4631,32.0517,32.4789,32.0947
2023-06-09,11,Milano / Linate,4,107.0000,41.5983,6.2922,32.9495,32.4594,33.0445,32.2488,33.6879,33.4540,33.2409,33.1216,33.5689,33.4654,33.2662,33.2940,33.0660
2023-06-09,12,Piacenza,2,134.0000,55.9905,6.2922,32.6460,31.4955,31.7677,31.6230,32.4163,32.0573,31.4078,32.0093,32.8538,32.0516,31.3669,32.1611,31.5312
2023-06-09,13,Brescia / Ghedi,2,102.0000,45.8189,6.2922,32.7084,30.5895,31.4666,31.0913,31.6825,31.5409,31.2783,31.4190,32.1578,31.5864,31.2974,31.4720,31.1599
2023-06-09,14,Verona / Rivoltella,2,64.0000,25.9799,6.2922,28.7587,29.9398,30.6058,30.6919,30.9337,30.2130,30.1071,29.9255,30.6247,30.2205,30.0885,30.5905,30.4072
2023-06-09,15,Verona / Villafranca,1,67.0000,25.9799,6.2922,31.4130,30.1703,30.2824,30.4779,30.9343,30.9372,30.2572,30.6322,31.5084,30.9761,30.2796,30.7951,30.1623
2023-06-09,16,Padova,3,13.0000,37.0588,6.2922,30.4361,29.6018,30.2014,29.6136,31.1256,30.6086,30.1895,30.6074,31.4380,30.5638,30.1464,30.4723,30.1183
2023-06-09,17,Treviso / Istrana,1,45.0000,37.0588,6.2922,29.2629,29.1018,29.4166,29.3898,29.9873,29.6173,29.4709,29.7747,30.2004,29.6290,29.4805,29.6944,29.4295
2023-06-09,18,Treviso / S. Angelo,1,18.0000,38.0901,6.2922,29.6852,29.0001,29.2835,29.3622,29.3493,29.8697,29.7481,29.7729,30.1641,29.9018,29.7806,29.7557,29.4915
2023-06-09,19,Venezia / Tessera,1,2.0000,39.4195,6.2922,29.0275,28.4642,28.7244,29.2661,28.6296,29.1221,28.9420,28.5607,29.0143,29.1575,28.9772,28.7393,28.3969
2023-06-09,20,Monte Settepani / Caragna,0,1381.0000,55.2369,6.2922,32.0541,33.6237,33.0028,34.1827,33.4927,33.8879,33.6651,33.7495,33.9640,33.8023,33.6127,33.7354,33.5508
2023-06-09,21,Mondovi,0,559.0000,72.5131,6.2922,33.7370,33.9595,33.8396,35.1477,34.2090,34.4256,34.2075,34.2007,34.4386,34.3335,34.1534,34.3482,34.2086
2023-06-09,22,Monte Malanotte,0,1741.0000,85.7364,6.2922,33.3328,33.6988,32.9002,35.1501,33.9112,34.1062,33.8869,33.6281,33.8613,34.0025,33.8170,33.8615,33.7140
2023-06-09,23,Passo Dei Giovi,0,468.0000,24.9535,6.2922,31.5170,32.4983,32.3473,32.1156,32.8721,32.5545,32.3506,32.2512,32.4785,32.5367,32.3643,32.6020,32.3588
2023-06-09,24,Genova / Sestri,1,2.0000,24.9535,6.2922,33.5985,32.6518,32.9370,31.6997,32.8125,33.6828,32.7672,32.4174,33.1500,33.6836,32.7589,33.7424,32.9107
2023-06-09,25,Albenga,0,45.0000,71.3337,6.2922,34.1508,34.2458,33.8697,34.3773,34.5211,34.8668,34.6422,34.6199,34.8367,34.8118,34.6268,34.6579,34.4755
2023-06-09,26,Passo Della Cisa,4,1039.0000,55.9905,6.2922,30.2145,31.6558,30.9148,31.0225,31.2096,31.4195,31.2271,30.7250,31.0103,31.4370,31.2578,31.5065,31.2182
2023-06-09,27,Sarzana / Luni,4,9.0000,94.6868,6.2922,31.7196,32.4780,32.4248,30.8076,32.5769,32.8259,32.5501,31.7577,32.0836,32.8293,32.5675,33.1596,32.8109
2023-06-09,28,Bologna / Borgo Panigale,0,51.0000,41.0210,6.2922,31.4398,31.3566,31.4112,30.7807,32.1789,32.1965,31.3033,31.4233,32.2068,32.2030,31.3456,32.1722,31.3589
2023-06-09,29,Ferrara / Fontana,4,9.0000,39.9528,6.2922,30.7457,30.6491,30.8460,30.2614,31.1401,31.4530,30.8147,31.0165,31.5961,31.4568,30.8198,31.3976,30.8415
2023-06-09,30,Monte Cimone,4,2165.0000,59.3732,6.2922,29.5569,31.3778,30.5207,30.9573,31.1985,31.5246,31.1102,31.0166,31.5021,31.5078,31.0886,31.4685,31.0083
2023-06-09,31,Ferrara,4,10.0000,41.7377,6.2922,30.7934,30.6151,30.8361,30.2461,31.5737,31.4671,30.8460,31.0878,31.6519,31.4753,30.8564,31.3919,30.8451
2023-06-09,32,Bologna / Borgo Panigale,0,36.0000,39.9528,6.2922,31.1225,31.3528,31.3447,30.7689,32.1834,32.1818,31.2922,31.3952,32.1757,32.1882,31.3336,32.1297,31.3161
2023-06-09,33,Punta Marina,1,2.0000,25.9357,6.2922,27.7401,29.8228,28.9433,30.0704,28.8901,29.8075,28.8185,27.7259,28.4122,29.7968,28.8103,29.8788,28.7965
2023-06-09,34,Forli,3,27.0000,33.4500,6.2922,31.1851,30.8571,30.4422,30.7099,31.9553,31.6070,30.2498,30.9217,31.8916,31.5926,30.2394,31.5327,30.4038
2023-06-09,35,Cervia,3,6.0000,25.9357,6.2922,29.4954,30.1642,29.6935,30.6632,30.8905,30.6064,29.1302,29.4941,30.4465,30.5909,29.1141,30.8977,29.7060
2023-06-09,36,Rimini,3,12.0000,52.7910,6.2922,28.0954,29.7149,29.1046,30.8899,30.1119,29.8632,28.3865,28.4305,29.3982,29.8605,28.3803,30.2923,29.1208
2023-06-09,37,Torino / Collegno,2,287.0000,74.9769,6.2922,35.1473,34.1006,34.8021,35.0199,35.6224,35.1477,34.5491,34.5443,35.4723,35.2320,34.6002,35.0867,34.5028
2023-06-09,38,Aosta / Pollein,0,546.0000,20.6866,6.2922,32.8228,33.0582,32.5127,34.5841,33.5684,33.5784,32.7386,32.7295,33.5448,33.4888,32.6031,33.5493,33.0292
2023-06-10,0,Grand St. Bernard / Grand Saint Bernard,3,2472.0000,20.6866,19.7993,30.6644,30.5839,30.9513,32.7288,31.3252,31.3567,30.7832,30.7323,31.3092,31.1917,30.6537,30.8711,30.2432
2023-06-10,3,Paganella,2,2125.0000,86.1858,19.7993,29.1782,29.4244,29.7672,30.4836,29.4258,29.4986,29.5852,29.6587,29.5827,29.5066,29.5876,29.5974,29.6299
2023-06-10,4,Aviano,3,128.0000,53.5302,19.7993,29.6859,28.8665,29.5600,29.7611,29.3855,29.2709,28.8784,28.6557,28.9457,29.2919,28.9032,29.7171,29.4243
2023-06-10,5,Pian Rosa,4,3480.0000,33.9630,19.7993,29.5835,30.6747,30.1604,32.8525,30.1570,30.8821,30.6332,30.9057,31.4555,31.4767,31.1467,30.7765,30.3728
2023-06-10,6,Torino / Caselle,2,301.0000,62.2905,19.7993,31.8684,32.2703,32.1420,32.7414,32.0026,32.8547,32.3601,32.3853,33.0226,32.8835,32.3549,32.6031,32.1698
2023-06-10,7,Torino / Bric Della Croce,2,709.0000,72.5131,19.7993,31.4390,32.2613,32.6758,32.7233,32.9352,32.8270,32.3164,32.2735,32.8737,32.8707,32.3275,33.0018,32.5493
2023-06-10,8,Novara / Cameri,1,178.0000,49.0769,19.7993,33.4689,32.8933,33.2561,33.4414,33.1554,33.7600,33.2974,33.3787,33.7325,33.7874,33.3106,33.6562,33.2851
2023-06-10,9,Milano / Malpensa,1,234.0000,46.2864,19.7993,33.4591,32.9738,33.5088,33.2931,33.5366,33.7399,33.2681,33.4874,33.8750,33.7498,33.2638,33.8522,33.4878
2023-06-10,10,Bergamo / Orio Al Serio,2,238.0000,41.5983,19.7993,31.5768,31.9436,33.0036,31.9419,32.6703,32.2242,32.4251,32.4716,32.4363,32.2578,32.4292,32.7455,32.7284
2023-06-10,11,Milano / Linate,4,107.0000,41.5983,19.7993,33.3923,32.2744,32.8544,32.5280,32.7983,33.1989,33.0770,32.9597,33.1764,33.2060,33.0948,33.1321,32.9151
2023-06-10,12,Piacenza,2,134.0000,55.9905,19.7993,32.9865,31.0415,32.1248,32.3028,31.9097,31.6335,31.8212,31.8208,31.5157,31.6236,31.7950,31.8255,31.6975
2023-06-10,13,Brescia / Ghedi,2,102.0000,45.8189,19.7993,32.0898,30.9894,32.0379,31.8764,31.2296,31.3928,31.7984,31.8920,31.5107,31.4168,31.8052,31.6410,31.7100
2023-06-10,15,Verona / Villafranca,1,67.0000,25.9799,19.7993,31.6782,30.5229,31.1451,31.5796,30.2729,30.9217,31.2383,31.1168,30.6676,30.9035,31.2439,30.8938,30.9153
2023-06-10,16,Padova,3,13.0000,37.0588,19.7993,30.8776,29.6500,30.3587,30.6161,30.4672,30.4782,30.2459,30.3927,30.5030,30.4515,30.2173,30.4961,30.3156
2023-06-10,17,Treviso / Istrana,1,45.0000,37.0588,19.7993,29.1559,29.3607,29.9508,30.2415,29.8574,29.8710,30.1506,30.0120,29.5758,29.8835,30.1753,29.9397,29.9640
2023-06-10,18,Treviso / S. Angelo,1,18.0000,38.0901,19.7993,29.5785,29.2552,29.7774,30.1564,29.1115,30.0233,30.3063,30.1612,29.7208,30.0408,30.3363,29.9833,30.0064
2023-06-10,19,Venezia / Tessera,1,2.0000,39.4195,19.7993,29.1356,28.8825,29.2932,29.8999,28.2219,29.3857,29.6774,28.8970,28.4092,29.4166,29.7157,29.1141,29.1339
2023-06-10,20,Monte Settepani / Caragna,0,1381.0000,55.2369,19.7993,30.5383,31.8095,31.0453,32.4686,30.8240,32.0428,31.7618,31.1289,31.4629,31.9733,31.7225,31.8507,31.4943
2023-06-10,21,Mondovi,0,559.0000,72.5131,19.7993,31.3599,31.9532,31.4011,32.6187,31.4092,32.4028,31.8484,32.0110,32.7984,32.3363,31.8062,32.2080,31.7448
2023-06-10,22,Monte Malanotte,0,1741.0000,85.7364,19.7993,30.5868,31.4132,30.3334,32.6048,30.7328,31.9238,31.4219,30.8519,31.5563,31.8756,31.3906,31.4977,31.0517
2023-06-10,23,Passo Dei Giovi,0,468.0000,24.9535,19.7993,31.5976,31.0992,31.4486,32.2654,30.9635,31.2734,31.4787,30.8142,30.5283,31.1582,31.4167,31.4155,31.2678
2023-06-10,24,Genova / Sestri,1,2.0000,24.9535,19.7993,32.1325,31.2474,31.5757,31.8594,30.7177,31.7948,31.6519,31.5888,31.1802,31.7628,31.6347,32.0461,31.6664
2023-06-10,26,Passo Della Cisa,4,1039.0000,55.9905,19.7993,30.4758,30.6592,31.1028,31.7472,30.8328,30.7157,31.7443,31.3028,30.3252,30.7096,31.7847,30.8289,31.0124
2023-06-10,27,Sarzana / Luni,4,9.0000,94.6868,19.7993,30.9069,31.4944,32.2966,31.4805,31.5276,31.2538,32.2206,31.3826,30.4339,31.2465,32.2507,32.3080,32.4368
2023-06-10,28,Bologna / Borgo Panigale,0,51.0000,41.0210,19.7993,31.7581,30.2536,31.2197,31.3618,30.7190,30.8498,31.0621,31.0964,31.0560,30.8627,31.0865,31.0459,30.8802
2023-06-10,29,Ferrara / Fontana,4,9.0000,39.9528,19.7993,31.1307,29.9993,30.7417,30.8453,29.8977,30.3731,30.3855,30.3423,30.2606,30.3597,30.3719,30.5847,30.5549
2023-06-10,30,Monte Cimone,4,2165.0000,59.3732,19.7993,29.3655,29.8921,29.7276,31.6109,29.3563,30.2975,31.5438,31.6173,30.5033,30.2741,31.5610,29.8936,30.0399
2023-06-10,31,Ferrara,4,10.0000,41.7377,19.7993,30.5325,30.0028,30.7623,30.8560,30.2188,30.4200,30.4553,30.4586,30.3482,30.4101,30.4456,30.6257,30.5975
2023-06-10,32,Bologna / Borgo Panigale,0,36.0000,39.9528,19.7993,31.2298,30.2375,31.1533,31.3429,30.5500,30.8340,31.0549,31.0930,31.0433,30.8469,31.0788,31.0033,30.8373
2023-06-10,33,Punta Marina,1,2.0000,25.9357,19.7993,27.0706,28.6061,28.2696,29.2851,27.3890,28.5419,28.2503,27.5383,27.0945,28.5320,28.2559,28.6576,28.1796
2023-06-10,34,Forli,3,27.0000,33.4500,19.7993,30.3028,29.3070,29.3911,30.1249,29.6558,29.4040,28.3979,28.8612,29.3976,29.4098,28.4206,29.8149,29.3165
2023-06-10,35,Cervia,3,6.0000,25.9357,19.7993,27.9809,28.6609,28.4960,29.8034,28.6557,28.8702,27.7261,27.8207,28.3683,28.8636,27.7252,29.1689,28.5586
2023-06-10,36,Rimini,3,12.0000,52.7910,19.7993,27.0238,28.5617,28.3549,29.7996,28.3809,28.6318,27.7436,27.4721,27.9081,28.6304,27.7389,29.0785,28.4737
2023-06-10,37,Torino / Collegno,2,287.0000,74.9769,19.7993,32.0961,32.3298,32.3243,32.6992,32.7299,33.0187,32.5163,32.5270,33.1305,33.0702,32.5368,32.7546,32.3035
2023-06-10,38,Aosta / Pollein,0,546.0000,20.6866,19.7993,31.3096,31.0463,30.6152,32.7391,31.1004,31.5528,30.5345,30.1539,31.3915,31.4768,30.4031,31.6090,31.0709
2023-06-11,0,Grand St. Bernard / Grand Saint Bernard,3,2472.0000,20.6866,6.1657,31.7000,31.6603,32.1333,33.1299,31.4294,31.9459,31.6634,32.1085,32.3716,31.9108,31.6622,31.8492,31.6606
2023-06-11,1,Locarno-Magadino,3,197.0000,62.2060,6.1657,32.2640,32.8816,33.6450,32.7388,32.5922,32.8861,33.0579,32.9960,32.8492,32.9109,33.1098,33.0220,33.1900
2023-06-11,2,Lugano,3,273.0000,46.2864,6.1657,33.3331,32.5710,33.5229,32.6935,32.6027,32.6632,32.8570,32.4400,32.2835,32.6937,32.9123,33.0440,33.2311
2023-06-11,3,Paganella,2,2125.0000,86.1858,6.1657,29.4383,28.5117,28.7395,29.2336,27.7999,28.5079,28.8381,28.5579,28.0793,28.5100,28.8296,28.4552,28.6398
2023-06-11,4,Aviano,3,128.0000,53.5302,6.1657,28.0543,26.6366,27.4681,28.2706,26.7595,27.2017,27.1492,27.2978,27.0644,27.1988,27.1477,27.2652,27.1947
2023-06-11,5,Pian Rosa,4,3480.0000,33.9630,6.1657,33.2172,32.3897,31.7690,33.1690,31.8758,32.5102,32.1298,32.1292,32.6048,32.8162,32.4482,32.4669,32.0872
2023-06-11,6,Torino / Caselle,2,301.0000,62.2905,6.1657,33.3789,33.1959,33.2229,32.9044,33.1182,33.8994,33.2446,33.6365,34.0268,33.9657,33.2778,33.7051,33.0551
2023-06-11,8,Novara / Cameri,1,178.0000,49.0769,6.1657,33.2503,32.6020,33.3655,33.0679,32.9571,33.4584,33.4609,33.6160,33.4399,33.4877,33.4875,33.3693,33.3055
2023-06-11,9,Milano / Malpensa,1,234.0000,46.2864,6.1657,32.7268,32.6190,33.0278,33.0385,32.9431,33.2040,33.3005,33.5246,33.2897,33.2295,33.3265,33.0964,33.0966
2023-06-11,10,Bergamo / Orio Al Serio,2,238.0000,41.5983,6.1657,32.8528,30.9413,31.7791,31.9098,31.7949,31.4844,31.6978,31.8711,31.5534,31.5221,31.7179,31.5614,31.5910
2023-06-11,11,Milano / Linate,4,107.0000,41.5983,6.1657,32.3668,31.5282,32.3842,32.4434,32.1319,32.1052,32.5114,32.3608,32.0071,32.1114,32.5221,32.1182,32.3069
2023-06-11,12,Piacenza,2,134.0000,55.9905,6.1657,31.6159,30.2790,30.8892,31.7020,30.7923,30.4850,30.6100,30.6181,30.0556,30.4780,30.5841,30.6345,30.5580
2023-06-11,13,Brescia / Ghedi,2,102.0000,45.8189,6.1657,31.7537,29.8005,30.8379,31.0512,30.2143,30.2913,30.5546,30.8161,30.3730,30.2840,30.5413,30.4320,30.5523
2023-06-11,14,Verona / Rivoltella,2,64.0000,25.9799,6.1657,30.1620,29.4583,30.4841,30.4462,30.1731,29.9741,30.2798,30.5077,30.0588,29.9741,30.2788,30.0857,30.2739
2023-06-11,15,Verona / Villafranca,1,67.0000,25.9799,6.1657,30.2222,29.3440,30.4407,29.6996,29.1504,29.7949,30.3176,30.3493,29.4058,29.8073,30.3182,29.7346,30.2101
2023-06-11,16,Padova,3,13.0000,37.0588,6.1657,29.6254,28.1550,28.9444,28.6697,28.4954,29.0943,29.1710,29.5191,29.1786,29.0595,29.1363,28.9292,28.9552
2023-06-11,17,Treviso / Istrana,1,45.0000,37.0588,6.1657,28.1644,27.4350,28.4600,28.4721,27.4112,27.8267,28.4699,28.3079,27.2618,27.8371,28.4685,27.8480,28.4199
2023-06-11,18,Treviso / S. Angelo,1,18.0000,38.0901,6.1657,27.4275,27.2841,28.2880,28.4283,27.2447,27.7857,28.4115,28.1379,27.1256,27.7923,28.4056,27.9051,28.4839
2023-06-11,19,Venezia / Tessera,1,2.0000,39.4195,6.1657,26.0670,26.6344,27.2685,28.3207,25.4328,26.7194,27.3921,26.2622,25.1534,26.7243,27.3838,26.7642,27.3662
2023-06-11,20,Monte Settepani / Caragna,0,1381.0000,55.2369,6.1657,31.9174,33.9861,33.2708,32.4082,33.0013,34.2969,33.6583,33.6538,33.4612,34.2010,33.5461,34.1719,33.7342
2023-06-11,21,Mondovi,0,559.0000,72.5131,6.1657,32.1554,34.1256,33.8661,32.6744,34.0767,34.6862,34.0157,33.6871,33.7350,34.5628,33.8834,34.5807,34.1485
2023-06-11,22,Monte Malanotte,0,1741.0000,85.7364,6.1657,32.2632,34.1095,33.2293,32.6642,33.5187,34.4532,33.7791,32.7629,32.7770,34.3501,33.6592,34.3078,33.8725
2023-06-11,23,Passo Dei Giovi,0,468.0000,24.9535,6.1657,31.7641,32.1880,31.9481,31.9452,31.9217,32.2845,31.9341,31.7622,31.1194,32.2223,31.8613,32.3784,32.0939
2023-06-11,24,Genova / Sestri,1,2.0000,24.9535,6.1657,31.5506,32.5201,31.5747,31.6082,31.0876,32.5930,31.8780,30.7341,30.6668,32.5786,31.8635,32.7608,32.0664
2023-06-11,25,Albenga,0,45.0000,71.3337,6.1657,32.4678,34.0060,33.8178,32.4160,33.7810,34.6940,34.1089,34.0311,33.8884,34.6306,34.0534,34.5716,34.1347
2023-06-11,26,Passo Della Cisa,4,1039.0000,55.9905,6.1657,31.1074,30.1900,30.7940,30.9438,30.5112,30.4629,30.6394,31.0149,30.3947,30.4090,30.6006,30.6310,30.5966
2023-06-11,27,Sarzana / Luni,4,9.0000,94.6868,6.1657,30.9094,30.2757,30.6133,30.8013,29.8919,30.9470,30.9802,30.6500,30.1594,30.9523,30.9942,31.0008,30.8717
2023-06-11,28,Bologna / Borgo Panigale,0,51.0000,41.0210,6.1657,30.2466,29.4814,30.4675,29.7685,29.5372,30.1112,30.3478,30.9063,29.9978,30.1147,30.3530,30.0346,30.2412
2023-06-11,29,Ferrara / Fontana,4,9.0000,39.9528,6.1657,29.7214,29.0631,29.8849,28.9123,28.9596,29.6127,29.6445,29.8086,29.4277,29.6000,29.6305,29.7084,29.7557
2023-06-11,30,Monte Cimone,4,2165.0000,59.3732,6.1657,30.2936,29.5570,29.3045,30.3040,28.5805,29.6301,29.7705,29.2820,28.8804,29.6156,29.7626,29.6042,29.6374
2023-06-11,31,Ferrara,4,10.0000,41.7377,6.1657,30.3811,29.0603,29.9090,28.9031,29.5841,29.7090,29.7485,29.9634,29.5727,29.7060,29.7443,29.7449,29.7983
2023-06-11,32,Bologna / Borgo Panigale,0,36.0000,39.9528,6.1657,30.1786,29.4752,30.4014,29.7502,29.4620,30.1053,30.3351,30.8907,29.9929,30.1082,30.3398,30.0029,30.2053
2023-06-11,33,Punta Marina,1,2.0000,25.9357,6.1657,26.7966,27.9520,28.2083,28.0212,26.7278,27.8854,27.9344,26.7285,25.9611,27.8782,27.8930,28.0170,28.1604
2023-06-11,35,Cervia,3,6.0000,25.9357,6.1657,28.7074,28.0698,28.5336,28.2710,27.7257,29.0256,28.4841,29.1415,28.9333,28.9808,28.4393,28.8469,28.4548
2023-06-11,36,Rimini,3,12.0000,52.7910,6.1657,28.1246,27.6844,27.9762,28.1313,27.0609,28.2633,27.7604,28.0993,27.9091,28.2427,27.7389,28.3555,27.9655
2023-06-11,37,Torino / Collegno,2,287.0000,74.9769,6.1657,33.1326,33.4530,33.7794,32.8369,34.3025,34.4649,33.6867,34.2113,34.6713,34.5462,33.7335,34.2907,33.5190
2023-06-11,38,Aosta / Pollein,0,546.0000,20.6866,6.1657,32.1219,32.0328,32.2775,33.1084,32.1015,32.5540,32.3481,32.4415,32.2867,32.4974,32.3028,32.5272,32.4668
2023-06-12,0,Grand St. Bernard / Grand Saint Bernard,3,2472.0000,20.6866,3.7742,28.8253,28.6657,30.1403,31.6718,28.4896,28.8765,30.0436,30.3405,29.0774,28.8442,30.0338,28.7885,29.8448
2023-06-12,1,Locarno-Magadino,3,197.0000,62.2060,3.7742,30.2896,29.5681,30.5988,31.6868,28.6401,29.5502,30.1793,30.2223,29.8217,29.5496,30.1794,29.5665,30.1599
2023-06-12,2,Lugano,3,273.0000,46.2864,3.7742,29.3975,29.5423,30.7876,31.5795,29.1232,29.7132,30.3054,30.2126,29.8750,29.7284,30.3270,29.8945,30.4753
2023-06-12,4,Aviano,3,128.0000,53.5302,3.7742,28.9268,28.7062,29.4739,30.1066,29.3119,29.2855,29.0641,29.2380,29.6708,29.2861,29.0665,29.2981,29.0788
2023-06-12,5,Pian Rosa,4,3480.0000,33.9630,3.7742,29.5470,28.0115,28.0205,31.6352,27.2117,28.0623,28.6708,28.8201,28.0767,28.2297,28.7752,28.0505,28.5585
2023-06-12,6,Torino / Caselle,2,301.0000,62.2905,3.7742,32.1807,30.9327,32.0221,31.4013,30.9371,31.5128,31.7455,31.9098,31.5470,31.5778,31.7767,31.4956,31.6275
2023-06-12,7,Torino / Bric Della Croce,2,709.0000,72.5131,3.7742,31.3578,31.3943,32.2680,31.3144,32.3121,32.0999,32.1415,32.4627,32.3100,32.1712,32.1780,32.0486,31.9985
2023-06-12,8,Novara / Cameri,1,178.0000,49.0769,3.7742,31.6231,30.2563,31.3566,31.0917,30.5855,31.0859,31.3585,31.5159,31.1904,31.1215,31.3873,30.9681,31.2158
2023-06-12,9,Milano / Malpensa,1,234.0000,46.2864,3.7742,31.3147,30.1462,30.7930,31.1837,30.4432,30.6479,30.9320,31.3485,31.0300,30.6721,30.9490,30.5381,30.8004
2023-06-12,10,Bergamo / Orio Al Serio,2,238.0000,41.5983,3.7742,30.6388,29.4828,30.1769,30.8144,30.1603,29.9909,30.1126,30.2487,30.3080,30.0267,30.1250,29.9754,30.0582
2023-06-12,11,Milano / Linate,4,107.0000,41.5983,3.7742,31.3867,30.0626,31.3799,30.9680,30.9707,30.9788,31.3629,31.5009,31.1752,30.9896,31.3803,30.8767,31.2023
2023-06-12,12,Piacenza,2,134.0000,55.9905,3.7742,30.8909,29.7115,30.3784,30.3062,30.3289,30.1171,30.0773,30.2979,30.3437,30.1089,30.0417,30.2112,30.0698
2023-06-12,13,Brescia / Ghedi,2,102.0000,45.8189,3.7742,30.5583,29.1357,29.8321,30.2679,29.4914,29.6675,29.6285,29.7314,29.9612,29.6760,29.6203,29.6849,29.6133
2023-06-12,14,Verona / Rivoltella,2,64.0000,25.9799,3.7742,30.1684,28.9318,29.7584,30.1008,29.6213,29.7318,29.6671,29.7981,30.1146,29.7534,29.6774,29.6341,29.5495
2023-06-12,15,Verona / Villafranca,1,67.0000,25.9799,3.7742,29.5924,29.1845,29.9199,30.1284,29.0163,29.6115,29.7776,29.7677,29.6188,29.6329,29.7815,29.5291,29.6603
2023-06-12,16,Padova,3,13.0000,37.0588,3.7742,30.1887,29.5094,29.9047,29.8266,30.4174,30.3735,30.0834,30.5256,31.0113,30.3359,30.0455,30.1670,29.8993
2023-06-12,17,Treviso / Istrana,1,45.0000,37.0588,3.7742,29.4532,29.1957,29.4024,29.8814,29.3228,29.6113,29.4211,29.3490,29.5816,29.6311,29.4173,29.5519,29.3833
2023-06-12,18,Treviso / S. Angelo,1,18.0000,38.0901,3.7742,29.7962,29.1683,29.4959,29.8677,29.6164,29.8181,29.6075,29.4581,29.7100,29.8314,29.5977,29.8517,29.6563
2023-06-12,19,Venezia / Tessera,1,2.0000,39.4195,3.7742,28.1610,28.7199,28.5278,29.7067,27.9666,28.7739,28.4543,27.0059,27.3691,28.7765,28.4278,28.8391,28.5607
2023-06-12,20,Monte Settepani / Caragna,0,1381.0000,55.2369,3.7742,30.2146,31.3030,30.7697,30.9011,30.6816,31.9055,31.6105,32.1168,31.9303,31.7482,31.4547,31.6904,31.4035
2023-06-12,21,Mondovi,0,559.0000,72.5131,3.7742,31.3443,31.7854,31.6990,31.1744,31.7994,32.4127,32.1458,32.5133,32.3888,32.2618,32.0072,32.3517,32.1451
2023-06-12,22,Monte Malanotte,0,1741.0000,85.7364,3.7742,30.4636,31.1840,30.2739,31.1631,30.5068,31.4398,31.1667,31.1821,31.0452,31.3523,31.0870,31.3862,31.1661
2023-06-12,23,Passo Dei Giovi,0,468.0000,24.9535,3.7742,31.0596,30.5918,30.4591,30.3673,30.4675,30.9953,30.8153,31.3316,31.0163,30.8545,30.6758,30.9458,30.6839
2023-06-12,24,Genova / Sestri,1,2.0000,24.9535,3.7742,30.7208,30.8297,31.6594,30.1653,30.8618,31.4530,31.2123,30.6511,30.7062,31.4318,31.1917,31.9443,31.6833
2023-06-12,25,Albenga,0,45.0000,71.3337,3.7742,30.2845,31.2750,30.6294,30.9320,30.6855,31.7743,31.5105,31.6708,31.5105,31.7272,31.4755,31.6087,31.3301
2023-06-12,26,Passo Della Cisa,4,1039.0000,55.9905,3.7742,29.5896,29.4986,29.4914,30.0074,28.9219,29.6226,29.6210,29.1376,29.0543,29.5957,29.6102,29.6985,29.5929
2023-06-12,27,Sarzana / Luni,4,9.0000,94.6868,3.7742,31.0793,29.7569,30.1645,29.9105,30.1044,30.6384,30.5195,30.0068,30.0149,30.6486,30.5443,30.6835,30.4780
2023-06-12,29,Ferrara / Fontana,4,9.0000,39.9528,3.7742,30.3646,30.2766,30.3153,29.7787,30.5678,30.7503,30.2279,30.4632,31.0187,30.7427,30.2179,30.7727,30.3169
2023-06-12,30,Monte Cimone,4,2165.0000,59.3732,3.7742,27.0750,29.3044,28.6643,30.2329,28.3587,29.4653,29.2001,28.7782,29.0598,29.4496,29.1835,29.3829,29.1028
2023-06-12,31,Ferrara,4,10.0000,41.7377,3.7742,30.5266,30.2601,30.3617,29.7782,31.0203,30.8510,30.3436,30.5703,31.1094,30.8520,30.3444,30.8195,30.3716
2023-06-12,32,Bologna / Borgo Panigale,0,36.0000,39.9528,3.7742,31.0488,30.4830,30.2527,30.1916,31.1796,31.3343,30.4398,30.6281,31.2860,31.3368,30.4859,31.1409,30.3480
2023-06-12,33,Punta Marina,1,2.0000,25.9357,3.7742,27.7720,29.9748,29.0054,29.2517,28.9499,29.9645,28.7287,27.8944,29.0590,29.9624,28.6862,30.0255,28.9061
2023-06-12,34,Forli,3,27.0000,33.4500,3.7742,29.0223,30.3685,29.9921,29.8376,30.7456,30.8213,29.5989,29.7885,31.0375,30.8276,29.6183,30.9268,29.9210
2023-06-12,35,Cervia,3,6.0000,25.9357,3.7742,29.6513,30.0974,29.8501,29.7061,30.2751,31.1147,29.8345,30.0850,31.3765,31.0682,29.7798,30.9030,29.7921
2023-06-12,36,Rimini,3,12.0000,52.7910,3.7742,28.7590,29.5583,29.2842,29.8184,29.7053,30.2544,28.9622,29.0973,30.4005,30.2276,28.9306,30.2445,29.1479
2023-06-12,37,Torino / Collegno,2,287.0000,74.9769,3.7742,31.7992,31.3659,32.3374,31.3452,32.2861,32.0673,32.1666,32.4908,32.2681,32.1273,32.1929,32.0016,32.0083
2023-06-12,38,Aosta / Pollein,0,546.0000,20.6866,3.7742,30.6129,28.8748,29.5850,31.6412,28.4271,29.2316,29.5429,29.9968,28.8479,29.1924,29.5195,29.2634,29.6440
2023-06-13,0,Grand St. Bernard / Grand Saint Bernard,3,2472.0000,20.6866,4.9376,28.4298,29.1418,30.0553,30.8868,30.3945,29.7448,29.5246,29.5099,30.0034,29.6582,29.5213,29.5037,29.6781
2023-06-13,1,Locarno-Magadino,3,197.0000,62.2060,4.9376,29.3951,28.7514,30.4999,31.2823,29.8693,29.1479,30.0037,30.3921,29.8431,29.2251,30.1296,29.3706,30.2990
2023-06-13,2,Lugano,3,273.0000,46.2864,4.9376,29.5737,28.4640,30.1887,31.2611,29.2614,28.8371,29.7603,30.0081,29.4038,28.8939,29.8599,29.1257,30.1004
2023-06-13,3,Paganella,2,2125.0000,86.1858,4.9376,28.4470,27.0997,28.5310,27.8921,28.3715,27.7573,28.2043,28.3712,28.1770,27.8751,28.2910,27.8336,28.1703
2023-06-13,4,Aviano,3,128.0000,53.5302,4.9376,27.7740,27.1787,27.6630,27.7842,27.7520,27.9150,27.6006,27.4244,27.9952,27.9166,27.6065,27.8363,27.5860
2023-06-13,5,Pian Rosa,4,3480.0000,33.9630,4.9376,29.4654,28.5082,29.0756,30.9296,28.8888,28.6874,28.5923,28.4101,28.4863,29.4919,29.3439,28.7349,28.7059
2023-06-13,6,Torino / Caselle,2,301.0000,62.2905,4.9376,31.3914,30.1640,31.1242,31.6314,31.3131,31.0745,31.0766,31.1517,31.2765,31.1826,31.1244,31.0370,31.0546
2023-06-13,7,Torino / Bric Della Croce,2,709.0000,72.5131,4.9376,32.0046,30.3955,31.7058,31.8483,31.6264,31.6561,31.6562,31.7241,31.8287,31.7864,31.7276,31.5469,31.5378
2023-06-13,8,Novara / Cameri,1,178.0000,49.0769,4.9376,31.0739,28.9381,30.5310,31.5626,29.7739,30.2081,30.6357,30.6170,30.4046,30.2581,30.6683,30.0823,30.4935
2023-06-13,9,Milano / Malpensa,1,234.0000,46.2864,4.9376,31.8594,28.8507,30.4526,31.5196,30.1222,30.2592,30.7406,30.8439,30.6282,30.3201,30.7853,29.9834,30.4331
2023-06-13,10,Bergamo / Orio Al Serio,2,238.0000,41.5983,4.9376,31.3745,28.3379,31.0053,30.7274,30.5307,30.0860,30.8018,31.2299,30.8186,30.2192,30.8837,29.9166,30.4814
2023-06-13,11,Milano / Linate,4,107.0000,41.5983,4.9376,31.6455,28.7145,31.2634,31.2788,30.6671,30.4484,31.1949,31.2967,30.8740,30.4614,31.2231,30.2248,30.9480
2023-06-13,12,Piacenza,2,134.0000,55.9905,4.9376,30.6346,29.1748,30.4381,30.8638,30.3827,29.9804,30.1330,30.1234,30.0924,29.9763,30.0829,30.0499,30.1191
2023-06-13,13,Brescia / Ghedi,2,102.0000,45.8189,4.9376,30.0777,27.9445,30.1990,30.1992,29.2374,29.2828,29.8350,29.9976,29.6589,29.2966,29.8206,29.2545,29.6732
2023-06-13,14,Verona / Rivoltella,2,64.0000,25.9799,4.9376,29.5467,27.4476,29.8214,29.7001,29.1371,28.9465,29.6066,29.8184,29.3655,28.9774,29.6174,28.8103,29.3096
2023-06-13,15,Verona / Villafranca,1,67.0000,25.9799,4.9376,29.9008,27.6848,29.0662,29.3501,28.5198,28.7073,29.1137,29.0953,28.7907,28.7554,29.1304,28.5354,28.9413
2023-06-13,16,Padova,3,13.0000,37.0588,4.9376,29.3161,27.4149,28.4143,28.3250,28.9687,28.9679,28.8021,28.7295,29.1195,28.8950,28.7308,28.5705,28.4292
2023-06-13,17,Treviso / Istrana,1,45.0000,37.0588,4.9376,28.0668,27.1561,28.3241,28.0276,28.0251,28.1486,28.3760,28.5587,28.3847,28.1971,28.3861,28.0470,28.3162
2023-06-13,18,Treviso / S. Angelo,1,18.0000,38.0901,4.9376,27.9337,27.1448,28.6768,27.9916,28.2887,28.4633,28.6650,28.7270,28.5761,28.4873,28.6509,28.4674,28.7224
2023-06-13,19,Venezia / Tessera,1,2.0000,39.4195,4.9376,25.4251,26.2563,26.8040,27.8347,26.0019,26.3406,26.5418,25.7943,25.6282,26.3513,26.5082,26.4917,26.7398
2023-06-13,20,Monte Settepani / Caragna,0,1381.0000,55.2369,4.9376,29.6753,30.7442,30.4101,31.8158,30.1239,31.0064,31.1686,31.0223,30.7246,30.9242,31.1601,30.8439,31.1694
2023-06-13,21,Mondovi,0,559.0000,72.5131,4.9376,31.5904,30.9661,31.6486,32.1261,31.3250,31.8090,31.9969,32.0200,31.6955,31.6241,31.8873,31.6690,32.0436
2023-06-13,22,Monte Malanotte,0,1741.0000,85.7364,4.9376,30.9506,30.7975,30.5798,32.1325,30.6144,31.2962,31.4783,30.9063,30.5857,31.1417,31.4026,31.1187,31.4825
2023-06-13,23,Passo Dei Giovi,0,468.0000,24.9535,4.9376,30.3019,30.0908,30.7853,31.1656,30.3770,30.6447,30.8541,30.9956,30.6788,30.4753,30.7574,30.5781,30.9040
2023-06-13,25,Albenga,0,45.0000,71.3337,4.9376,30.5973,30.7616,31.1234,31.8529,30.9254,31.6248,31.7814,31.4588,31.1657,31.5290,31.7495,31.4758,31.7992
2023-06-13,26,Passo Della Cisa,4,1039.0000,55.9905,4.9376,29.6740,30.0687,30.1190,30.0890,29.8731,30.2136,30.3299,29.6933,29.6835,30.1857,30.3381,30.2733,30.4523
2023-06-13,27,Sarzana / Luni,4,9.0000,94.6868,4.9376,30.5635,30.3665,31.1736,29.8819,30.7684,31.5340,31.5540,30.8928,30.9345,31.5427,31.5909,31.4790,31.5835
2023-06-13,28,Bologna / Borgo Panigale,0,51.0000,41.0210,4.9376,30.3440,29.5095,30.3654,29.2277,31.0887,30.9032,30.4696,30.5285,30.7857,30.9095,30.5302,30.6606,30.3282
2023-06-13,29,Ferrara / Fontana,4,9.0000,39.9528,4.9376,29.7142,28.5646,29.6107,28.5513,29.5596,29.6513,29.4764,29.7005,29.8748,29.6302,29.4550,29.6752,29.5934
2023-06-13,30,Monte Cimone,4,2165.0000,59.3732,4.9376,28.3009,29.6706,29.3798,29.4276,29.5706,29.9872,29.9077,29.7832,29.9401,29.9403,29.8726,29.9050,29.9480
2023-06-13,31,Ferrara,4,10.0000,41.7377,4.9376,29.7886,28.5392,29.6385,28.5580,29.9598,29.7800,29.6189,29.8024,29.9632,29.7782,29.6176,29.6904,29.6190
2023-06-13,32,Bologna / Borgo Panigale,0,36.0000,39.9528,4.9376,30.7083,29.5070,30.3115,29.2044,30.9636,30.8996,30.4679,30.4944,30.7521,30.9041,30.5257,30.6243,30.2911
2023-06-13,33,Punta Marina,1,2.0000,25.9357,4.9376,25.9331,27.6675,27.9892,27.6129,27.7825,27.6546,27.3035,26.8391,27.0310,27.6477,27.2546,27.8216,27.5312
2023-06-13,34,Forli,3,27.0000,33.4500,4.9376,29.1836,28.9012,28.8745,28.8785,30.0739,29.7094,28.7813,29.0167,30.0597,29.7213,28.8070,29.8192,29.0423
2023-06-13,35,Cervia,3,6.0000,25.9357,4.9376,29.3288,28.2836,28.3585,28.7355,29.5777,29.7279,28.7416,28.6889,29.7726,29.6617,28.6715,29.4455,28.5694
2023-06-13,36,Rimini,3,12.0000,52.7910,4.9376,27.8001,28.0653,27.7285,29.1746,28.9543,28.9595,27.9548,27.9060,29.0092,28.9273,27.9214,28.8558,27.9895
2023-06-13,37,Torino / Collegno,2,287.0000,74.9769,4.9376,32.5729,30.5092,31.8859,31.7912,31.8390,31.7976,31.7762,31.8460,31.9719,31.9137,31.8338,31.7210,31.7002
2023-06-13,38,Aosta / Pollein,0,546.0000,20.6866,4.9376,29.5475,29.1927,29.1781,30.9729,29.7074,30.0350,29.6277,29.4218,29.3924,29.9257,29.5370,29.9775,29.9948
2023-06-14,0,Grand St. Bernard / Grand Saint Bernard,3,2472.0000,20.6866,31.0127,28.0999,28.6150,29.3594,29.9490,29.5291,28.9327,29.2306,28.6810,29.5684,28.8918,29.1951,28.9547,28.5767
2023-06-14,1,Locarno-Magadino,3,197.0000,62.2060,31.0127,29.8589,30.3443,30.0129,30.3465,30.3509,30.4165,30.2327,30.2166,30.4591,30.4277,30.2444,30.7575,29.9449
2023-06-14,2,Lugano,3,273.0000,46.2864,31.0127,30.8725,30.2601,29.6152,30.3787,30.1043,30.4484,29.7678,29.7232,30.6287,30.4693,29.7968,30.6993,29.8574
2023-06-14,3,Paganella,2,2125.0000,86.1858,31.0127,27.8115,28.2638,27.8938,29.0422,27.4735,28.2681,28.1328,28.2071,28.3538,28.2705,28.1317,28.4149,27.9846
2023-06-14,4,Aviano,3,128.0000,53.5302,31.0127,29.7331,28.5924,30.2399,29.0034,29.2293,28.9402,28.6763,28.3776,28.6746,29.0146,28.7522,30.0595,29.9778
2023-06-14,5,Pian Rosa,4,3480.0000,33.9630,31.0127,29.3449,29.0660,28.7908,30.0116,29.3661,29.2041,28.8569,29.3390,30.6671,29.8700,29.5304,29.2567,28.4601
2023-06-14,6,Torino / Caselle,2,301.0000,62.2905,31.0127,29.3264,30.0140,30.3614,29.7140,30.2843,30.2843,30.3334,30.6739,30.8552,30.3405,30.3639,30.7862,30.2853
2023-06-14,7,Torino / Bric Della Croce,2,709.0000,72.5131,31.0127,29.7784,30.0979,30.7180,29.6499,30.7037,30.8015,30.8533,30.7820,30.8587,30.8774,30.9034,31.0800,30.5776
2023-06-14,8,Novara / Cameri,1,178.0000,49.0769,31.0127,30.1649,30.5045,31.3844,30.9501,31.3251,31.1460,30.7745,30.4212,31.1030,31.1198,30.7469,31.8160,31.3629
2023-06-14,9,Milano / Malpensa,1,234.0000,46.2864,31.0127,29.3625,30.3923,30.5104,30.8710,30.7124,31.1287,30.8384,30.4650,31.1201,31.1050,30.8162,31.1475,30.7205
2023-06-14,10,Bergamo / Orio Al Serio,2,238.0000,41.5983,31.0127,29.9874,29.6504,30.3513,30.0948,30.5940,29.9759,29.6979,29.9806,30.1379,30.0218,29.6989,30.7990,30.2373
2023-06-14,11,Milano / Linate,4,107.0000,41.5983,31.0127,31.3914,30.5495,31.1181,31.0304,31.4922,31.5727,31.2930,30.9409,31.8835,31.5792,31.3345,31.8528,31.1952
2023-06-14,12,Piacenza,2,134.0000,55.9905,31.0127,31.9139,30.2248,30.9301,30.8876,30.8198,31.4992,30.7627,30.8007,31.2081,31.5189,30.7228,31.3789,30.7396
2023-06-14,13,Brescia / Ghedi,2,102.0000,45.8189,31.0127,29.6578,29.0783,29.4264,29.8922,29.2079,29.7456,29.0755,29.0866,29.6379,29.8171,29.1026,29.9740,29.4136
2023-06-14,14,Verona / Rivoltella,2,64.0000,25.9799,31.0127,29.2871,28.6941,29.5023,29.7659,29.7795,29.1182,28.3062,28.4687,29.2256,29.1479,28.2857,29.9482,29.3901
2023-06-14,15,Verona / Villafranca,1,67.0000,25.9799,31.0127,28.2044,28.3743,28.5633,29.7946,28.3040,29.2719,29.1251,29.4585,29.8701,29.2709,29.1234,29.0115,28.5915
2023-06-14,17,Treviso / Istrana,1,45.0000,37.0588,31.0127,28.3605,27.8664,28.6866,28.8310,28.7712,29.0674,29.1293,29.0121,29.2433,29.0858,29.1672,29.0886,28.7615
2023-06-14,18,Treviso / S. Angelo,1,18.0000,38.0901,31.0127,28.3315,27.8798,28.3143,28.7999,28.1967,29.0792,29.1780,29.0026,29.1914,29.1087,29.2317,28.9533,28.6236
2023-06-14,19,Venezia / Tessera,1,2.0000,39.4195,31.0127,29.7645,27.7102,27.7494,28.7013,26.4873,28.9834,29.0917,28.5111,28.7113,29.0438,29.1766,28.0080,27.6531
2023-06-14,20,Monte Settepani / Caragna,0,1381.0000,55.2369,31.0127,28.6873,29.5880,28.6644,29.9875,29.0207,30.7467,29.9944,30.1857,31.4496,30.5900,29.9123,29.9096,29.1410
2023-06-14,21,Mondovi,0,559.0000,72.5131,31.0127,31.1325,29.8257,29.4297,29.5226,29.8876,30.9257,30.1395,30.3722,31.6205,30.7687,30.0612,30.5071,29.6784
2023-06-14,22,Monte Malanotte,0,1741.0000,85.7364,31.0127,28.5525,29.2394,28.0932,29.5049,28.6338,30.3585,29.5903,30.1280,31.3796,30.2159,29.5188,29.5827,28.7636
2023-06-14,23,Passo Dei Giovi,0,468.0000,24.9535,31.0127,30.9723,30.3145,30.4515,30.8977,30.4036,31.8411,31.2998,31.2884,32.3615,31.7368,31.2990,31.0393,30.3776
2023-06-14,24,Genova / Sestri,1,2.0000,24.9535,31.0127,30.9362,30.0478,30.8403,30.2346,30.1419,31.2988,30.2896,30.7530,31.3810,31.3565,30.2821,31.4403,30.8568
2023-06-14,25,Albenga,0,45.0000,71.3337,31.0127,28.6215,29.5063,29.0446,29.7161,29.6075,30.5898,29.8405,30.6155,31.8909,30.4234,29.7537,30.2200,29.4459
2023-06-14,26,Passo Della Cisa,4,1039.0000,55.9905,31.0127,28.8340,29.3691,29.3173,29.6582,28.9152,30.2576,30.1830,30.3071,30.5102,30.2126,30.1704,29.7102,29.4557
2023-06-14,27,Sarzana / Luni,4,9.0000,94.6868,31.0127,27.9059,28.8996,29.1511,29.3272,28.7364,29.8386,29.6240,29.0392,29.3849,29.8194,29.6393,29.8116,29.5305
2023-06-14,28,Bologna / Borgo Panigale,0,51.0000,41.0210,31.0127,30.1709,29.3791,30.2650,30.6242,30.0703,30.4503,29.6394,29.4657,30.7849,30.4445,29.7069,30.4957,30.0952
2023-06-14,29,Ferrara / Fontana,4,9.0000,39.9528,31.0127,30.0337,28.8439,29.8756,29.9171,29.5544,30.1647,29.9277,30.4135,31.0406,30.1577,29.9452,29.9962,29.7866
2023-06-14,30,Monte Cimone,4,2165.0000,59.3732,31.0127,27.6890,28.7993,28.3479,30.7178,28.4014,29.8734,29.6808,30.5848,31.1016,29.8282,29.6591,29.0742,28.8277
2023-06-14,31,Ferrara,4,10.0000,41.7377,31.0127,30.1447,28.8308,29.8802,29.8913,29.7878,30.1588,29.9165,30.3776,31.0009,30.1501,29.9321,30.0060,29.7954
2023-06-14,32,Bologna / Borgo Panigale,0,36.0000,39.9528,31.0127,30.1294,29.3683,30.2242,30.6211,30.0380,30.4180,29.6218,29.4986,30.8128,30.4109,29.6863,30.4653,30.0706
2023-06-14,34,Forli,3,27.0000,33.4500,31.0127,30.0323,28.5414,29.2408,30.2790,29.0595,29.7254,29.3030,29.4874,30.0455,29.7085,29.2847,29.5304,29.2952
2023-06-14,35,Cervia,3,6.0000,25.9357,31.0127,28.9308,27.7935,28.8052,30.0868,28.6247,29.1418,28.7801,29.0035,29.5013,29.1389,28.7779,29.0786,28.8802
2023-06-14,36,Rimini,3,12.0000,52.7910,31.0127,26.1669,27.1197,27.8608,30.0614,27.2432,27.7163,27.3153,26.7171,27.2550,27.6984,27.2967,28.2331,28.0438
2023-06-14,37,Torino / Collegno,2,287.0000,74.9769,31.0127,29.7607,29.8935,30.5112,29.6297,30.3238,30.3839,30.4928,30.7538,30.8320,30.4484,30.5341,30.8435,30.3581
2023-06-14,38,Aosta / Pollein,0,546.0000,20.6866,31.0127,29.7722,29.1438,28.5816,29.9247,29.2374,29.5788,28.7561,28.7609,30.2578,29.4539,28.6455,29.8611,29.1481
2023-06-15,0,Grand St. Bernard / Grand Saint Bernard,3,2472.0000,20.6866,21.1187,26.6432,26.8602,27.5726,29.5676,26.0627,27.7516,28.1452,28.1776,28.6944,27.6242,28.0756,26.9819,27.5190
2023-06-15,1,Locarno-Magadino,3,197.0000,62.2060,21.1187,31.4214,30.0891,30.8699,30.4704,29.8107,30.1522,30.1098,30.1789,30.3923,30.1687,30.1379,30.5006,30.6798
2023-06-15,2,Lugano,3,273.0000,46.2864,21.1187,31.4851,30.0016,30.7698,30.4786,29.5143,30.1118,29.9486,30.0464,30.8077,30.1442,30.0176,30.5800,30.7437
2023-06-15,3,Paganella,2,2125.0000,86.1858,21.1187,29.6045,29.4295,29.9012,29.0652,29.3851,29.5496,29.4356,29.4399,29.5811,29.5639,29.4481,29.8104,29.5307
2023-06-15,4,Aviano,3,128.0000,53.5302,21.1187,30.2935,28.9800,29.7805,29.1221,28.6782,29.5941,28.9495,28.8024,29.4900,29.6171,28.9752,29.8629,29.3579
2023-06-15,5,Pian Rosa,4,3480.0000,33.9630,21.1187,28.0275,27.6433,28.0996,29.7124,27.1834,28.0075,28.6696,28.9289,28.9889,28.4488,28.9516,27.7527,28.1586
2023-06-15,6,Torino / Caselle,2,301.0000,62.2905,21.1187,28.6489,28.0609,29.0060,29.6877,27.6196,28.7457,29.1936,29.1948,28.9231,28.7850,29.1973,28.5466,28.8280
2023-06-15,7,Torino / Bric Della Croce,2,709.0000,72.5131,21.1187,29.5474,28.1165,29.4457,29.6967,28.3482,29.1238,29.5060,29.7049,29.4545,29.2039,29.5472,28.9497,29.1959
2023-06-15,8,Novara / Cameri,1,178.0000,49.0769,21.1187,32.2203,29.7980,31.4806,30.8424,30.7482,30.9246,31.4635,31.6675,31.4522,30.9369,31.5249,30.9910,31.2726
2023-06-15,9,Milano / Malpensa,1,234.0000,46.2864,21.1187,30.8696,29.8806,31.2977,30.8289,30.6260,30.7852,31.4742,31.6368,31.2925,30.7878,31.5396,30.8647,31.1767
2023-06-15,10,Bergamo / Orio Al Serio,2,238.0000,41.5983,21.1187,31.1993,30.0898,31.4335,30.2146,30.8658,30.5668,30.5719,30.6966,30.8136,30.6157,30.5752,31.1652,31.2194
2023-06-15,11,Milano / Linate,4,107.0000,41.5983,21.1187,31.1799,30.1644,31.3977,30.5006,30.7693,31.2454,31.7615,31.7073,31.4469,31.2508,31.7831,31.1513,31.4075
2023-06-15,12,Piacenza,2,134.0000,55.9905,21.1187,31.0499,29.6224,30.5676,30.0073,30.0322,30.6407,30.3981,30.6545,30.8513,30.6379,30.3440,30.4826,30.3538
2023-06-15,14,Verona / Rivoltella,2,64.0000,25.9799,21.1187,29.4323,29.6474,30.0123,29.8607,29.7527,29.7429,29.2299,28.9394,29.4391,29.7477,29.1994,30.4055,30.0584
2023-06-15,15,Verona / Villafranca,1,67.0000,25.9799,21.1187,29.2512,29.5187,29.7573,29.7225,29.4213,29.9682,29.7126,29.8091,29.7746,29.9411,29.6745,30.1476,29.7889
2023-06-15,16,Padova,3,13.0000,37.0588,21.1187,29.3126,28.7389,29.0089,29.2098,29.1790,29.6309,28.9204,29.2082,29.8352,29.6127,28.9028,29.6011,29.0997
2023-06-15,17,Treviso / Istrana,1,45.0000,37.0588,21.1187,28.8349,28.8423,29.4616,29.1504,28.9582,29.5680,29.6332,29.5856,29.5953,29.5953,29.6599,29.5337,29.4452
2023-06-15,18,Treviso / S. Angelo,1,18.0000,38.0901,21.1187,29.1605,28.7388,29.4692,29.1134,28.6423,29.7828,29.8636,30.2715,30.2619,29.8089,29.8889,29.6752,29.5945
2023-06-15,19,Venezia / Tessera,1,2.0000,39.4195,21.1187,27.8539,28.3097,28.5829,28.9320,27.1050,29.0288,29.0581,29.1036,29.1286,29.0850,29.1062,28.5202,28.4042
2023-06-15,21,Mondovi,0,559.0000,72.5131,21.1187,28.5471,27.9101,28.5894,29.5919,27.7381,28.7988,29.0178,28.0519,28.3394,28.6481,28.9332,28.4793,28.6779
2023-06-15,23,Passo Dei Giovi,0,468.0000,24.9535,21.1187,29.3876,28.6661,29.2226,29.6089,28.1465,29.4553,29.7292,29.6561,29.9191,29.3473,29.6892,29.0092,29.1184
2023-06-15,24,Genova / Sestri,1,2.0000,24.9535,21.1187,29.5999,28.5132,29.5258,29.0442,27.9053,29.2432,29.1869,29.4651,29.2387,29.2562,29.1567,29.4553,29.5471
2023-06-15,25,Albenga,0,45.0000,71.3337,21.1187,28.6585,28.4167,28.3022,29.4211,27.2252,29.1426,29.3425,29.4667,29.7716,29.1025,29.3589,28.6330,28.7885
2023-06-15,26,Passo Della Cisa,4,1039.0000,55.9905,21.1187,28.7860,28.7607,28.9685,29.1514,28.1366,29.4597,29.4614,28.9860,29.1195,29.4217,29.4478,29.0354,29.0499
2023-06-15,27,Sarzana / Luni,4,9.0000,94.6868,21.1187,28.6288,28.7902,29.4690,28.7365,28.3764,29.3078,29.2383,29.0194,29.2051,29.2907,29.2410,29.6670,29.6467
2023-06-15,28,Bologna / Borgo Panigale,0,51.0000,41.0210,21.1187,29.2412,29.2282,29.8523,29.0194,29.4838,30.1332,29.6335,29.4556,29.9295,30.1316,29.6906,30.1265,29.7418
2023-06-15,29,Ferrara / Fontana,4,9.0000,39.9528,21.1187,29.6561,28.8714,29.3467,29.1263,28.8935,29.6303,29.1758,29.1454,29.5855,29.6284,29.1830,29.7395,29.3652
2023-06-15,30,Monte Cimone,4,2165.0000,59.3732,21.1187,27.6508,28.6060,28.3025,29.0415,27.7626,29.5109,29.1900,29.4180,29.8244,29.4616,29.1489,28.8502,28.6388
2023-06-15,31,Ferrara,4,10.0000,41.7377,21.1187,29.3843,28.8770,29.2962,29.1391,29.1739,29.6211,29.1641,29.1269,29.5733,29.6201,29.1722,29.7262,29.3501
2023-06-15,32,Bologna / Borgo Panigale,0,36.0000,39.9528,21.1187,29.4339,29.2153,29.7878,29.0076,29.5077,30.1346,29.6529,29.4748,29.9252,30.1338,29.7089,30.0835,29.7017
2023-06-15,33,Punta Marina,1,2.0000,25.9357,21.1187,26.7989,27.0583,26.9671,28.8288,25.2955,26.9709,26.8711,26.3175,25.9062,26.9607,26.8790,27.1111,26.8329
2023-06-15,34,Forli,3,27.0000,33.4500,21.1187,28.7906,27.9640,28.5063,28.9309,27.9820,28.2828,27.9383,28.4110,28.0031,28.2831,27.9331,28.5071,28.0816
2023-06-15,35,Cervia,3,6.0000,25.9357,21.1187,27.0852,27.0752,27.7894,29.0277,26.7627,27.4796,27.1946,27.1298,26.5058,27.4650,27.1738,27.7623,27.3647
2023-06-15,36,Rimini,3,12.0000,52.7910,21.1187,27.7446,27.0435,27.5500,29.1722,26.3805,27.1945,27.0030,26.8287,26.4409,27.1921,26.9943,27.6188,27.2244
2023-06-15,37,Torino / Collegno,2,287.0000,74.9769,21.1187,29.2285,27.9512,29.5799,29.6568,28.7142,28.9924,29.3680,29.5596,29.3317,29.0586,29.3965,28.9546,29.2064
2023-06-15,38,Aosta / Pollein,0,546.0000,20.6866,21.1187,28.6847,27.3700,27.6328,29.5919,26.9406,28.1162,27.5049,27.5938,28.6390,28.0369,27.4012,27.8772,27.9504
2023-06-16,0,Grand St. Bernard / Grand Saint Bernard,3,2472.0000,20.6866,7.9346,33.1551,31.8082,32.8557,32.4117,32.7984,32.1775,31.7620,31.6954,32.6637,32.1412,31.7759,32.1834,32.2741
2023-06-16,1,Locarno-Magadino,3,197.0000,62.2060,7.9346,31.8630,30.1506,31.6482,32.6882,30.7753,30.6172,31.0059,31.3327,31.2400,30.7028,31.1280,30.8332,31.3666
2023-06-16,2,Lugano,3,273.0000,46.2864,7.9346,31.3174,30.0437,31.2255,32.5945,29.7858,30.6035,31.0102,31.0967,30.9775,30.6537,31.0982,30.6388,31.1800
2023-06-16,3,Paganella,2,2125.0000,86.1858,7.9346,32.5223,31.9378,32.9524,32.2303,31.6526,32.1748,32.4463,32.4610,32.1194,32.2286,32.4858,32.2848,32.5840
2023-06-16,4,Aviano,3,128.0000,53.5302,7.9346,34.9949,32.2203,33.8193,33.5906,32.5386,33.5789,33.7402,34.0596,33.3628,33.5689,33.7193,33.3615,33.4243
2023-06-16,6,Torino / Caselle,2,301.0000,62.2905,7.9346,31.9065,29.7513,31.3022,31.7614,30.4745,30.8063,31.3490,31.5591,31.1372,30.9217,31.4048,30.6291,31.1440
2023-06-16,8,Novara / Cameri,1,178.0000,49.0769,7.9346,32.3276,29.8374,31.9360,32.2129,30.8571,31.4335,32.1486,32.1520,31.7035,31.4851,32.1817,31.1370,31.8144
2023-06-16,9,Milano / Malpensa,1,234.0000,46.2864,7.9346,32.5703,29.9930,32.2613,32.2960,31.3926,31.7352,32.4106,32.5118,32.1329,31.8081,32.4626,31.4319,32.0806
2023-06-16,10,Bergamo / Orio Al Serio,2,238.0000,41.5983,7.9346,32.2245,30.3847,32.6827,32.0210,32.0484,31.8252,32.2402,32.6135,32.2872,31.9212,32.2970,31.8607,32.2619
2023-06-16,12,Piacenza,2,134.0000,55.9905,7.9346,31.0589,29.6483,30.8489,30.6664,30.6446,30.3286,30.5547,30.7835,30.3401,30.3300,30.5300,30.5735,30.6897
2023-06-16,13,Brescia / Ghedi,2,102.0000,45.8189,7.9346,31.1078,30.4925,32.5196,31.5440,31.9023,31.9541,32.1567,32.4595,32.2462,31.9476,32.1353,31.9529,32.1756
2023-06-16,14,Verona / Rivoltella,2,64.0000,25.9799,7.9346,31.8858,30.5885,32.2466,31.5097,31.7470,31.9044,32.0232,32.3073,32.2066,31.9143,32.0269,31.8489,32.0369
2023-06-16,15,Verona / Villafranca,1,67.0000,25.9799,7.9346,31.6275,30.7526,31.7232,31.6541,31.2467,31.7147,31.8135,31.9323,31.9081,31.7450,31.8154,31.6778,31.8248
2023-06-16,16,Padova,3,13.0000,37.0588,7.9346,32.5957,30.8239,32.0936,32.7088,31.6628,32.2350,32.1785,32.3726,31.9444,32.1811,32.1199,32.1244,32.1262
2023-06-16,17,Treviso / Istrana,1,45.0000,37.0588,7.9346,32.2952,31.2548,33.1904,33.1791,32.4070,32.4068,33.0568,33.0561,32.3928,32.4325,33.0531,32.4320,33.0565
2023-06-16,18,Treviso / S. Angelo,1,18.0000,38.0901,7.9346,33.7255,31.1769,33.4863,33.1721,32.4679,32.5214,33.1830,33.0152,32.3422,32.5223,33.1535,32.7238,33.3859
2023-06-16,19,Venezia / Tessera,1,2.0000,39.4195,7.9346,29.3749,29.8879,31.0700,32.9167,29.1452,30.0130,30.7360,29.1274,28.3647,30.0171,30.7065,30.1700,30.8775
2023-06-16,20,Monte Settepani / Caragna,0,1381.0000,55.2369,7.9346,29.9913,27.6481,27.5188,31.1222,26.7578,27.8278,28.3028,28.5878,27.7322,27.7213,28.2361,27.9678,28.1374
2023-06-16,21,Mondovi,0,559.0000,72.5131,7.9346,30.2770,28.1655,29.0849,31.2004,28.2990,28.8166,29.6909,30.2317,29.1303,28.6788,29.6268,28.7600,29.2850
2023-06-16,22,Monte Malanotte,0,1741.0000,85.7364,7.9346,30.2565,28.4706,28.4146,31.1757,27.6393,28.7133,29.5370,29.7314,28.6583,28.6192,29.5119,28.6708,29.1398
2023-06-16,24,Genova / Sestri,1,2.0000,24.9535,7.9346,27.1873,27.7954,29.8060,30.4699,27.6730,27.8088,28.9923,28.0798,26.7342,27.7582,28.9702,28.9063,29.6606
2023-06-16,25,Albenga,0,45.0000,71.3337,7.9346,29.0110,27.2658,27.4975,31.0570,27.0418,27.6621,27.9224,28.0505,27.6199,27.6227,27.8986,27.8697,28.0783
2023-06-16,26,Passo Della Cisa,4,1039.0000,55.9905,7.9346,29.9750,29.4661,29.7097,30.2843,29.0435,29.7397,29.9843,30.0421,29.6362,29.6920,29.9653,29.7856,29.9409
2023-06-16,27,Sarzana / Luni,4,9.0000,94.6868,7.9346,27.2038,27.9973,28.7058,30.1215,27.7012,28.6166,28.7822,28.1084,27.7723,28.6215,28.8004,28.8356,28.9724
2023-06-16,28,Bologna / Borgo Panigale,0,51.0000,41.0210,7.9346,31.8669,30.4678,31.9775,30.9006,31.5247,31.6101,31.7944,32.2134,31.6693,31.6154,31.8277,31.6025,31.7661
2023-06-16,29,Ferrara / Fontana,4,9.0000,39.9528,7.9346,31.5688,30.4446,31.7273,31.2980,30.9211,31.6008,31.7811,32.0911,31.6350,31.5664,31.7539,31.4836,31.7293
2023-06-16,30,Monte Cimone,4,2165.0000,59.3732,7.9346,30.9075,30.2287,30.3184,30.5585,29.9788,30.3960,30.6389,30.5881,30.2542,30.3602,30.6232,30.4698,30.6746
2023-06-16,31,Ferrara,4,10.0000,41.7377,7.9346,31.1476,30.4690,31.5681,31.3421,31.4088,31.6007,31.7795,32.0957,31.6409,31.5839,31.7693,31.4014,31.6466
2023-06-16,32,Bologna / Borgo Panigale,0,36.0000,39.9528,7.9346,31.5924,30.4738,31.8653,30.8956,31.4811,31.6008,31.7863,32.2136,31.6682,31.6043,31.8176,31.5325,31.6980
2023-06-16,33,Punta Marina,1,2.0000,25.9357,7.9346,29.5185,29.0935,30.2965,30.2143,28.3185,29.0421,29.8074,28.4423,27.4667,29.0398,29.7924,29.2312,29.9256
2023-06-16,34,Forli,3,27.0000,33.4500,7.9346,31.2452,29.6584,31.1487,30.5914,30.6793,30.5701,30.8236,31.6148,30.4329,30.5968,30.8516,30.6245,30.7386
2023-06-16,36,Rimini,3,12.0000,52.7910,7.9346,31.8052,29.1143,30.6907,30.7707,29.3702,30.3398,30.5889,30.6196,29.4147,30.2975,30.5507,30.2650,30.3851
2023-06-16,37,Torino / Collegno,2,287.0000,74.9769,7.9346,33.7291,29.5361,31.7436,31.5872,30.9058,30.7698,31.4018,31.6827,31.1082,30.8698,31.4501,30.8203,31.3889
2023-06-16,38,Aosta / Pollein,0,546.0000,20.6866,7.9346,31.4027,31.3723,32.9752,32.3433,32.2897,32.2920,33.2900,33.9790,32.9971,32.2019,33.2784,32.2708,33.3066
2023-06-17,0,Grand St. Bernard / Grand Saint Bernard,3,2472.0000,20.6866,11.1843,30.4010,29.9008,30.7946,30.4421,30.9408,30.7089,30.2259,29.9593,30.9413,30.5481,30.1264,30.2808,30.4033
2023-06-17,1,Locarno-Magadino,3,197.0000,62.2060,11.1843,29.2576,28.5173,29.7938,31.4574,28.1598,28.8402,29.1755,29.4504,29.3038,28.8736,29.2823,28.8621,29.5513
2023-06-17,2,Lugano,3,273.0000,46.2864,11.1843,28.9138,28.3071,29.8010,31.3524,28.4645,28.8577,29.2557,29.3892,29.2121,28.8973,29.3744,28.9729,29.6473
2023-06-17,3,Paganella,2,2125.0000,86.1858,11.1843,33.8001,32.2750,32.4422,32.2009,32.4333,32.5169,32.1926,32.3013,32.5579,32.5563,32.2087,32.6752,32.3547
2023-06-17,4,Aviano,3,128.0000,53.5302,11.1843,33.5451,33.5108,34.4530,33.6718,33.5918,34.3889,33.6923,33.7526,33.9500,34.4245,33.7486,34.6286,34.1239
2023-06-17,5,Pian Rosa,4,3480.0000,33.9630,11.1843,32.3201,29.6847,30.1542,30.4289,29.5899,29.9490,29.7912,29.8437,30.4243,31.0133,30.7766,29.9080,29.8918
2023-06-17,6,Torino / Caselle,2,301.0000,62.2905,11.1843,30.2630,28.0481,29.6097,30.3056,28.8331,29.2703,29.4273,29.6783,29.7570,29.3839,29.4561,29.2319,29.5336
2023-06-17,7,Torino / Bric Della Croce,2,709.0000,72.5131,11.1843,29.1953,27.7804,29.6330,30.2596,29.1097,29.2046,29.4200,29.5879,29.5525,29.3522,29.4821,29.1888,29.5050
2023-06-17,8,Novara / Cameri,1,178.0000,49.0769,11.1843,31.0762,28.0684,30.1896,30.3429,29.4101,30.0504,30.2370,30.4444,30.4778,30.1435,30.2920,29.7007,30.0080
2023-06-17,9,Milano / Malpensa,1,234.0000,46.2864,11.1843,30.8714,28.1652,29.9925,30.5147,29.5437,30.0492,30.2286,30.5077,30.5668,30.1347,30.2768,29.5896,29.8853
2023-06-17,11,Milano / Linate,4,107.0000,41.5983,11.1843,30.6112,28.3850,31.1939,30.6303,30.2209,30.7484,31.1260,31.1017,30.9542,30.7666,31.1650,30.3108,30.7200
2023-06-17,12,Piacenza,2,134.0000,55.9905,11.1843,30.2264,28.5461,29.7836,30.0700,29.4221,29.8769,29.6680,29.8268,30.0454,29.8817,29.5977,29.6134,29.5643
2023-06-17,13,Brescia / Ghedi,2,102.0000,45.8189,11.1843,32.2436,29.8858,31.7315,31.0659,31.2228,31.4469,31.2430,31.3307,31.4888,31.5144,31.2433,31.4563,31.3873
2023-06-17,14,Verona / Rivoltella,2,64.0000,25.9799,11.1843,29.6351,30.0148,31.3653,31.4282,31.1937,31.1263,30.9012,31.0153,31.0879,31.1735,30.8762,31.2585,31.1698
2023-06-17,15,Verona / Villafranca,1,67.0000,25.9799,11.1843,32.9109,31.0583,32.0002,32.0757,32.1588,32.9571,32.1491,32.0002,32.6066,33.0573,32.1781,32.4667,31.9075
2023-06-17,16,Padova,3,13.0000,37.0588,11.1843,32.7663,32.3164,33.2348,32.9051,33.4885,34.1821,33.4206,33.5463,33.7708,34.1105,33.3593,33.8377,33.2926
2023-06-17,17,Treviso / Istrana,1,45.0000,37.0588,11.1843,32.9940,32.8037,33.2682,33.3118,33.7614,34.2180,33.3121,33.2027,34.0817,34.2715,33.3266,34.1178,33.3434
2023-06-17,18,Treviso / S. Angelo,1,18.0000,38.0901,11.1843,33.8196,32.6647,33.1755,33.2984,33.6316,34.2339,33.3010,33.0234,33.9322,34.2757,33.3040,34.1693,33.3387
2023-06-17,19,Venezia / Tessera,1,2.0000,39.4195,11.1843,31.3565,31.6822,31.3027,32.9212,30.9811,32.2985,31.1534,30.1922,31.2864,32.3531,31.1678,32.0191,30.9916
2023-06-17,20,Monte Settepani / Caragna,0,1381.0000,55.2369,11.1843,26.3814,25.7895,25.7353,29.9576,25.3053,26.2573,26.1433,25.6749,25.9932,26.0900,26.0578,26.2526,26.4618
2023-06-17,21,Mondovi,0,559.0000,72.5131,11.1843,27.4703,26.6047,27.3052,30.1686,27.1240,27.7721,27.7175,27.6122,27.8719,27.5059,27.5446,27.5262,27.8083
2023-06-17,22,Monte Malanotte,0,1741.0000,85.7364,11.1843,28.6480,26.7990,26.8017,30.1571,26.9839,27.4540,27.3897,26.5720,26.8400,27.2056,27.2332,27.4478,27.7178
2023-06-17,23,Passo Dei Giovi,0,468.0000,24.9535,11.1843,27.3969,26.5788,26.8323,29.5183,26.3142,27.4298,27.3001,26.9579,27.2916,27.2456,27.1850,26.8687,27.0274
2023-06-17,24,Genova / Sestri,1,2.0000,24.9535,11.1843,27.3112,25.9500,27.6829,29.2075,26.5854,27.4865,27.5822,27.5958,27.4136,27.5222,27.5862,27.3584,27.5587
2023-06-17,26,Passo Della Cisa,4,1039.0000,55.9905,11.1843,28.4615,28.4350,28.3608,30.0716,28.0774,29.1356,28.9286,28.9305,29.0650,29.0906,28.9073,28.7511,28.6475
2023-06-17,27,Sarzana / Luni,4,9.0000,94.6868,11.1843,27.5290,27.2954,27.8348,29.7851,27.5253,28.5127,28.2039,27.8770,28.0809,28.4990,28.2105,28.4567,28.2597
2023-06-17,28,Bologna / Borgo Panigale,0,51.0000,41.0210,11.1843,31.5207,31.4841,31.9822,31.4643,32.7190,33.0484,32.1255,32.2381,33.0025,33.0531,32.1569,32.8088,31.9579
2023-06-17,29,Ferrara / Fontana,4,9.0000,39.9528,11.1843,32.3994,31.8569,31.9936,31.7803,32.6942,33.3014,31.8499,32.4157,33.4542,33.2735,31.8100,33.1839,32.1414
2023-06-17,31,Ferrara,4,10.0000,41.7377,11.1843,32.6883,31.8730,32.2884,31.8193,33.0983,33.4088,31.9906,32.4986,33.5098,33.3922,31.9648,33.3861,32.3540
2023-06-17,32,Bologna / Borgo Panigale,0,36.0000,39.9528,11.1843,31.1370,31.4943,31.8847,31.4603,32.7109,33.0537,32.1241,32.2482,33.0169,33.0580,32.1545,32.7493,31.8895
2023-06-17,33,Punta Marina,1,2.0000,25.9357,11.1843,27.8990,30.1370,28.3525,30.7251,28.4885,29.9939,28.0755,27.3259,28.7091,29.9901,28.0807,30.2206,28.1751
2023-06-17,35,Cervia,3,6.0000,25.9357,11.1843,28.6115,30.1216,29.7568,31.2847,30.2026,30.4830,28.7083,28.6265,29.3266,30.4676,28.6997,31.1382,29.8361
2023-06-17,36,Rimini,3,12.0000,52.7910,11.1843,27.3632,29.7493,29.5968,31.5411,29.6521,30.0124,28.7982,28.5224,29.0093,30.0082,28.7859,30.7736,29.4888
2023-06-17,38,Aosta / Pollein,0,546.0000,20.6866,11.1843,28.7201,29.3142,30.3488,30.4273,30.1042,30.2052,30.5567,30.6145,30.2686,30.0389,30.4221,30.1392,30.8991
2023-06-18,0,Grand St. Bernard / Grand Saint Bernard,3,2472.0000,20.6866,26.9889,27.3197,27.7861,28.9691,27.9132,28.4704,28.6272,28.1848,28.0982,29.3289,28.5387,28.1337,28.1154,28.5497
2023-06-18,1,Locarno-Magadino,3,197.0000,62.2060,26.9889,28.8452,28.2998,29.4456,29.2922,27.9778,28.3827,28.6339,28.7890,28.7479,28.4028,28.6672,28.7539,29.2144
2023-06-18,2,Lugano,3,273.0000,46.2864,26.9889,28.4060,28.1319,29.4226,29.3241,27.9122,28.4152,29.1414,29.4074,29.2915,28.4472,29.1933,28.8652,29.3007
2023-06-18,3,Paganella,2,2125.0000,86.1858,26.9889,30.7340,29.8932,29.7801,29.6052,29.8170,30.0745,29.5860,29.6079,30.0621,30.0910,29.6019,30.3489,29.7840
2023-06-18,4,Aviano,3,128.0000,53.5302,26.9889,28.1900,29.9402,29.6229,29.5382,29.0195,30.1081,29.2700,28.8058,29.6588,30.1206,29.2593,30.3792,29.4293
2023-06-18,5,Pian Rosa,4,3480.0000,33.9630,26.9889,29.7061,27.4094,28.0210,28.0149,27.6189,28.0400,27.7530,27.7294,29.9007,28.7272,28.3752,27.6458,27.5038
2023-06-18,6,Torino / Caselle,2,301.0000,62.2905,26.9889,26.4996,25.3621,26.6310,27.1235,26.1974,26.7006,26.7271,26.8921,27.2148,26.7923,26.7603,26.3895,26.4834
2023-06-18,7,Torino / Bric Della Croce,2,709.0000,72.5131,26.9889,27.1792,25.2018,26.7992,26.8785,26.3056,26.6786,26.6188,26.8214,27.0126,26.7980,26.6779,26.5513,26.5913
2023-06-18,8,Novara / Cameri,1,178.0000,49.0769,26.9889,29.1974,26.5142,28.6043,28.9928,28.1052,27.5629,27.8767,27.8233,28.0065,27.5738,27.8982,28.2076,28.3907
2023-06-18,9,Milano / Malpensa,1,234.0000,46.2864,26.9889,29.1454,26.8176,28.6157,29.0836,28.5182,27.9135,28.2040,28.2159,28.4564,27.9178,28.2177,28.3204,28.4769
2023-06-18,10,Bergamo / Orio Al Serio,2,238.0000,41.5983,26.9889,30.1497,28.8870,30.0297,29.7288,29.9163,29.5888,29.5362,29.6284,29.9504,29.6653,29.5473,30.0193,30.0094
2023-06-18,11,Milano / Linate,4,107.0000,41.5983,26.9889,30.0981,28.1437,30.1430,29.5336,29.3599,29.7882,30.4135,30.6104,30.1883,29.8136,30.4647,29.7459,29.9126
2023-06-18,12,Piacenza,2,134.0000,55.9905,26.9889,29.4786,27.9402,29.3057,28.9862,28.6583,29.0367,29.1327,29.2876,29.1746,29.0272,29.0709,28.9743,29.0195
2023-06-18,13,Brescia / Ghedi,2,102.0000,45.8189,26.9889,29.7264,28.9841,30.2171,29.7788,29.8574,30.3668,29.9116,30.2791,30.8660,30.4277,29.9303,30.2710,30.0820
2023-06-18,14,Verona / Rivoltella,2,64.0000,25.9799,26.9889,28.4985,28.9273,29.5396,29.7469,29.2233,29.9566,29.1609,29.3927,30.3417,30.0218,29.1972,29.9202,29.5833
2023-06-18,15,Verona / Villafranca,1,67.0000,25.9799,26.9889,28.4820,28.6956,29.1392,29.6475,28.8194,29.6286,28.8834,28.7514,29.7316,29.6531,28.8446,29.4651,29.1374
2023-06-18,16,Padova,3,13.0000,37.0588,26.9889,30.5773,29.4217,29.6187,29.5722,30.2305,30.7528,29.2109,29.0914,30.6689,30.7336,29.1988,30.5906,29.9374
2023-06-18,17,Treviso / Istrana,1,45.0000,37.0588,26.9889,28.1053,29.5255,29.2686,29.4833,29.4543,30.0441,29.3885,28.9486,29.8433,30.0651,29.3989,30.0658,29.5061
2023-06-18,18,Treviso / S. Angelo,1,18.0000,38.0901,26.9889,29.6023,29.5072,29.7538,29.4979,30.0011,30.2248,29.5069,29.1720,30.1399,30.2332,29.4957,30.6192,30.0188
2023-06-18,19,Venezia / Tessera,1,2.0000,39.4195,26.9889,27.7268,29.0761,29.0328,29.5271,28.7966,30.1597,29.5015,29.3562,30.2019,30.2053,29.5151,29.3333,28.7455
2023-06-18,20,Monte Settepani / Caragna,0,1381.0000,55.2369,26.9889,24.3537,24.5630,24.1197,26.9855,23.7626,25.4922,25.2891,24.5426,25.2266,25.3410,25.2337,24.9182,24.8246
2023-06-18,21,Mondovi,0,559.0000,72.5131,26.9889,24.6068,25.0283,25.1447,26.4512,24.5884,25.8461,25.7910,24.9344,25.3965,25.7047,25.7495,25.6294,25.6416
2023-06-18,22,Monte Malanotte,0,1741.0000,85.7364,26.9889,26.3090,25.1071,24.9042,26.4155,24.5540,25.7454,25.6462,24.3687,24.8896,25.5855,25.5847,25.7167,25.7090
2023-06-18,23,Passo Dei Giovi,0,468.0000,24.9535,26.9889,27.8816,26.1961,26.4650,28.2739,25.9355,27.2901,27.0439,27.3920,28.1749,27.1654,27.0098,26.7619,26.6072
2023-06-18,24,Genova / Sestri,1,2.0000,24.9535,26.9889,25.8140,25.5108,26.8686,27.6329,25.3828,26.3985,26.5284,26.7478,26.5753,26.4225,26.5163,26.6810,26.8727
2023-06-18,25,Albenga,0,45.0000,71.3337,26.9889,23.9100,24.1615,23.8964,26.6936,23.6093,25.2615,25.0436,24.1843,24.8770,25.1212,24.9986,24.7286,24.6437
2023-06-18,26,Passo Della Cisa,4,1039.0000,55.9905,26.9889,27.5451,27.1803,27.6751,27.8895,26.8166,27.5653,27.5211,26.9465,27.1356,27.5112,27.5063,27.5657,27.6855
2023-06-18,27,Sarzana / Luni,4,9.0000,94.6868,26.9889,26.6514,26.1705,27.3594,27.4612,26.3054,27.4443,27.3068,27.5039,27.7530,27.4354,27.3315,27.3686,27.4790
2023-06-18,28,Bologna / Borgo Panigale,0,51.0000,41.0210,26.9889,30.1681,27.6141,29.2708,29.0595,28.6132,29.1677,28.7903,29.4111,29.8503,29.1607,28.8250,28.9192,28.8215
2023-06-18,29,Ferrara / Fontana,4,9.0000,39.9528,26.9889,29.3656,28.1750,29.6651,29.2800,28.5792,29.4938,29.6427,29.6094,29.5770,29.4733,29.6359,29.3003,29.3178
2023-06-18,30,Monte Cimone,4,2165.0000,59.3732,26.9889,27.3983,26.8716,26.8645,28.9156,25.6293,27.2267,27.1393,26.6522,26.8419,27.1919,27.1248,26.9660,27.1936
2023-06-18,31,Ferrara,4,10.0000,41.7377,26.9889,29.9490,28.2209,29.6718,29.3021,29.0751,29.5432,29.6463,29.6120,29.6205,29.5259,29.6427,29.3515,29.3495
2023-06-18,32,Bologna / Borgo Panigale,0,36.0000,39.9528,26.9889,30.6664,27.6117,29.1245,29.0503,28.4894,29.1561,28.7725,29.3688,29.8161,29.1485,28.8062,28.8369,28.7389
2023-06-18,33,Punta Marina,1,2.0000,25.9357,26.9889,27.5577,26.9316,27.3150,28.4638,26.4097,28.5233,28.3269,28.3500,28.7592,28.6067,28.3528,27.1217,26.8787
2023-06-18,34,Forli,3,27.0000,33.4500,26.9889,27.6593,27.0061,29.0236,28.2992,28.3757,28.4231,28.2672,28.0907,28.5116,28.4107,28.2630,28.2190,28.5348
2023-06-18,35,Cervia,3,6.0000,25.9357,26.9889,28.0652,26.7129,28.8344,28.2559,27.8634,28.3797,27.8174,27.9663,28.8691,28.3794,27.8362,28.1648,28.4431
2023-06-18,36,Rimini,3,12.0000,52.7910,26.9889,26.4329,26.3910,28.0736,28.1372,27.1453,28.0029,27.2714,27.2924,28.3707,27.9488,27.2382,27.6507,27.9086
2023-06-18,37,Torino / Collegno,2,287.0000,74.9769,26.9889,26.5984,25.2570,26.9148,26.8914,26.3467,26.5759,26.4980,26.7379,27.0227,26.6681,26.5301,26.6502,26.6906
2023-06-18,38,Aosta / Pollein,0,546.0000,20.6866,26.9889,27.4269,27.1332,27.2114,27.8310,26.8834,28.1607,27.2653,27.3008,28.4013,28.0940,27.1889,27.7415,27.9592
2023-06-19,0,Grand St. Bernard / Grand Saint Bernard,3,2472.0000,20.6866,8.3594,24.9426,24.8491,26.0269,27.1445,25.3392,25.4305,25.8215,25.5201,25.5821,25.2821,25.7399,25.1238,25.7689
2023-06-19,1,Locarno-Magadino,3,197.0000,62.2060,8.3594,28.2638,26.0395,27.3401,28.9870,26.5218,26.3787,26.4267,26.7330,26.7888,26.4378,26.5358,26.7201,27.2423
2023-06-19,2,Lugano,3,273.0000,46.2864,8.3594,27.2410,26.1218,27.1672,28.9739,26.3759,26.5501,26.5994,26.9569,27.0736,26.5872,26.7074,26.7715,27.2778
2023-06-19,3,Paganella,2,2125.0000,86.1858,8.3594,28.9651,29.1400,29.8447,29.0832,29.3540,29.5566,29.3704,29.4464,29.6271,29.6186,29.4125,29.6385,29.4945
2023-06-19,4,Aviano,3,128.0000,53.5302,8.3594,30.2160,29.2054,29.8884,30.3278,29.4814,30.0276,28.9960,29.5120,30.0401,30.0667,29.0580,30.3637,29.6024
2023-06-19,5,Pian Rosa,4,3480.0000,33.9630,8.3594,25.5123,23.9737,24.8206,27.1951,24.0717,24.1127,24.6223,24.8432,24.6176,24.9786,25.3469,24.1580,24.6015
2023-06-19,6,Torino / Caselle,2,301.0000,62.2905,8.3594,26.5185,25.6823,26.9521,27.7757,25.5823,26.4936,26.9204,27.0467,26.7348,26.5563,26.9327,26.3773,26.8418
2023-06-19,7,Torino / Bric Della Croce,2,709.0000,72.5131,8.3594,27.3590,25.6801,27.1897,27.9568,26.1368,26.3891,26.7811,26.9009,26.5283,26.4658,26.8075,26.5801,27.0175
2023-06-19,8,Novara / Cameri,1,178.0000,49.0769,8.3594,29.2137,26.1992,28.2479,28.2104,27.0605,27.7654,28.3307,28.0301,27.6502,27.8407,28.3814,27.4474,28.0406
2023-06-19,9,Milano / Malpensa,1,234.0000,46.2864,8.3594,27.6723,26.3069,28.2487,28.3383,27.1019,27.8760,28.4624,28.4413,28.0778,27.9432,28.5075,27.4821,28.0832
2023-06-19,10,Bergamo / Orio Al Serio,2,238.0000,41.5983,8.3594,28.8458,27.6626,29.3960,29.2704,28.7993,28.6037,28.8767,28.9665,28.8758,28.6757,28.8886,28.7455,29.1600
2023-06-19,11,Milano / Linate,4,107.0000,41.5983,8.3594,29.0305,27.0671,28.9093,28.8224,28.3382,28.7625,29.2076,29.1498,28.8670,28.7747,29.2304,28.2612,28.7979
2023-06-19,12,Piacenza,2,134.0000,55.9905,8.3594,28.5525,26.7832,27.9876,28.1577,27.4232,27.9021,28.0379,28.1406,27.9665,27.9097,27.9940,27.5144,27.7619
2023-06-19,13,Brescia / Ghedi,2,102.0000,45.8189,8.3594,30.2968,28.5026,30.2667,29.3412,29.5386,29.7330,29.8439,30.0485,30.0013,29.7867,29.8539,29.7354,29.9276
2023-06-19,14,Verona / Rivoltella,2,64.0000,25.9799,8.3594,28.2815,28.6310,29.5100,29.4309,29.1110,29.2501,29.3594,29.3670,29.3264,29.2740,29.3428,29.3066,29.4473
2023-06-19,15,Verona / Villafranca,1,67.0000,25.9799,8.3594,30.9818,29.4965,30.0918,29.8556,30.2062,30.6158,30.0291,30.2564,30.6897,30.6659,30.0308,30.4756,30.1069
2023-06-19,16,Padova,3,13.0000,37.0588,8.3594,30.4170,30.4817,30.8952,30.1180,31.1852,32.0297,31.2529,31.3690,31.6980,31.9624,31.1880,31.7343,31.1007
2023-06-19,17,Treviso / Istrana,1,45.0000,37.0588,8.3594,30.1173,30.2717,30.3875,30.2017,30.8275,31.1540,30.4439,30.4016,31.1340,31.1867,30.4333,31.1907,30.6328
2023-06-19,18,Treviso / S. Angelo,1,18.0000,38.0901,8.3594,30.2096,30.1587,30.3089,30.1497,30.6811,31.3942,30.7205,30.5045,31.2039,31.4355,30.7226,31.2575,30.6900
2023-06-19,19,Venezia / Tessera,1,2.0000,39.4195,8.3594,28.9189,29.4841,29.4693,29.8322,29.0286,30.0821,29.2820,27.9294,28.7280,30.1194,29.2707,29.8565,29.1940
2023-06-19,20,Monte Settepani / Caragna,0,1381.0000,55.2369,8.3594,24.1865,23.8286,23.9378,27.9591,22.5910,24.2474,24.7069,25.2078,24.6729,24.1602,24.7060,23.9570,24.4595
2023-06-19,22,Monte Malanotte,0,1741.0000,85.7364,8.3594,23.9215,24.0623,24.1021,28.1475,23.2148,24.4667,24.9868,24.4231,23.8563,24.3652,24.9802,24.3178,24.8585
2023-06-19,23,Passo Dei Giovi,0,468.0000,24.9535,8.3594,26.5339,24.7558,25.5947,27.6295,24.4580,25.2733,25.6071,25.7616,25.3355,25.1560,25.5739,25.1028,25.5584
2023-06-19,24,Genova / Sestri,1,2.0000,24.9535,8.3594,26.0555,24.4007,26.3723,27.1117,24.2703,25.6442,26.3530,26.2184,25.3491,25.6533,26.3565,25.5882,26.1883
2023-06-19,25,Albenga,0,45.0000,71.3337,8.3594,25.1165,23.6976,24.5495,27.9204,23.6254,24.7020,25.1766,24.9577,24.4073,24.6516,25.1878,24.4713,24.9744
2023-06-19,26,Passo Della Cisa,4,1039.0000,55.9905,8.3594,25.0103,25.8867,26.4293,27.3422,25.2827,26.2776,26.6974,26.6156,26.1022,26.2343,26.6830,26.0077,26.4828
2023-06-19,27,Sarzana / Luni,4,9.0000,94.6868,8.3594,27.6379,25.8094,27.2858,26.9321,26.0791,26.7423,27.1105,26.6988,26.2014,26.7175,27.1022,26.9124,27.3461
2023-06-19,28,Bologna / Borgo Panigale,0,51.0000,41.0210,8.3594,30.1685,28.2752,29.4217,28.7725,29.4560,29.9017,29.2846,29.7180,29.9808,29.9106,29.3312,29.6330,29.1893
2023-06-19,29,Ferrara / Fontana,4,9.0000,39.9528,8.3594,29.1116,29.3065,30.2663,29.2666,29.9692,30.5740,30.2448,30.5019,30.5374,30.5708,30.2386,30.4324,30.2042
2023-06-19,30,Monte Cimone,4,2165.0000,59.3732,8.3594,26.0005,26.1634,26.4814,28.3093,25.8426,26.5617,26.7907,26.8995,26.5525,26.5279,26.7679,26.4321,26.7055
2023-06-19,31,Ferrara,4,10.0000,41.7377,8.3594,29.9697,29.3612,30.2947,29.3122,30.3508,30.6943,30.3504,30.6298,30.6798,30.7021,30.3561,30.4956,30.2552
2023-06-19,32,Bologna / Borgo Panigale,0,36.0000,39.9528,8.3594,30.2981,28.2874,29.3636,28.7612,29.3378,29.8911,29.2700,29.6775,29.9455,29.8988,29.3147,29.6089,29.1602
2023-06-19,33,Punta Marina,1,2.0000,25.9357,8.3594,25.6460,27.1912,26.8989,28.1007,26.5130,27.1327,26.3479,25.6482,26.1358,27.1199,26.2933,27.3049,26.6414
2023-06-19,34,Forli,3,27.0000,33.4500,8.3594,29.2054,27.3892,27.8476,28.3545,28.4288,28.5673,27.7617,28.4237,28.5187,28.5439,27.7491,28.3538,27.6640
2023-06-19,35,Cervia,3,6.0000,25.9357,8.3594,26.5108,26.6425,26.9773,28.4235,27.2594,27.7283,26.8161,26.8923,27.0029,27.6854,26.7755,27.7018,26.8950
2023-06-19,36,Rimini,3,12.0000,52.7910,8.3594,24.9340,25.9480,26.1376,28.6327,26.1136,26.4151,25.4418,25.2454,25.3639,26.4048,25.4369,26.8319,26.0263
2023-06-19,37,Torino / Collegno,2,287.0000,74.9769,8.3594,28.4535,25.8984,28.1126,27.8993,27.4221,26.9996,27.3659,27.5954,27.2722,27.1045,27.4208,27.2781,27.7017
2023-06-19,38,Aosta / Pollein,0,546.0000,20.6866,8.3594,25.6734,24.7510,25.2963,27.2189,24.8022,25.4102,25.5285,25.7833,25.6518,25.2694,25.3903,25.4079,25.8738
2023-06-20,0,Grand St. Bernard / Grand Saint Bernard,3,2472.0000,20.6866,9.8380,23.1799,21.8057,23.8857,25.0603,22.4455,22.6302,23.4402,23.2030,22.2793,22.4709,23.3458,22.1342,23.2991
2023-06-20,1,Locarno-Magadino,3,197.0000,62.2060,9.8380,27.6561,25.7185,26.9899,28.0893,25.1656,25.9660,26.1813,26.5741,26.3478,25.9972,26.2604,26.0823,26.7610
2023-06-20,2,Lugano,3,273.0000,46.2864,9.8380,27.7433,25.7523,27.3682,28.0154,25.6881,26.3311,26.6672,26.8406,26.5175,26.3843,26.7822,26.5490,27.2036
2023-06-20,3,Paganella,2,2125.0000,86.1858,9.8380,27.6170,27.0483,28.7277,27.3468,27.4571,27.4966,28.0181,28.2257,27.6920,27.5719,28.0527,27.6016,28.2613
2023-06-20,4,Aviano,3,128.0000,53.5302,9.8380,27.7515,25.4201,27.1849,27.8070,25.7355,26.1436,26.5415,26.4965,25.7216,26.1709,26.5799,26.3956,26.8217
2023-06-20,5,Pian Rosa,4,3480.0000,33.9630,9.8380,23.8440,22.1715,23.4989,25.1788,21.7675,22.6033,23.7167,23.7403,23.0120,23.3531,24.2707,22.3373,23.4477
2023-06-20,6,Torino / Caselle,2,301.0000,62.2905,9.8380,24.8791,23.7562,25.6463,25.7797,23.5564,24.7612,25.5934,25.8638,25.1411,24.8281,25.5919,24.4698,25.4237
2023-06-20,7,Torino / Bric Della Croce,2,709.0000,72.5131,9.8380,26.1060,23.8321,26.0849,25.9835,24.5056,24.8406,25.6761,25.9990,25.2309,24.9321,25.6968,24.8425,25.7708
2023-06-20,8,Novara / Cameri,1,178.0000,49.0769,9.8380,27.8048,25.6750,27.8622,27.1012,26.4520,27.3287,27.9197,27.8543,27.4049,27.4122,27.9644,26.9984,27.7213
2023-06-20,9,Milano / Malpensa,1,234.0000,46.2864,9.8380,28.3008,25.8174,27.7586,27.2793,26.3335,27.3340,27.9809,28.0464,27.5750,27.4071,28.0198,26.9473,27.6891
2023-06-20,11,Milano / Linate,4,107.0000,41.5983,9.8380,28.0452,26.6417,28.5769,27.8052,27.9547,28.2906,28.8205,28.8261,28.4104,28.3013,28.8471,27.8915,28.5763
2023-06-20,12,Piacenza,2,134.0000,55.9905,9.8380,28.0054,26.4764,28.0166,27.4582,27.3416,27.5144,27.7948,28.0329,27.6517,27.5144,27.7420,27.4564,27.8999
2023-06-20,14,Verona / Rivoltella,2,64.0000,25.9799,9.8380,27.0459,27.3296,29.1773,27.8087,28.3315,28.0902,28.6075,28.6769,28.2294,28.1109,28.5856,28.4193,29.0249
2023-06-20,15,Verona / Villafranca,1,67.0000,25.9799,9.8380,29.5011,27.6475,28.4922,28.1901,28.3470,28.8885,28.6673,29.0555,29.1221,28.9440,28.6960,28.7050,28.6218
2023-06-20,17,Treviso / Istrana,1,45.0000,37.0588,9.8380,28.0287,26.2792,27.8467,27.9817,26.9889,27.3003,28.0098,28.0558,27.2330,27.3391,28.0534,27.2918,27.8292
2023-06-20,18,Treviso / S. Angelo,1,18.0000,38.0901,9.8380,28.0157,26.0771,27.8238,27.9331,26.5703,27.4175,28.1500,27.9524,27.1022,27.4491,28.1859,27.3319,27.9099
2023-06-20,19,Venezia / Tessera,1,2.0000,39.4195,9.8380,25.9480,25.2972,26.4638,27.6194,24.6236,25.6692,26.4900,25.3425,24.3564,25.6978,26.5217,25.5907,26.2426
2023-06-20,21,Mondovi,0,559.0000,72.5131,9.8380,25.1213,22.9851,24.3559,26.1820,23.0788,24.0269,24.6035,24.5994,23.9999,23.8108,24.4833,23.6769,24.3528
2023-06-20,22,Monte Malanotte,0,1741.0000,85.7364,9.8380,24.0112,22.2350,23.1105,26.1713,22.1429,23.2917,23.8608,23.4360,22.8361,23.0539,23.7259,22.7944,23.4611
2023-06-20,23,Passo Dei Giovi,0,468.0000,24.9535,9.8380,25.8264,24.5056,25.4071,26.8224,24.1548,25.0872,25.5327,25.3576,24.8214,24.9538,25.4860,24.8670,25.4028
2023-06-20,24,Genova / Sestri,1,2.0000,24.9535,9.8380,25.9019,24.1505,25.8963,26.3500,23.9898,25.2041,25.7848,25.6065,24.6685,25.2173,25.7820,25.2269,25.8601
2023-06-20,25,Albenga,0,45.0000,71.3337,9.8380,23.2837,22.5790,23.3276,26.2025,21.8989,23.3326,23.9173,23.3006,22.6425,23.3055,23.9531,23.0048,23.6302
2023-06-20,26,Passo Della Cisa,4,1039.0000,55.9905,9.8380,25.5131,25.4950,26.2589,26.6729,25.2065,25.9283,26.3736,26.3221,25.7525,25.8687,26.3485,25.8564,26.3613
2023-06-20,27,Sarzana / Luni,4,9.0000,94.6868,9.8380,26.9349,25.3708,27.1015,26.2558,26.1068,26.5397,26.9840,26.7883,26.1727,26.5076,26.9726,26.5991,27.1036
2023-06-20,28,Bologna / Borgo Panigale,0,51.0000,41.0210,9.8380,27.8444,26.4614,28.3596,27.3441,27.2430,27.7732,28.2487,28.5689,27.7247,27.7828,28.2863,27.6053,28.0655
2023-06-20,29,Ferrara / Fontana,4,9.0000,39.9528,9.8380,28.5884,26.5346,28.2953,27.4127,27.2202,27.8294,28.1007,28.2638,27.7248,27.8217,28.0954,27.7932,28.1810
2023-06-20,30,Monte Cimone,4,2165.0000,59.3732,9.8380,25.2971,25.2261,25.5187,27.1662,24.9907,25.6136,26.0558,26.2931,25.7064,25.5736,26.0367,25.4499,25.8950
2023-06-20,31,Ferrara,4,10.0000,41.7377,9.8380,28.4564,26.5646,28.3348,27.4433,27.7772,27.9415,28.2146,28.3854,27.8459,27.9464,28.2216,27.8400,28.2294
2023-06-20,32,Bologna / Borgo Panigale,0,36.0000,39.9528,9.8380,27.3547,26.4484,28.2756,27.3324,27.1627,27.7446,28.2302,28.5526,27.6983,27.7535,28.2662,27.5474,28.0133
2023-06-20,33,Punta Marina,1,2.0000,25.9357,9.8380,23.9218,23.8394,24.7701,26.2726,22.3818,23.6964,24.7148,23.8279,22.1772,23.6793,24.7066,23.9166,24.6852
2023-06-20,34,Forli,3,27.0000,33.4500,9.8380,27.8961,24.5537,26.1667,26.9196,25.3112,25.4598,25.5705,26.0420,25.1419,25.4505,25.5708,25.5641,25.7061
2023-06-20,35,Cervia,3,6.0000,25.9357,9.8380,24.5863,23.4602,24.9028,26.8519,23.5784,24.0185,24.1690,23.9703,22.9024,23.9966,24.1538,24.3830,24.5194
2023-06-20,36,Rimini,3,12.0000,52.7910,9.8380,23.5798,22.7634,23.7852,27.0686,22.1040,22.9279,23.0445,22.7981,21.9711,22.9249,23.0481,23.3775,23.5166
2023-06-20,37,Torino / Collegno,2,287.0000,74.9769,9.8380,25.9205,23.8061,26.4850,25.8989,25.0819,25.1448,25.9775,26.3651,25.6152,25.2642,26.0263,25.0818,26.0177
2023-06-20,38,Aosta / Pollein,0,546.0000,20.6866,9.8380,24.1008,22.2449,23.4730,25.1481,22.2546,23.2710,23.8067,24.0490,23.5143,23.0784,23.6427,22.9292,23.8916
2023-06-21,0,Grand St. Bernard / Grand Saint Bernard,3,2472.0000,20.6866,17.3252,25.8742,24.2324,26.6634,27.1544,25.7158,25.1066,26.5196,26.2158,25.2819,25.0066,26.4928,24.6375,25.9304
2023-06-21,1,Locarno-Magadino,3,197.0000,62.2060,17.3252,28.4382,27.2194,27.7586,28.6255,27.2676,27.3109,27.3508,27.4348,27.5250,27.3224,27.3689,27.5170,27.6042
2023-06-21,2,Lugano,3,273.0000,46.2864,17.3252,28.5157,27.1797,28.0016,28.6184,27.6449,27.7105,27.7819,27.6441,28.0285,27.7679,27.8549,27.8947,27.9146
2023-06-21,3,Paganella,2,2125.0000,86.1858,17.3252,28.6423,28.8553,29.3954,28.7375,29.3576,28.9792,28.7958,28.7922,29.0424,28.9994,28.8097,29.3242,29.1079
2023-06-21,4,Aviano,3,128.0000,53.5302,17.3252,28.4963,27.4552,28.7611,29.2110,28.0501,27.9092,27.8582,27.6712,27.9571,27.9457,27.8939,28.3573,28.3958
2023-06-21,5,Pian Rosa,4,3480.0000,33.9630,17.3252,25.2050,24.0665,25.3904,27.2412,23.9415,24.4693,25.8412,26.2839,25.1267,25.1022,26.2941,24.2384,25.3874
2023-06-21,6,Torino / Caselle,2,301.0000,62.2905,17.3252,26.5008,24.6544,26.6149,27.6004,25.2594,25.4884,26.2207,26.4992,25.8453,25.5473,26.2200,25.5580,26.2965
2023-06-21,7,Torino / Bric Della Croce,2,709.0000,72.5131,17.3252,27.2559,24.7209,26.7526,27.7292,25.7221,25.9071,26.4745,26.8188,26.3208,26.0081,26.5150,25.7502,26.4176
2023-06-21,8,Novara / Cameri,1,178.0000,49.0769,17.3252,28.2178,26.6379,28.1617,28.4553,27.7236,27.6714,28.0250,28.0312,28.0522,27.6904,28.0759,27.7999,28.1092
2023-06-21,9,Milano / Malpensa,1,234.0000,46.2864,17.3252,28.3929,26.8112,27.8688,28.5117,27.4953,27.7284,28.1403,28.1599,28.1301,27.7463,28.2116,27.6689,27.9467
2023-06-21,10,Bergamo / Orio Al Serio,2,238.0000,41.5983,17.3252,27.9268,28.3253,29.3007,28.5132,28.8593,28.7536,28.4858,28.3704,28.9522,28.8023,28.4713,29.3033,29.2978
2023-06-21,11,Milano / Linate,4,107.0000,41.5983,17.3252,28.4904,27.9181,28.5218,28.7231,28.5042,29.0640,28.7197,28.8740,29.5046,29.0729,28.7607,28.9327,28.7504
2023-06-21,12,Piacenza,2,134.0000,55.9905,17.3252,27.3943,27.6471,28.4414,28.0878,28.3197,28.8502,28.4289,28.3711,29.0568,28.8669,28.3767,28.4786,28.4138
2023-06-21,13,Brescia / Ghedi,2,102.0000,45.8189,17.3252,28.3575,29.0328,29.4951,28.5520,29.3839,29.7312,29.1164,29.0751,29.9225,29.7796,29.1150,29.8701,29.6269
2023-06-21,14,Verona / Rivoltella,2,64.0000,25.9799,17.3252,28.2032,28.8858,29.0593,28.7145,29.3566,29.0705,28.1880,28.0139,29.1222,29.0745,28.1336,29.6482,29.2694
2023-06-21,15,Verona / Villafranca,1,67.0000,25.9799,17.3252,28.5379,29.0604,28.9738,29.0374,29.9079,29.8964,29.1698,29.2442,30.0433,29.9033,29.1614,29.8174,29.0894
2023-06-21,16,Padova,3,13.0000,37.0588,17.3252,28.4509,28.0493,29.3352,28.9049,29.2602,29.4574,29.2901,29.4246,29.8260,29.4109,29.2429,29.2882,29.1996
2023-06-21,17,Treviso / Istrana,1,45.0000,37.0588,17.3252,29.4600,27.9743,28.7224,29.0953,29.2279,28.9223,28.5237,28.6209,29.1058,28.9409,28.5228,29.1011,28.7078
2023-06-21,18,Treviso / S. Angelo,1,18.0000,38.0901,17.3252,28.6848,27.7483,28.5857,29.0446,28.9764,29.2794,28.9284,28.8770,29.3057,29.3322,28.9663,29.0524,28.6688
2023-06-21,19,Venezia / Tessera,1,2.0000,39.4195,17.3252,28.3367,26.8869,27.2427,28.6671,26.9752,27.8948,27.5081,26.9766,27.4217,27.9530,27.5479,27.2329,26.8091
2023-06-21,20,Monte Settepani / Caragna,0,1381.0000,55.2369,17.3252,23.2510,22.8536,22.8847,27.6713,22.3992,23.9723,24.1333,23.8914,24.6535,23.8476,24.1135,23.0651,23.3382
2023-06-21,22,Monte Malanotte,0,1741.0000,85.7364,17.3252,24.3936,22.6059,22.7206,27.8836,22.4778,23.9609,24.3326,23.9787,24.5369,23.8104,24.2900,22.9154,23.3497
2023-06-21,23,Passo Dei Giovi,0,468.0000,24.9535,17.3252,25.9293,24.8734,25.2345,27.4930,25.0787,26.3788,26.0354,25.9983,27.2728,26.2210,25.9655,25.4092,25.3285
2023-06-21,24,Genova / Sestri,1,2.0000,24.9535,17.3252,25.3291,24.2359,25.7955,26.7105,25.3563,25.4466,25.2008,24.8623,25.1509,25.5209,25.1760,25.5011,25.7151
2023-06-21,25,Albenga,0,45.0000,71.3337,17.3252,23.3524,22.5722,22.9890,27.6062,22.6126,23.5924,23.7671,23.6876,24.4201,23.4946,23.7690,23.1469,23.4411
2023-06-21,27,Sarzana / Luni,4,9.0000,94.6868,17.3252,25.8455,25.0312,26.0785,26.3115,25.9465,26.3122,25.7227,25.9603,26.7822,26.2824,25.7149,26.3161,26.0654
2023-06-21,28,Bologna / Borgo Panigale,0,51.0000,41.0210,17.3252,28.3593,26.9478,28.1260,28.1621,28.2351,28.4008,27.7635,27.8138,28.6062,28.3946,27.8125,28.1369,27.7709
2023-06-21,30,Monte Cimone,4,2165.0000,59.3732,17.3252,24.8178,25.1632,24.8370,27.7864,24.7690,26.2235,25.7544,25.7920,26.4797,26.1824,25.7199,25.4040,25.1217
2023-06-21,31,Ferrara,4,10.0000,41.7377,17.3252,28.7998,27.4892,28.1466,28.4138,28.6265,28.8251,28.3414,28.5756,29.1623,28.8247,28.3484,28.4523,28.1037
2023-06-21,32,Bologna / Borgo Panigale,0,36.0000,39.9528,17.3252,28.2620,26.9372,28.0506,28.1546,28.1849,28.3737,27.7480,27.8001,28.5832,28.3683,27.7965,28.0848,27.7220
2023-06-21,33,Punta Marina,1,2.0000,25.9357,17.3252,23.7477,24.6063,24.3443,27.3077,23.6420,24.7713,24.1222,23.3059,23.6007,24.7916,24.1040,24.6831,24.1543
2023-06-21,34,Forli,3,27.0000,33.4500,17.3252,26.6146,25.1848,26.3423,27.5669,26.6266,26.5105,25.8566,26.3097,26.8563,26.4836,25.8371,26.2445,25.9095
2023-06-21,35,Cervia,3,6.0000,25.9357,17.3252,23.7459,24.0778,25.0075,27.5465,24.4952,24.9383,24.2002,24.3400,24.9137,24.9158,24.1839,25.0667,24.6838
2023-06-21,36,Rimini,3,12.0000,52.7910,17.3252,22.9750,23.0778,23.8087,27.6088,23.1626,23.3714,22.5796,22.4390,23.0623,23.3654,22.5816,23.8863,23.5115
2023-06-21,37,Torino / Collegno,2,287.0000,74.9769,17.3252,27.1896,24.6768,26.9027,27.6786,25.9306,25.8684,26.5232,26.8959,26.3030,25.9565,26.5516,25.7954,26.5025
2023-06-21,38,Aosta / Pollein,0,546.0000,20.6866,17.3252,26.9898,24.2473,25.8708,27.2085,25.4099,25.3618,26.0056,26.6335,26.4309,25.1803,25.8559,25.2477,26.1659
2023-06-22,0,Grand St. Bernard / Grand Saint Bernard,3,2472.0000,20.6866,5.0237,27.7460,27.8013,28.4692,28.9111,29.2275,28.7296,28.1025,27.8959,28.6683,28.5521,27.9876,28.1607,28.0325
2023-06-22,1,Locarno-Magadino,3,197.0000,62.2060,5.0237,29.9919,29.2811,30.3597,31.6059,30.4344,29.7405,29.6276,29.6803,30.0401,29.8092,29.7862,29.9053,30.1738
2023-06-22,2,Lugano,3,273.0000,46.2864,5.0237,30.1273,29.2640,30.6670,31.5768,30.6461,29.8495,29.7380,29.8170,30.2025,29.9077,29.8847,30.2493,30.5149
2023-06-22,3,Paganella,2,2125.0000,86.1858,5.0237,30.9998,29.9620,30.2203,30.4677,30.5219,30.2563,29.8839,29.4524,30.1083,30.3154,29.9283,30.3789,30.1213
2023-06-22,4,Aviano,3,128.0000,53.5302,5.0237,29.0595,27.9437,29.1894,29.5629,28.8240,28.8753,28.2466,28.3046,29.1586,28.9218,28.3095,29.1899,28.7627
2023-06-22,5,Pian Rosa,4,3480.0000,33.9630,5.0237,29.3253,28.2099,28.3960,29.0004,28.0997,28.4999,28.1704,28.1370,28.4046,29.4490,29.0559,28.4175,28.2100
2023-06-22,6,Torino / Caselle,2,301.0000,62.2905,5.0237,28.5585,27.8088,28.7987,29.1646,28.9327,28.7182,28.6951,28.9691,29.0692,28.8036,28.7053,28.7308,28.8290
2023-06-22,7,Torino / Bric Della Croce,2,709.0000,72.5131,5.0237,29.2378,27.7615,29.1900,29.2356,29.3071,28.8914,28.9360,29.1796,29.2377,29.0083,28.9786,28.9961,29.1189
2023-06-22,8,Novara / Cameri,1,178.0000,49.0769,5.0237,31.7030,29.0331,30.8462,30.5840,30.7832,30.9217,30.9936,31.1557,31.3462,31.0060,31.0572,30.6121,30.7230
2023-06-22,9,Milano / Malpensa,1,234.0000,46.2864,5.0237,31.3089,29.2480,30.8011,30.7647,30.8141,31.0397,31.1047,31.2526,31.4484,31.1194,31.1652,30.6559,30.7510
2023-06-22,10,Bergamo / Orio Al Serio,2,238.0000,41.5983,5.0237,31.1627,30.1650,31.5753,31.7414,31.8114,31.4689,31.5144,31.4796,31.7217,31.5673,31.5521,31.3720,31.4953
2023-06-22,11,Milano / Linate,4,107.0000,41.5983,5.0237,31.5026,29.6764,31.2857,31.5307,31.4157,31.3793,31.4363,31.4715,31.6566,31.3966,31.4712,31.0617,31.2083
2023-06-22,12,Piacenza,2,134.0000,55.9905,5.0237,30.9003,29.2706,30.9213,30.9529,30.5460,30.3198,30.6160,30.7005,30.6423,30.3205,30.5618,30.3165,30.6143
2023-06-22,13,Brescia / Ghedi,2,102.0000,45.8189,5.0237,31.4873,30.6025,32.0762,31.4571,32.3649,32.1276,31.9359,31.5114,31.9658,32.1910,31.9558,31.9701,31.9066
2023-06-22,14,Verona / Rivoltella,2,64.0000,25.9799,5.0237,29.2024,30.2072,31.1038,31.1960,31.4887,31.0376,30.6290,30.3791,31.0689,31.0614,30.6132,31.3129,31.1002
2023-06-22,15,Verona / Villafranca,1,67.0000,25.9799,5.0237,30.7405,30.6525,30.7342,30.9445,31.6771,31.6963,31.0207,31.0469,31.8204,31.7643,31.0620,31.5202,30.9461
2023-06-22,17,Treviso / Istrana,1,45.0000,37.0588,5.0237,29.4372,28.5988,29.3801,29.8296,30.2145,29.8101,29.6218,29.5217,29.9807,29.8496,29.6493,29.8696,29.5767
2023-06-22,18,Treviso / S. Angelo,1,18.0000,38.0901,5.0237,29.7599,28.3777,28.9097,29.7108,29.6064,29.8143,29.6301,29.4292,29.8830,29.8737,29.6787,29.6045,29.2971
2023-06-22,19,Venezia / Tessera,1,2.0000,39.4195,5.0237,26.1942,27.2068,26.8424,29.2642,27.8576,27.7254,27.4662,26.7063,27.2599,27.7685,27.4960,27.4403,27.0480
2023-06-22,20,Monte Settepani / Caragna,0,1381.0000,55.2369,5.0237,27.1802,26.4785,27.1013,29.5286,26.8743,27.2753,27.6331,27.3901,27.4744,27.0454,27.4927,27.0056,27.4872
2023-06-22,21,Mondovi,0,559.0000,72.5131,5.0237,27.3359,27.0279,27.8780,29.2608,27.8381,27.8007,28.0397,27.8561,27.9923,27.6317,27.9552,27.7673,28.1615
2023-06-22,22,Monte Malanotte,0,1741.0000,85.7364,5.0237,27.2769,26.8724,26.8284,29.2428,27.1905,27.2449,27.5006,26.6782,26.8070,27.1177,27.4635,27.1976,27.6051
2023-06-22,23,Passo Dei Giovi,0,468.0000,24.9535,5.0237,28.8497,27.2864,28.7689,30.2170,28.0324,28.1915,28.6582,28.3321,28.3576,27.9516,28.5094,27.9992,28.5650
2023-06-22,24,Genova / Sestri,1,2.0000,24.9535,5.0237,29.5655,26.8474,29.1467,29.5785,28.4133,28.7428,29.2161,29.0680,28.7599,28.7827,29.2526,28.5139,28.8752
2023-06-22,25,Albenga,0,45.0000,71.3337,5.0237,26.7345,26.3448,27.1492,29.3298,26.9922,27.2553,27.6030,27.1301,27.2191,27.1842,27.6002,27.1184,27.5878
2023-06-22,26,Passo Della Cisa,4,1039.0000,55.9905,5.0237,29.5091,28.4641,28.8539,29.9580,28.8132,28.8762,29.0044,28.6382,28.7910,28.8227,28.9838,28.8067,28.9514
2023-06-22,27,Sarzana / Luni,4,9.0000,94.6868,5.0237,30.2426,27.7846,29.2705,29.4461,29.4048,29.2252,29.3323,29.0781,29.2413,29.2200,29.3513,29.1961,29.3295
2023-06-22,28,Bologna / Borgo Panigale,0,51.0000,41.0210,5.0237,30.9806,29.4961,30.5419,30.0319,31.2231,31.1357,30.5478,30.6928,31.5040,31.1440,30.5821,30.8614,30.3707
2023-06-22,29,Ferrara / Fontana,4,9.0000,39.9528,5.0237,29.6874,29.5002,30.3877,29.7514,30.8730,30.8445,30.3143,30.5436,31.2282,30.8482,30.3235,30.7843,30.3292
2023-06-22,30,Monte Cimone,4,2165.0000,59.3732,5.0237,28.6137,28.5151,28.0987,30.1200,28.3319,28.7679,28.6340,28.2454,28.6435,28.7360,28.6099,28.6344,28.5582
2023-06-22,31,Ferrara,4,10.0000,41.7377,5.0237,30.0080,29.5205,30.2815,29.7814,30.8911,30.8780,30.3396,30.5357,31.2266,30.8906,30.3591,30.7375,30.2755
2023-06-22,32,Bologna / Borgo Panigale,0,36.0000,39.9528,5.0237,31.3455,29.4954,30.4643,30.0082,31.0571,31.1185,30.5239,30.6606,31.4790,31.1260,30.5568,30.8242,30.3258
2023-06-22,33,Punta Marina,1,2.0000,25.9357,5.0237,24.9327,27.1188,26.8496,27.9664,27.3685,27.0836,26.5230,25.8027,26.5602,27.0709,26.5123,27.2561,26.4756
2023-06-22,34,Forli,3,27.0000,33.4500,5.0237,29.1969,27.9860,28.5055,28.9717,29.6345,29.5322,28.4369,28.9399,30.0029,29.5029,28.4205,29.3647,28.4505
2023-06-22,35,Cervia,3,6.0000,25.9357,5.0237,27.8444,27.0757,27.0815,28.7637,28.0065,27.9050,26.6233,27.1403,28.3391,27.8734,26.5955,28.2915,27.2188
2023-06-22,36,Rimini,3,12.0000,52.7910,5.0237,23.7525,26.0984,25.6904,28.9824,26.3137,26.4479,25.1147,25.3093,26.5582,26.4407,25.1130,26.8714,25.8051
2023-06-22,38,Aosta / Pollein,0,546.0000,20.6866,5.0237,27.7518,27.7503,28.1360,28.9445,29.0981,28.7682,28.4116,28.6113,28.8743,28.6026,28.2335,28.6185,28.7447
2023-06-23,0,Grand St. Bernard / Grand Saint Bernard,3,2472.0000,20.6866,9.6604,30.2719,29.8809,31.0310,31.6280,31.9127,30.9516,30.7030,30.6193,31.1649,30.7208,30.5759,30.3011,30.4358
2023-06-23,1,Locarno-Magadino,3,197.0000,62.2060,9.6604,31.3860,29.7478,30.2302,32.1464,30.7970,29.9096,29.7775,29.8082,30.2392,29.9610,29.8971,30.2848,30.3587
2023-06-23,2,Lugano,3,273.0000,46.2864,9.6604,30.3577,29.6341,30.5529,32.0768,31.1953,30.1160,29.9440,30.1400,30.7916,30.1879,30.1103,30.5788,30.6407
2023-06-23,3,Paganella,2,2125.0000,86.1858,9.6604,28.7093,30.0694,30.2906,29.7810,31.1663,30.3577,30.0169,30.0356,30.5003,30.3962,30.0348,30.4739,30.0635
2023-06-23,5,Pian Rosa,4,3480.0000,33.9630,9.6604,30.1168,29.3302,30.2377,31.6877,30.3548,29.5795,29.7861,29.8370,29.8926,30.7902,30.8171,29.5832,29.6920
2023-06-23,6,Torino / Caselle,2,301.0000,62.2905,9.6604,31.6126,30.6362,31.6528,32.0821,31.9825,31.6820,31.5829,31.7454,32.1207,31.7697,31.6001,31.6293,31.6627
2023-06-23,7,Torino / Bric Della Croce,2,709.0000,72.5131,9.6604,31.9594,30.5007,31.9657,32.2040,32.3330,31.8956,31.7655,31.8122,32.2495,32.0438,31.8407,31.8617,31.8577
2023-06-23,8,Novara / Cameri,1,178.0000,49.0769,9.6604,32.7346,30.5860,32.9323,32.1019,32.9784,32.7320,32.8781,32.9835,33.1401,32.7999,32.9446,32.5249,32.6228
2023-06-23,9,Milano / Malpensa,1,234.0000,46.2864,9.6604,32.6579,30.5642,32.2152,32.1140,32.5336,32.3185,32.4805,32.7078,32.8573,32.3875,32.5529,32.0231,32.1135
2023-06-23,10,Bergamo / Orio Al Serio,2,238.0000,41.5983,9.6604,31.7524,30.0346,32.1276,31.3782,33.0731,31.5286,31.5021,31.7893,32.0927,31.6418,31.5487,31.7865,31.7316
2023-06-23,12,Piacenza,2,134.0000,55.9905,9.6604,31.1552,29.0971,30.7791,30.4480,30.9535,30.6236,30.6872,30.7239,30.9449,30.6206,30.6192,30.4811,30.4231
2023-06-23,13,Brescia / Ghedi,2,102.0000,45.8189,9.6604,31.8747,30.7151,32.2827,30.9609,32.8425,32.2614,31.9120,32.0356,32.6207,32.3337,31.9290,32.2617,31.9797
2023-06-23,14,Verona / Rivoltella,2,64.0000,25.9799,9.6604,28.5313,30.3804,31.0083,30.6842,31.7368,31.0492,30.4592,30.3036,31.1366,31.0735,30.4228,31.3589,30.9722
2023-06-23,15,Verona / Villafranca,1,67.0000,25.9799,9.6604,31.5600,31.2051,30.7141,30.6097,32.3631,32.4667,30.9521,31.2439,32.6847,32.5127,30.9428,32.1644,30.9484
2023-06-23,16,Padova,3,13.0000,37.0588,9.6604,30.3368,30.2441,30.5657,30.4554,31.4910,31.6381,30.6029,30.7414,31.9978,31.5891,30.5755,31.4343,30.6369
2023-06-23,18,Treviso / S. Angelo,1,18.0000,38.0901,9.6604,31.3424,29.5905,29.8390,30.5039,31.2337,31.3757,30.0651,30.0059,31.3327,31.4269,30.0775,31.2065,30.0434
2023-06-23,19,Venezia / Tessera,1,2.0000,39.4195,9.6604,28.1719,28.5123,27.8831,30.1799,28.7627,29.4983,28.1204,27.4548,28.8452,29.5728,28.1595,28.8906,27.5735
2023-06-23,20,Monte Settepani / Caragna,0,1381.0000,55.2369,9.6604,27.3743,27.7096,27.6164,31.6926,28.0995,28.6958,28.7137,28.7265,29.1653,28.4643,28.5675,28.1743,28.2617
2023-06-23,21,Mondovi,0,559.0000,72.5131,9.6604,29.0272,28.9772,29.4210,32.3237,29.9160,29.9723,29.9546,30.0360,30.4955,29.8058,29.8720,29.7544,29.8730
2023-06-23,22,Monte Malanotte,0,1741.0000,85.7364,9.6604,28.8450,28.1897,27.8749,32.3195,28.8628,29.2423,29.2321,29.0064,29.4594,29.0217,29.0960,28.6668,28.7806
2023-06-23,23,Passo Dei Giovi,0,468.0000,24.9535,9.6604,29.5638,27.6641,28.4312,30.3197,28.5273,28.5780,28.6553,28.3106,28.7178,28.3497,28.5178,28.3770,28.4336
2023-06-23,24,Genova / Sestri,1,2.0000,24.9535,9.6604,28.7766,27.2145,29.1905,29.5248,28.8407,28.5922,28.9807,28.8154,28.5896,28.5884,28.9795,28.8087,28.9966
2023-06-23,25,Albenga,0,45.0000,71.3337,9.6604,28.1444,27.7668,28.1317,31.7159,28.5617,29.0118,29.0280,28.8896,29.3205,28.9068,29.0035,28.6684,28.7588
2023-06-23,26,Passo Della Cisa,4,1039.0000,55.9905,9.6604,27.9914,27.3159,27.5190,29.3754,27.9891,28.0367,27.8555,27.8101,28.3210,27.9696,27.8190,27.8705,27.6314
2023-06-23,27,Sarzana / Luni,4,9.0000,94.6868,9.6604,28.1893,26.7729,27.6251,28.7650,28.2716,27.8445,27.5616,27.2986,27.8868,27.8072,27.5495,28.1845,27.8723
2023-06-23,28,Bologna / Borgo Panigale,0,51.0000,41.0210,9.6604,30.4216,29.9395,30.7430,29.5863,31.7554,31.7528,30.8496,30.9520,32.0651,31.7638,30.8838,31.5455,30.5654
2023-06-23,29,Ferrara / Fontana,4,9.0000,39.9528,9.6604,30.3493,30.2850,30.3281,29.7870,31.7786,31.6585,30.2782,30.4719,31.9789,31.6534,30.2715,31.6122,30.4572
2023-06-23,31,Ferrara,4,10.0000,41.7377,9.6604,30.5139,30.3124,30.3754,29.8190,32.0349,31.7105,30.3420,30.5319,32.0260,31.7133,30.3452,31.6572,30.5045
2023-06-23,32,Bologna / Borgo Panigale,0,36.0000,39.9528,9.6604,30.2186,29.9407,30.6663,29.5624,32.0091,31.7352,30.8242,30.9288,32.0492,31.7465,30.8581,31.5049,30.5157
2023-06-23,33,Punta Marina,1,2.0000,25.9357,9.6604,24.0906,27.2442,25.6899,28.5129,26.7059,27.1291,25.3803,24.7174,26.3510,27.1205,25.3855,27.3494,25.4502
2023-06-23,34,Forli,3,27.0000,33.4500,9.6604,28.6605,28.3418,27.8557,28.7872,29.8622,29.3059,27.3038,27.7004,29.5670,29.3123,27.3341,29.5771,27.9963
2023-06-23,35,Cervia,3,6.0000,25.9357,9.6604,25.5182,26.9314,26.0979,28.8587,27.6683,27.4175,25.1499,25.1814,27.2394,27.3995,25.1391,28.0648,26.3353
2023-06-23,36,Rimini,3,12.0000,52.7910,9.6604,23.8053,25.9832,25.0775,29.0480,26.0476,26.1524,24.4251,24.2651,25.8403,26.1499,24.4104,26.8846,25.1762
2023-06-23,37,Torino / Collegno,2,287.0000,74.9769,9.6604,32.6755,30.7897,32.2229,32.1668,32.8216,32.3280,32.1982,32.3246,32.7356,32.4538,32.2534,32.1263,32.1247
2023-06-23,38,Aosta / Pollein,0,546.0000,20.6866,9.6604,30.6034,29.9361,30.0146,31.6836,30.9971,30.6716,30.3325,30.2051,30.8560,30.5503,30.1772,30.6853,30.8611
2023-06-24,0,Grand St. Bernard / Grand Saint Bernard,3,2472.0000,20.6866,8.3722,25.5478,26.5929,27.5336,29.5665,28.1693,27.3787,27.2194,27.4176,27.8559,27.2127,27.1521,26.9594,26.9345
2023-06-24,1,Locarno-Magadino,3,197.0000,62.2060,8.3722,30.8745,28.3359,29.2046,31.4367,29.6951,28.6159,28.4509,28.3325,28.9439,28.6963,28.6137,29.0418,29.2149
2023-06-24,2,Lugano,3,273.0000,46.2864,8.3722,29.7888,28.1140,29.2244,31.3648,29.6878,28.6076,28.4636,28.3795,29.2028,28.6909,28.6543,29.0861,29.2907
2023-06-24,3,Paganella,2,2125.0000,86.1858,8.3722,28.6903,27.9142,28.6197,28.5762,28.9438,28.4641,28.4785,28.4354,28.6740,28.5292,28.5067,28.4132,28.4375
2023-06-24,4,Aviano,3,128.0000,53.5302,8.3722,29.6768,28.2362,29.4258,29.5244,29.5987,29.3274,28.8083,28.9747,29.7259,29.3671,28.8564,29.7452,29.3186
2023-06-24,5,Pian Rosa,4,3480.0000,33.9630,8.3722,25.6749,26.1719,26.5565,29.6202,26.6357,26.3197,26.3914,26.4819,26.6388,27.3999,27.3636,26.3736,26.2859
2023-06-24,6,Torino / Caselle,2,301.0000,62.2905,8.3722,29.0623,28.6955,29.7903,29.4422,29.8903,29.9027,29.7882,29.9701,30.3358,30.0026,29.8146,29.8028,29.7057
2023-06-24,7,Torino / Bric Della Croce,2,709.0000,72.5131,8.3722,28.4996,28.4055,29.6935,29.3972,30.3077,29.6335,29.4758,29.4768,29.8890,29.7607,29.5266,29.7163,29.5839
2023-06-24,8,Novara / Cameri,1,178.0000,49.0769,8.3722,31.7514,29.1488,31.2437,30.4873,31.4664,31.3253,31.3103,31.4449,31.7554,31.4122,31.3715,31.0298,31.1016
2023-06-24,9,Milano / Malpensa,1,234.0000,46.2864,8.3722,31.2273,29.1534,30.9659,30.6507,31.0429,31.0296,31.1544,31.5024,31.6889,31.1022,31.2076,30.7386,30.9085
2023-06-24,10,Bergamo / Orio Al Serio,2,238.0000,41.5983,8.3722,30.7888,28.3934,31.0133,31.0359,31.4455,30.0322,30.2696,30.3814,30.5386,30.1609,30.3090,30.2904,30.5780
2023-06-24,11,Milano / Linate,4,107.0000,41.5983,8.3722,30.8791,28.7914,31.2010,31.0331,31.4716,31.1729,31.5671,31.4181,31.5177,31.1974,31.6097,30.6656,31.0255
2023-06-24,12,Piacenza,2,134.0000,55.9905,8.3722,29.9336,27.9543,29.7281,30.0024,29.7949,29.3795,29.4978,29.3725,29.6035,29.3758,29.4113,29.3416,29.4284
2023-06-24,13,Brescia / Ghedi,2,102.0000,45.8189,8.3722,32.5262,28.9721,31.5545,30.4457,31.5889,30.9579,31.0964,31.3745,31.5963,31.0539,31.1218,30.8993,31.0624
2023-06-24,14,Verona / Rivoltella,2,64.0000,25.9799,8.3722,28.2349,28.5456,30.2156,30.0899,30.3408,29.2816,29.4512,29.3022,29.5466,29.3039,29.4036,29.8263,30.0023
2023-06-24,15,Verona / Villafranca,1,67.0000,25.9799,8.3722,31.7420,29.3702,31.0507,30.1137,31.6920,31.4373,31.1489,31.4233,31.7657,31.5138,31.1900,31.1272,30.9062
2023-06-24,16,Padova,3,13.0000,37.0588,8.3722,29.9609,28.7636,29.9290,29.5517,30.3377,30.6060,30.1411,30.3116,30.9600,30.5240,30.0671,30.3691,29.9562
2023-06-24,17,Treviso / Istrana,1,45.0000,37.0588,8.3722,29.5838,28.5583,29.6131,29.5812,30.1490,30.0428,29.8909,29.7808,30.1093,30.1008,29.9262,29.9281,29.7353
2023-06-24,19,Venezia / Tessera,1,2.0000,39.4195,8.3722,26.6180,27.1100,27.4734,29.0809,27.2611,27.4697,27.2414,26.5061,26.8860,27.5006,27.2442,27.5009,27.2288
2023-06-24,20,Monte Settepani / Caragna,0,1381.0000,55.2369,8.3722,24.5298,25.3629,24.8249,29.2894,25.5332,26.1654,25.5490,25.2173,26.2873,25.9579,25.3909,25.8099,25.4829
2023-06-24,21,Mondovi,0,559.0000,72.5131,8.3722,27.0002,26.3124,26.1712,29.2504,27.2130,27.3395,26.5978,26.4513,27.6043,27.1329,26.4476,27.0946,26.6632
2023-06-24,22,Monte Malanotte,0,1741.0000,85.7364,8.3722,24.4355,24.9886,24.2213,29.2215,25.6798,25.9284,25.2041,24.4589,25.6013,25.7123,25.0331,25.5079,25.0902
2023-06-24,24,Genova / Sestri,1,2.0000,24.9535,8.3722,26.9079,25.6663,27.1042,28.5293,27.2002,27.3675,27.1019,27.1077,27.4841,27.4067,27.1166,27.2323,27.0247
2023-06-24,25,Albenga,0,45.0000,71.3337,8.3722,26.2654,25.5200,25.3092,29.0948,26.2975,26.9371,26.3157,26.1274,27.1900,26.8473,26.3019,26.2645,25.9234
2023-06-24,26,Passo Della Cisa,4,1039.0000,55.9905,8.3722,27.6623,26.1006,26.9636,28.7631,27.6239,26.8982,26.9370,26.7388,27.0495,26.7906,26.8620,26.8936,26.9187
2023-06-24,27,Sarzana / Luni,4,9.0000,94.6868,8.3722,27.5590,25.7008,27.4115,28.1099,28.0111,27.1204,27.0806,27.1585,27.5056,27.1047,27.0895,27.4375,27.4011
2023-06-24,28,Bologna / Borgo Panigale,0,51.0000,41.0210,8.3722,30.8539,28.8563,30.0483,28.9727,30.8650,30.6804,29.9266,30.1680,31.1193,30.6921,30.0110,30.4733,29.8750
2023-06-24,29,Ferrara / Fontana,4,9.0000,39.9528,8.3722,30.1234,28.9434,30.2424,29.2170,31.0866,30.5035,30.0016,30.1260,30.8133,30.4845,29.9789,30.6012,30.1683
2023-06-24,30,Monte Cimone,4,2165.0000,59.3732,8.3722,24.2062,25.6786,25.5608,28.7813,26.1351,26.5742,26.5851,26.5773,26.8790,26.5133,26.5372,26.0448,25.9607
2023-06-24,31,Ferrara,4,10.0000,41.7377,8.3722,30.7061,28.9610,30.0941,29.2551,31.1191,30.4944,29.9949,30.1275,30.8126,30.4893,29.9873,30.5128,30.0803
2023-06-24,32,Bologna / Borgo Panigale,0,36.0000,39.9528,8.3722,30.6787,28.8557,29.9690,28.9497,31.0954,30.6497,29.8983,30.1398,31.0885,30.6612,29.9811,30.4227,29.8205
2023-06-24,33,Punta Marina,1,2.0000,25.9357,8.3722,22.3754,25.8572,25.5405,27.5386,25.8006,25.6485,24.8746,24.0183,24.4768,25.6293,24.8630,26.0067,25.2162
2023-06-24,34,Forli,3,27.0000,33.4500,8.3722,28.4353,27.0493,26.6147,28.1650,28.7061,28.2810,26.4721,26.9300,28.6363,28.2795,26.4842,28.3447,26.9851
2023-06-24,35,Cervia,3,6.0000,25.9357,8.3722,24.9237,25.6079,24.8369,28.1801,26.8920,26.2790,24.1184,24.3633,26.3519,26.2519,24.0922,26.9326,25.3505
2023-06-24,37,Torino / Collegno,2,287.0000,74.9769,8.3722,28.9950,28.6926,30.2229,29.3800,30.9302,30.0332,29.8834,30.1088,30.4940,30.1620,29.9390,30.1591,30.0253
2023-06-24,38,Aosta / Pollein,0,546.0000,20.6866,8.3722,28.4642,27.0840,26.2880,29.5568,28.4886,27.8541,26.5523,26.4516,28.0410,27.7239,26.3648,27.8994,27.1539
2023-06-25,0,Grand St. Bernard / Grand Saint Bernard,3,2472.0000,20.6866,4.1994,25.5462,25.4872,26.9912,27.6653,27.3389,26.3577,26.4528,26.3825,25.5145,26.1891,26.3613,25.9083,26.3218
2023-06-25,1,Locarno-Magadino,3,197.0000,62.2060,4.1994,28.4438,26.9945,27.4546,29.6965,27.8388,27.3190,27.1318,26.9782,27.2338,27.3848,27.2592,27.5387,27.6452
2023-06-25,2,Lugano,3,273.0000,46.2864,4.1994,28.3994,26.9939,27.8615,29.6855,28.4614,27.8785,27.6706,27.7113,28.0560,27.9166,27.7852,27.9283,28.0470
2023-06-25,3,Paganella,2,2125.0000,86.1858,4.1994,28.1350,29.4723,29.8641,29.1052,30.2823,29.7804,29.2985,29.0425,29.8643,29.8424,29.3337,30.0391,29.6613
2023-06-25,5,Pian Rosa,4,3480.0000,33.9630,4.1994,24.5741,24.8014,25.3615,27.7521,24.6936,25.0447,25.3014,25.0359,24.5925,25.9055,26.0543,25.0045,25.3086
2023-06-25,6,Torino / Caselle,2,301.0000,62.2905,4.1994,27.1480,27.0962,28.0105,28.2849,27.6802,28.0498,28.0522,28.3888,28.3961,28.1482,28.0778,27.9282,28.0760
2023-06-25,7,Torino / Bric Della Croce,2,709.0000,72.5131,4.1994,29.2635,27.0769,29.0464,28.4571,29.4656,28.8323,28.8072,29.3917,29.5097,29.0108,28.9129,28.6704,28.7894
2023-06-25,8,Novara / Cameri,1,178.0000,49.0769,4.1994,29.0393,27.4368,29.6264,29.0481,29.4287,29.2692,29.2952,29.4874,29.6376,29.3133,29.2972,29.1980,29.4415
2023-06-25,9,Milano / Malpensa,1,234.0000,46.2864,4.1994,29.2744,27.5701,29.5640,29.1652,29.2780,29.4270,29.5031,29.7938,29.8971,29.4917,29.5307,29.1647,29.4375
2023-06-25,10,Bergamo / Orio Al Serio,2,238.0000,41.5983,4.1994,30.4503,28.2629,29.9403,29.9016,30.3282,29.5412,29.3662,29.4014,29.9603,29.6448,29.3874,29.7344,29.7237
2023-06-25,11,Milano / Linate,4,107.0000,41.5983,4.1994,30.1249,28.0501,30.2894,29.5462,30.6822,30.4369,30.6232,30.6759,30.7879,30.4631,30.6710,29.8172,30.0967
2023-06-25,12,Piacenza,2,134.0000,55.9905,4.1994,29.2017,27.5871,28.4356,28.6864,28.8719,28.8887,28.6334,28.5547,29.1411,28.9138,28.5802,28.4691,28.3190
2023-06-25,13,Brescia / Ghedi,2,102.0000,45.8189,4.1994,31.5849,29.2994,30.9449,30.0655,31.3033,31.1568,30.7097,30.7245,31.5562,31.2601,30.7513,30.9614,30.6831
2023-06-25,15,Verona / Villafranca,1,67.0000,25.9799,4.1994,30.8565,30.0634,31.1416,30.5452,31.2882,31.6149,31.1368,31.1334,31.9758,31.6879,31.1616,31.4257,31.0734
2023-06-25,16,Padova,3,13.0000,37.0588,4.1994,31.6829,30.5611,31.6238,30.7646,32.6110,32.5752,31.7405,31.7326,32.8704,32.4844,31.6597,32.1895,31.6225
2023-06-25,17,Treviso / Istrana,1,45.0000,37.0588,4.1994,31.0683,30.5872,30.8967,30.9752,32.2941,31.7951,30.9331,31.1583,32.4183,31.8386,30.9154,31.8584,31.1926
2023-06-25,18,Treviso / S. Angelo,1,18.0000,38.0901,4.1994,31.3057,30.5154,31.1615,30.9984,32.5754,32.5083,31.6739,31.5569,32.7699,32.5943,31.7055,32.1437,31.4574
2023-06-25,19,Venezia / Tessera,1,2.0000,39.4195,4.1994,30.5300,29.6457,29.5198,30.7878,30.3234,30.7887,29.8670,29.3799,30.6950,30.8733,29.8931,30.0753,29.2836
2023-06-25,20,Monte Settepani / Caragna,0,1381.0000,55.2369,4.1994,22.9188,23.9179,23.8403,28.3354,23.6303,24.6653,24.8193,24.9287,25.1091,24.4629,24.7030,24.2426,24.4449
2023-06-25,21,Mondovi,0,559.0000,72.5131,4.1994,25.7418,25.2235,25.6002,28.6113,25.7948,26.1882,26.2515,26.1372,26.3725,26.0241,26.1679,25.8503,26.0252
2023-06-25,22,Monte Malanotte,0,1741.0000,85.7364,4.1994,24.7463,24.1043,23.5808,28.5973,24.1936,24.8177,24.8952,24.3706,24.5978,24.6680,24.8291,24.3463,24.5238
2023-06-25,23,Passo Dei Giovi,0,468.0000,24.9535,4.1994,26.2688,24.9535,25.6817,27.8646,25.4002,26.0822,26.2945,26.0543,26.2247,25.8803,26.1756,25.4549,25.6824
2023-06-25,24,Genova / Sestri,1,2.0000,24.9535,4.1994,26.7489,24.3814,26.5994,26.9793,26.0650,25.9573,25.9023,25.7915,26.0740,25.9491,25.8524,26.1617,26.2972
2023-06-25,25,Albenga,0,45.0000,71.3337,4.1994,25.9002,24.2314,24.8344,28.2458,24.9779,25.8013,25.9417,26.0497,26.2355,25.6359,25.8516,25.1785,25.3745
2023-06-25,26,Passo Della Cisa,4,1039.0000,55.9905,4.1994,26.4131,26.2499,26.6669,27.4883,26.9147,26.7577,26.5898,26.2754,26.7658,26.6899,26.5449,26.7687,26.7896
2023-06-25,27,Sarzana / Luni,4,9.0000,94.6868,4.1994,27.7301,26.2008,27.4782,26.7924,28.0323,27.9975,27.7620,27.7297,28.2458,28.0072,27.7960,27.7275,27.6697
2023-06-25,28,Bologna / Borgo Panigale,0,51.0000,41.0210,4.1994,30.8246,30.3816,31.0358,29.7856,32.4020,32.1762,30.9101,31.1507,32.5418,32.1829,30.9873,31.9705,31.0435
2023-06-25,29,Ferrara / Fontana,4,9.0000,39.9528,4.1994,31.4624,30.7518,31.3545,30.2936,32.8360,32.5809,31.5425,31.8197,33.0915,32.5997,31.5680,32.2799,31.4905
2023-06-25,30,Monte Cimone,4,2165.0000,59.3732,4.1994,25.0285,27.1415,26.3513,29.2706,27.5407,27.6353,26.9422,26.7874,27.7531,27.5850,26.8845,27.4689,27.0202
2023-06-25,31,Ferrara,4,10.0000,41.7377,4.1994,31.8458,30.7395,31.3110,30.3267,33.1150,32.5635,31.5374,31.7915,33.0536,32.5871,31.5686,32.2433,31.4610
2023-06-25,32,Bologna / Borgo Panigale,0,36.0000,39.9528,4.1994,30.7380,30.4062,30.9791,29.7704,32.2758,32.1830,30.9165,31.1432,32.5365,32.1825,30.9844,31.9408,31.0114
2023-06-25,33,Punta Marina,1,2.0000,25.9357,4.1994,27.6525,29.4987,28.8044,29.2362,30.1829,29.7073,27.9982,27.4346,29.2545,29.7302,27.9465,29.6896,28.2251
2023-06-25,34,Forli,3,27.0000,33.4500,4.1994,30.5663,30.0383,30.3303,29.1953,32.2680,32.0026,30.5904,31.8827,33.2543,31.9423,30.5410,31.6219,30.4554
2023-06-25,36,Rimini,3,12.0000,52.7910,4.1994,26.5093,28.4385,28.1601,29.4637,29.1962,29.4663,28.0044,28.3299,29.7064,29.4328,27.9815,29.5291,28.3352
2023-06-25,37,Torino / Collegno,2,287.0000,74.9769,4.1994,29.1043,27.2467,29.2365,28.3907,29.8008,28.8293,28.8209,29.3603,29.4185,28.9738,28.8931,28.8412,28.9729
2023-06-25,38,Aosta / Pollein,0,546.0000,20.6866,4.1994,27.9162,25.7315,25.9219,27.7409,27.2342,27.1212,26.4963,26.2389,26.4764,26.8909,26.2425,26.8033,26.5980
2023-06-26,0,Grand St. Bernard / Grand Saint Bernard,3,2472.0000,20.6866,6.9366,28.3304,27.6771,29.8804,30.5076,29.7711,28.3521,29.6609,29.6465,28.6872,28.3060,29.6472,28.1268,29.1436
2023-06-26,1,Locarno-Magadino,3,197.0000,62.2060,6.9366,30.8745,30.3573,30.7246,32.2765,31.2223,30.6050,30.3520,30.5503,31.2459,30.6550,30.4676,30.7876,30.8910
2023-06-26,2,Lugano,3,273.0000,46.2864,6.9366,31.9544,30.3108,31.1972,32.1955,31.7581,31.2276,30.9573,31.1056,31.8063,31.2757,31.0698,31.2603,31.3389
2023-06-26,3,Paganella,2,2125.0000,86.1858,6.9366,31.4410,32.3334,32.3960,32.1768,32.5555,32.5573,31.9530,31.6188,32.6649,32.6081,32.0023,32.7208,32.2033
2023-06-26,4,Aviano,3,128.0000,53.5302,6.9366,34.5575,32.0107,33.4186,33.5413,33.9343,33.5071,32.6899,32.4817,33.6331,33.5618,32.7329,33.8476,33.0073
2023-06-26,5,Pian Rosa,4,3480.0000,33.9630,6.9366,27.6844,27.4720,28.4414,30.5413,27.7473,27.9977,28.9012,28.5598,27.9920,28.1166,28.9578,27.6755,28.4342
2023-06-26,6,Torino / Caselle,2,301.0000,62.2905,6.9366,30.9797,28.8349,30.7405,30.2784,29.8538,30.4076,31.0787,31.2072,30.8276,30.5794,31.1847,30.0488,30.4674
2023-06-26,7,Torino / Bric Della Croce,2,709.0000,72.5131,6.9366,30.7784,28.7062,31.0010,30.2061,31.0541,30.3501,30.9535,31.0910,30.7564,30.5019,31.0449,30.2691,30.6303
2023-06-26,8,Novara / Cameri,1,178.0000,49.0769,6.9366,31.7505,29.5343,31.4726,30.9560,31.2777,31.3338,31.6332,31.5056,31.5041,31.3793,31.6508,31.0976,31.4167
2023-06-26,9,Milano / Malpensa,1,234.0000,46.2864,6.9366,31.2301,29.9274,32.0959,31.1491,31.9210,31.8618,32.1577,32.0251,32.0349,31.9127,32.1800,31.6401,31.9486
2023-06-26,10,Bergamo / Orio Al Serio,2,238.0000,41.5983,6.9366,33.3989,31.1011,32.9476,32.2721,33.9026,33.0986,32.9860,33.2011,33.6613,33.2235,33.0641,32.8035,32.6653
2023-06-26,11,Milano / Linate,4,107.0000,41.5983,6.9366,31.4082,29.9854,31.4377,31.3780,31.8363,31.4513,31.4909,31.5705,31.9205,31.4505,31.5179,31.4408,31.5176
2023-06-26,12,Piacenza,2,134.0000,55.9905,6.9366,29.6397,28.8021,30.0570,30.4225,30.1698,29.4658,29.4943,29.4252,29.7121,29.4766,29.4472,29.9785,29.8501
2023-06-26,13,Brescia / Ghedi,2,102.0000,45.8189,6.9366,31.9860,31.1519,32.6080,32.1192,33.3228,32.6579,32.1940,32.0927,32.9102,32.6412,32.1408,32.8315,32.4089
2023-06-26,14,Verona / Rivoltella,2,64.0000,25.9799,6.9366,32.2232,31.5161,32.5718,32.0345,33.4454,32.9239,32.2218,32.1943,33.2778,32.9411,32.2152,33.0668,32.4752
2023-06-26,15,Verona / Villafranca,1,67.0000,25.9799,6.9366,31.3797,31.6949,32.0084,32.0700,32.7322,32.8239,32.2341,32.1735,33.0433,32.8680,32.2514,32.7854,32.2331
2023-06-26,16,Padova,3,13.0000,37.0588,6.9366,32.4032,31.4763,31.8391,32.5658,33.1891,33.3980,32.4790,32.6465,33.8319,33.3116,32.3763,32.9343,32.0416
2023-06-26,17,Treviso / Istrana,1,45.0000,37.0588,6.9366,32.0530,31.6470,32.9516,33.0559,33.6004,33.0537,32.8003,32.8669,33.5111,33.0813,32.7933,33.2556,32.9787
2023-06-26,18,Treviso / S. Angelo,1,18.0000,38.0901,6.9366,32.7328,31.4302,32.4562,32.9979,32.9800,32.8225,32.6051,32.4763,33.0811,32.8504,32.6004,32.9113,32.6468
2023-06-26,19,Venezia / Tessera,1,2.0000,39.4195,6.9366,28.3313,29.5307,29.6232,32.6135,30.0465,29.8120,29.4708,28.3532,29.1315,29.8367,29.4507,29.8262,29.4793
2023-06-26,20,Monte Settepani / Caragna,0,1381.0000,55.2369,6.9366,27.6343,27.0445,26.4451,30.1194,26.5599,27.6593,27.6865,27.6844,27.6297,27.5650,27.6358,27.3127,27.1869
2023-06-26,21,Mondovi,0,559.0000,72.5131,6.9366,28.7246,27.7246,28.0375,30.0526,28.3039,28.2571,28.3373,28.1824,28.1930,28.0628,28.2038,28.4365,28.4769
2023-06-26,22,Monte Malanotte,0,1741.0000,85.7364,6.9366,28.0151,27.0857,26.5020,30.0313,27.1386,27.4257,27.4993,26.7124,26.7128,27.2913,27.4235,27.4207,27.4347
2023-06-26,23,Passo Dei Giovi,0,468.0000,24.9535,6.9366,29.2206,27.2008,28.0931,29.9145,28.2685,28.6581,28.6166,29.2239,29.1719,28.2846,28.2817,28.3662,28.0544
2023-06-26,24,Genova / Sestri,1,2.0000,24.9535,6.9366,26.8338,26.7650,28.0424,29.4539,27.2196,26.9766,27.5322,26.5147,26.1017,26.9448,27.5041,27.8560,28.1850
2023-06-26,26,Passo Della Cisa,4,1039.0000,55.9905,6.9366,29.7809,28.3130,28.7035,30.0581,29.5886,29.3311,29.1406,29.1625,29.6290,29.2311,29.0852,29.1260,28.7891
2023-06-26,27,Sarzana / Luni,4,9.0000,94.6868,6.9366,28.2457,28.1143,28.8668,29.6098,29.2176,29.0798,28.8779,28.4123,28.8198,29.0984,28.9338,29.4548,29.1001
2023-06-26,28,Bologna / Borgo Panigale,0,51.0000,41.0210,6.9366,32.4897,31.4036,32.2798,31.0990,33.0242,32.9951,32.1469,32.3185,33.2748,33.0018,32.2095,32.9309,32.1875
2023-06-26,29,Ferrara / Fontana,4,9.0000,39.9528,6.9366,32.0416,31.4739,32.0756,31.4348,32.8990,32.9483,32.0505,32.4874,33.5692,32.9339,32.0449,32.9178,32.1876
2023-06-26,30,Monte Cimone,4,2165.0000,59.3732,6.9366,28.8159,29.3470,28.2241,30.8915,29.2082,29.6753,29.1441,28.4774,29.2528,29.6418,29.1230,29.4715,28.9222
2023-06-26,31,Ferrara,4,10.0000,41.7377,6.9366,32.0463,31.4948,32.2778,31.4662,33.4136,33.1686,32.2767,32.6785,33.7557,33.1727,32.2925,33.0685,32.3358
2023-06-26,32,Bologna / Borgo Panigale,0,36.0000,39.9528,6.9366,31.9580,31.4309,32.3306,31.0833,33.1385,33.0513,32.2002,32.3793,33.3415,33.0553,32.2583,32.9926,32.2458
2023-06-26,33,Punta Marina,1,2.0000,25.9357,6.9366,29.6736,30.4548,30.5889,31.0934,30.3460,31.0893,30.3296,29.3473,30.2588,31.1686,30.3760,30.6736,29.8747
2023-06-26,34,Forli,3,27.0000,33.4500,6.9366,30.9614,31.1047,31.7301,31.2403,32.8066,31.9801,30.8014,31.2932,32.3145,32.0265,30.8855,32.4159,31.6453
2023-06-26,35,Cervia,3,6.0000,25.9357,6.9366,32.1035,30.7319,31.6657,31.4636,32.1339,32.7381,31.5631,31.7713,32.7303,32.6598,31.4978,32.3668,31.5769
2023-06-26,36,Rimini,3,12.0000,52.7910,6.9366,30.7015,30.0513,30.9533,31.8136,31.6232,31.5981,30.6557,31.1951,31.9661,31.5511,30.6117,31.6046,30.8179
2023-06-26,37,Torino / Collegno,2,287.0000,74.9769,6.9366,31.3283,28.8929,31.3864,30.2035,31.6487,30.7151,31.3598,31.5653,31.1887,30.8441,31.4304,30.5672,30.9587
2023-06-26,38,Aosta / Pollein,0,546.0000,20.6866,6.9366,30.7718,27.8419,28.6590,30.4844,29.5732,28.6979,28.5942,28.9208,29.3026,28.5816,28.5705,28.9431,29.1882
2023-06-27,0,Grand St. Bernard / Grand Saint Bernard,3,2472.0000,20.6866,6.2570,30.1255,30.1574,31.5546,30.2408,32.4679,31.3423,30.8549,30.4763,31.1198,31.1083,30.6897,30.6254,30.5379
2023-06-27,1,Locarno-Magadino,3,197.0000,62.2060,6.2570,31.5985,30.9852,31.9606,32.6953,31.9349,31.2426,31.1887,31.1847,31.3189,31.2909,31.2890,31.5146,31.6893
2023-06-27,3,Paganella,2,2125.0000,86.1858,6.2570,34.0968,32.6169,33.5996,32.7637,33.8048,32.8647,32.9385,33.0071,33.0235,32.9030,32.9507,33.1770,33.4397
2023-06-27,5,Pian Rosa,4,3480.0000,33.9630,6.2570,31.3889,30.3123,30.0141,30.3195,30.3328,30.6732,30.2892,30.4518,30.9015,31.6843,31.2045,30.4827,30.1360
2023-06-27,6,Torino / Caselle,2,301.0000,62.2905,6.2570,29.5780,29.8272,30.5498,30.7795,30.7338,30.7000,30.4739,30.5482,30.9584,30.7747,30.4740,30.6715,30.6404
2023-06-27,7,Torino / Bric Della Croce,2,709.0000,72.5131,6.2570,30.4390,29.8878,31.4830,30.9314,31.8225,31.4588,31.2345,31.4146,31.8258,31.6241,31.3252,31.3600,31.3131
2023-06-27,8,Novara / Cameri,1,178.0000,49.0769,6.2570,31.9765,30.4580,32.1074,31.5525,32.2452,32.0042,31.9507,31.8164,32.0582,32.0698,31.9866,31.9481,31.9960
2023-06-27,9,Milano / Malpensa,1,234.0000,46.2864,6.2570,32.5913,30.6401,32.5765,31.7668,32.6422,32.6367,32.6574,32.7491,32.9333,32.7021,32.6991,32.2777,32.3652
2023-06-27,10,Bergamo / Orio Al Serio,2,238.0000,41.5983,6.2570,33.1570,31.1560,33.5685,32.8686,34.1448,32.5453,32.7851,32.9549,33.0734,32.6578,32.8157,32.8601,33.1630
2023-06-27,11,Milano / Linate,4,107.0000,41.5983,6.2570,33.4943,30.9359,32.4921,32.3355,33.0083,33.0675,33.0685,33.0991,33.2439,33.0903,33.1151,32.5011,32.4879
2023-06-27,12,Piacenza,2,134.0000,55.9905,6.2570,31.7872,30.8128,32.4223,31.9196,32.2886,32.1698,32.1875,32.0304,32.3007,32.1614,32.1032,32.0585,32.1452
2023-06-27,13,Brescia / Ghedi,2,102.0000,45.8189,6.2570,33.8878,32.0109,34.2769,32.9751,34.3131,33.7729,33.8959,33.9979,34.1406,33.8682,33.9258,33.6940,33.9024
2023-06-27,14,Verona / Rivoltella,2,64.0000,25.9799,6.2570,29.9141,31.5946,32.7876,32.9777,32.8680,31.7513,31.9045,31.4630,31.5803,31.7543,31.8409,32.5376,32.7631
2023-06-27,15,Verona / Villafranca,1,67.0000,25.9799,6.2570,34.4575,32.4152,33.5215,33.1939,34.3658,34.2267,33.7442,34.1372,34.4301,34.2908,33.7963,34.0333,33.5264
2023-06-27,16,Padova,3,13.0000,37.0588,6.2570,34.2445,31.6979,33.8602,33.2735,33.8352,33.8832,33.7794,33.6688,33.7005,33.7970,33.7064,33.5728,33.6107
2023-06-27,17,Treviso / Istrana,1,45.0000,37.0588,6.2570,32.9821,31.6227,32.7671,33.4666,32.9154,32.8226,33.1673,33.2190,32.8539,32.8889,33.2271,32.6711,32.8186
2023-06-27,18,Treviso / S. Angelo,1,18.0000,38.0901,6.2570,33.1396,31.4667,33.2467,33.3782,33.0743,33.5486,33.8652,33.6553,33.3185,33.6444,33.9506,33.1025,33.2512
2023-06-27,19,Venezia / Tessera,1,2.0000,39.4195,6.2570,31.8682,30.3910,31.1939,32.8785,30.4758,31.4827,31.7635,31.0790,30.7738,31.5575,31.8189,30.8006,30.9509
2023-06-27,21,Mondovi,0,559.0000,72.5131,6.2570,28.6418,28.8186,28.9430,31.1200,29.4294,29.8212,29.3327,29.1189,29.5747,29.6306,29.2090,29.4879,29.2396
2023-06-27,22,Monte Malanotte,0,1741.0000,85.7364,6.2570,29.0671,28.5493,28.2006,31.1279,29.1123,29.2552,28.7927,28.2294,28.6551,29.0507,28.6469,29.0557,28.8188
2023-06-27,23,Passo Dei Giovi,0,468.0000,24.9535,6.2570,29.5632,28.8153,29.1092,30.9075,29.1428,29.6321,29.4944,29.2852,29.3389,29.4656,29.4007,29.2307,29.1752
2023-06-27,24,Genova / Sestri,1,2.0000,24.9535,6.2570,30.0129,28.1864,29.8073,30.5331,29.1690,29.6980,29.5088,29.3465,29.5828,29.7062,29.4895,29.7539,29.6677
2023-06-27,25,Albenga,0,45.0000,71.3337,6.2570,28.4785,27.7173,27.8624,30.9273,28.2006,28.9685,28.6162,28.6286,28.9304,28.8627,28.5846,28.4399,28.2572
2023-06-27,26,Passo Della Cisa,4,1039.0000,55.9905,6.2570,30.2695,29.9987,30.2458,31.5933,30.6666,30.6538,30.4235,30.7326,30.8931,30.5687,30.3661,30.5136,30.4106
2023-06-27,27,Sarzana / Luni,4,9.0000,94.6868,6.2570,30.1545,29.0650,31.1041,31.2366,31.1760,31.1714,30.9646,31.0014,31.1376,31.1738,30.9940,31.0196,30.9268
2023-06-27,28,Bologna / Borgo Panigale,0,51.0000,41.0210,6.2570,33.5142,32.3162,33.7070,32.6144,34.1449,34.1682,33.7337,33.7841,34.0499,34.1731,33.7891,33.8502,33.5742
2023-06-27,29,Ferrara / Fontana,4,9.0000,39.9528,6.2570,33.2607,32.1671,33.5646,32.5252,33.7739,33.9160,33.5878,33.7817,33.9597,33.9218,33.5944,33.7152,33.5643
2023-06-27,30,Monte Cimone,4,2165.0000,59.3732,6.2570,30.7327,30.8804,30.6702,32.5974,31.3849,31.3758,31.0624,31.0471,31.3037,31.3134,31.0044,31.2912,31.1377
2023-06-27,31,Ferrara,4,10.0000,41.7377,6.2570,33.5465,32.1551,33.6187,32.5512,34.0579,34.0281,33.7136,33.9454,34.1081,34.0443,33.7311,33.7455,33.6025
2023-06-27,32,Bologna / Borgo Panigale,0,36.0000,39.9528,6.2570,33.5294,32.3208,33.7067,32.5999,34.2274,34.2394,33.8056,33.8770,34.1427,34.2440,33.8595,33.8626,33.5867
2023-06-27,33,Punta Marina,1,2.0000,25.9357,6.2570,27.9147,29.9447,30.2703,31.3706,29.9369,29.9208,29.8344,29.2258,29.1879,29.9078,29.7921,30.0973,30.0218
2023-06-27,34,Forli,3,27.0000,33.4500,6.2570,32.9984,30.9495,31.3069,31.9935,32.5512,32.5865,31.4777,31.8491,32.6301,32.5477,31.4527,32.2431,31.3850
2023-06-27,35,Cervia,3,6.0000,25.9357,6.2570,30.9864,29.8956,30.4957,31.8923,31.6337,31.2792,30.0471,30.4627,31.2795,31.2304,30.0047,31.5164,30.5493
2023-06-27,37,Torino / Collegno,2,287.0000,74.9769,6.2570,31.2868,30.0023,31.8440,30.8844,32.6288,31.7655,31.5290,31.6732,32.0861,31.9080,31.5973,31.6510,31.5961
2023-06-27,38,Aosta / Pollein,0,546.0000,20.6866,6.2570,30.4017,29.9443,30.0094,30.3056,31.2651,30.9471,30.2629,30.3150,30.5869,30.7770,30.0567,30.8023,30.6548
2023-06-28,0,Grand St. Bernard / Grand Saint Bernard,3,2472.0000,20.6866,2.1953,28.8200,30.9888,30.6988,29.9740,32.2330,31.5377,30.1729,29.7655,31.0712,31.4467,30.1354,31.2811,30.2944
2023-06-28,1,Locarno-Magadino,3,197.0000,62.2060,2.1953,31.7754,31.6856,31.7762,33.1042,32.5571,31.9382,31.0665,31.5284,32.9481,31.9900,31.2116,32.0968,31.6236
2023-06-28,3,Paganella,2,2125.0000,86.1858,2.1953,31.9574,32.3145,32.9584,32.5069,32.6890,32.7042,32.7802,32.7063,33.0459,32.7751,32.8241,32.7319,32.8294
2023-06-28,4,Aviano,3,128.0000,53.5302,2.1953,32.3416,31.6034,32.6956,32.6318,32.4289,32.4015,32.3676,32.4918,32.8983,32.4266,32.4031,32.5319,32.5295
2023-06-28,5,Pian Rosa,4,3480.0000,33.9630,2.1953,30.2875,30.5823,29.6563,30.1273,30.6027,30.7278,29.2995,29.1527,30.4831,31.2998,29.9105,30.7552,29.5211
2023-06-28,6,Torino / Caselle,2,301.0000,62.2905,2.1953,30.9406,30.6596,30.6659,29.9809,31.6231,31.4560,30.5842,30.8416,31.7028,31.5572,30.6295,31.4660,30.6999
2023-06-28,7,Torino / Bric Della Croce,2,709.0000,72.5131,2.1953,30.9093,30.3906,30.3838,29.9717,31.6956,31.2362,30.4732,30.7429,31.5462,31.3243,30.5058,31.1640,30.4650
2023-06-28,8,Novara / Cameri,1,178.0000,49.0769,2.1953,32.6672,31.4157,32.1283,31.9945,33.2015,32.8811,32.2275,32.4287,33.2318,32.9426,32.2668,32.6626,32.1065
2023-06-28,9,Milano / Malpensa,1,234.0000,46.2864,2.1953,31.9347,31.6620,31.8591,32.1890,32.9529,32.8469,32.1977,32.5705,33.3707,32.9088,32.2374,32.5516,31.9967
2023-06-28,10,Bergamo / Orio Al Serio,2,238.0000,41.5983,2.1953,33.3429,32.7822,33.2556,33.0732,34.2331,33.6724,33.2976,33.1994,33.8164,33.7320,33.3128,33.5567,33.2894
2023-06-28,11,Milano / Linate,4,107.0000,41.5983,2.1953,32.2293,32.0858,32.5773,32.6010,33.7593,33.3555,32.7808,32.6033,33.2744,33.3698,32.8100,33.1003,32.6619
2023-06-28,12,Piacenza,2,134.0000,55.9905,2.1953,31.0844,31.5502,32.5288,31.9836,32.8790,32.3765,32.1462,32.1650,32.6344,32.3731,32.0954,32.4503,32.2765
2023-06-28,13,Brescia / Ghedi,2,102.0000,45.8189,2.1953,32.9488,32.9989,34.1382,33.1125,34.2339,34.1559,34.0411,33.6901,34.1434,34.1929,34.0443,33.9998,33.9444
2023-06-28,14,Verona / Rivoltella,2,64.0000,25.9799,2.1953,33.3816,32.7180,33.9297,33.1043,34.0667,33.8232,33.8328,33.4541,33.8529,33.8668,33.8505,33.7016,33.7527
2023-06-28,15,Verona / Villafranca,1,67.0000,25.9799,2.1953,33.7637,32.7614,33.0442,33.1825,33.7899,33.3649,33.0212,33.2008,33.7509,33.3978,33.0231,33.3239,33.0657
2023-06-28,16,Padova,3,13.0000,37.0588,2.1953,33.5042,31.3552,32.7617,32.8142,32.9675,32.8966,32.8136,32.5394,33.0827,32.8236,32.7478,32.5982,32.5359
2023-06-28,17,Treviso / Istrana,1,45.0000,37.0588,2.1953,32.7253,31.2341,32.1859,32.8431,32.5151,32.1981,32.3143,32.3800,32.6654,32.2494,32.3426,32.1222,32.1990
2023-06-28,18,Treviso / S. Angelo,1,18.0000,38.0901,2.1953,32.5102,31.1283,32.2608,32.7790,32.4590,32.3910,32.5170,32.3395,32.6151,32.4308,32.5347,32.2936,32.3812
2023-06-28,19,Venezia / Tessera,1,2.0000,39.4195,2.1953,29.7739,30.1012,30.2755,32.4887,30.0528,30.0977,30.3033,29.5645,29.8344,30.1015,30.2823,30.2449,30.3908
2023-06-28,20,Monte Settepani / Caragna,0,1381.0000,55.2369,2.1953,28.2416,28.9816,28.6002,30.4056,28.9237,29.4012,28.9297,29.1266,29.5118,29.2752,28.8074,29.2617,28.9147
2023-06-28,21,Mondovi,0,559.0000,72.5131,2.1953,29.3853,29.5838,29.6015,29.8487,30.3440,30.2707,29.7754,30.0562,30.5178,30.1278,29.6515,30.0942,29.7407
2023-06-28,23,Passo Dei Giovi,0,468.0000,24.9535,2.1953,29.9426,29.3350,29.2230,31.3159,30.2644,29.7990,29.2801,29.6085,30.0420,29.6619,29.1407,29.7169,29.3135
2023-06-28,24,Genova / Sestri,1,2.0000,24.9535,2.1953,29.8982,29.0949,29.9573,30.8634,29.5187,30.2671,29.9160,29.2737,29.6418,30.2888,29.9317,30.2601,29.8994
2023-06-28,25,Albenga,0,45.0000,71.3337,2.1953,28.7436,29.3517,29.4627,30.1249,30.0118,30.3597,29.8962,29.9860,30.3703,30.2277,29.7858,30.0435,29.6989
2023-06-28,26,Passo Della Cisa,4,1039.0000,55.9905,2.1953,30.9401,30.8372,30.3239,31.4169,30.4800,31.0309,30.5355,30.6815,31.2514,31.0015,30.5181,31.0363,30.6474
2023-06-28,27,Sarzana / Luni,4,9.0000,94.6868,2.1953,32.4069,30.8199,31.1318,31.0117,31.6735,32.0363,31.6292,31.1184,31.5879,32.0561,31.6720,31.7924,31.4656
2023-06-28,28,Bologna / Borgo Panigale,0,51.0000,41.0210,2.1953,33.1930,32.1722,33.4107,32.5553,34.0300,33.5933,33.4094,33.3602,33.7374,33.6018,33.4543,33.3238,33.1863
2023-06-28,29,Ferrara / Fontana,4,9.0000,39.9528,2.1953,32.2538,31.6771,32.4881,32.2988,32.7616,32.3653,32.3515,32.5135,32.7834,32.3600,32.3459,32.3731,32.4087
2023-06-28,30,Monte Cimone,4,2165.0000,59.3732,2.1953,30.6593,31.3358,31.0203,32.5969,31.0804,31.6409,31.3678,31.4458,31.8890,31.5959,31.3256,31.6081,31.4532
2023-06-28,31,Ferrara,4,10.0000,41.7377,2.1953,32.6659,31.6872,32.5422,32.3206,33.2986,32.4954,32.4828,32.6791,32.9449,32.5019,32.4892,32.4337,32.4704
2023-06-28,32,Bologna / Borgo Panigale,0,36.0000,39.9528,2.1953,33.7833,32.1653,33.3626,32.5382,33.9895,33.5744,33.3954,33.3295,33.7041,33.5805,33.4372,33.2912,33.1572
2023-06-28,33,Punta Marina,1,2.0000,25.9357,2.1953,29.0759,29.9159,30.3239,31.1203,29.8655,29.8479,30.1465,29.3677,29.5638,29.8352,30.1210,29.9977,30.2066
2023-06-28,34,Forli,3,27.0000,33.4500,2.1953,32.3421,30.6826,31.3365,31.7657,32.0357,31.5805,31.1806,31.2891,32.0406,31.5718,31.1812,31.5022,31.1384
2023-06-28,35,Cervia,3,6.0000,25.9357,2.1953,31.7383,30.1860,30.7775,31.5888,31.2114,31.1702,30.7446,30.9083,31.6162,31.1255,30.7025,31.0775,30.6638
2023-06-28,36,Rimini,3,12.0000,52.7910,2.1953,29.4122,29.8570,30.3167,31.6857,30.5724,30.5414,30.0941,29.9361,30.6781,30.5218,30.0793,30.7088,30.3001
2023-06-28,37,Torino / Collegno,2,287.0000,74.9769,2.1953,31.1536,30.5866,30.3346,29.9162,31.8369,31.3323,30.5194,30.8419,31.6720,31.4049,30.5351,31.2291,30.4898
2023-06-28,38,Aosta / Pollein,0,546.0000,20.6866,2.1953,30.1680,30.8821,30.0350,29.9837,32.1770,31.9313,30.4901,30.5105,31.6353,31.7982,30.3395,31.7401,30.6649
2023-06-29,0,Grand St. Bernard / Grand Saint Bernard,3,2472.0000,20.6866,9.4703,27.6491,29.8140,29.8048,31.2820,30.7486,30.4172,29.3239,29.4722,30.7147,30.3962,29.3666,30.1455,29.1460
2023-06-29,1,Locarno-Magadino,3,197.0000,62.2060,9.4703,32.3924,31.7978,31.1896,33.5957,31.8519,31.8599,30.4270,30.4313,31.9815,31.8999,30.5928,32.0925,31.3397
2023-06-29,2,Lugano,3,273.0000,46.2864,9.4703,32.3553,32.0132,31.1436,33.5291,31.7314,32.0880,30.6962,30.2967,31.8014,32.0930,30.8191,32.2333,31.4895
2023-06-29,3,Paganella,2,2125.0000,86.1858,9.4703,31.6431,31.6914,32.7745,32.5919,32.1241,32.3706,32.8795,32.9483,32.5209,32.4637,32.9464,32.1913,32.6121
2023-06-29,4,Aviano,3,128.0000,53.5302,9.4703,33.2122,31.9669,33.5660,34.2110,32.4243,33.0469,33.4968,33.8035,33.0220,33.0657,33.5167,33.0557,33.4458
2023-06-29,5,Pian Rosa,4,3480.0000,33.9630,9.4703,26.7910,28.6971,28.0870,31.3310,28.3933,28.9379,27.8948,27.8036,28.9878,29.5992,28.6353,28.8664,27.8968
2023-06-29,6,Torino / Caselle,2,301.0000,62.2905,9.4703,31.8036,31.5899,31.9059,31.7967,32.3590,32.5857,31.8938,31.9841,32.8845,32.6870,31.9529,32.5177,31.7923
2023-06-29,7,Torino / Bric Della Croce,2,709.0000,72.5131,9.4703,31.4245,31.1458,31.6070,31.9416,32.2359,32.0392,31.4669,31.5195,32.2584,32.1258,31.5136,32.1293,31.4855
2023-06-29,9,Milano / Malpensa,1,234.0000,46.2864,9.4703,33.1685,32.6877,32.7857,32.5101,33.0865,33.9065,33.1889,33.2685,34.0407,33.9763,33.2308,33.5245,32.9426
2023-06-29,10,Bergamo / Orio Al Serio,2,238.0000,41.5983,9.4703,32.9560,33.3674,34.4531,33.5853,34.5745,34.4910,34.2239,34.4279,34.9441,34.5804,34.2822,34.4113,34.3010
2023-06-29,11,Milano / Linate,4,107.0000,41.5983,9.4703,32.8196,32.9912,33.0865,33.0248,33.7895,34.2207,33.4299,33.2177,34.0942,34.2220,33.4475,33.8601,33.3541
2023-06-29,12,Piacenza,2,134.0000,55.9905,9.4703,31.9713,31.7448,32.9003,32.0949,32.6904,32.7034,32.7227,32.9054,33.0257,32.7040,32.6891,32.6581,32.6191
2023-06-29,13,Brescia / Ghedi,2,102.0000,45.8189,9.4703,33.6588,33.3031,34.6322,33.5703,34.0813,34.3684,34.4845,34.5809,34.6097,34.3900,34.4809,34.2764,34.4374
2023-06-29,14,Verona / Rivoltella,2,64.0000,25.9799,9.4703,33.8361,33.0155,34.7265,33.5174,34.3596,34.2884,34.5819,34.8022,34.6273,34.3230,34.5983,34.1852,34.4833
2023-06-29,15,Verona / Villafranca,1,67.0000,25.9799,9.4703,34.4599,32.8972,34.0610,33.7919,33.5993,33.8910,33.8057,33.9915,33.9607,33.9216,33.8090,33.8716,33.8671
2023-06-29,16,Padova,3,13.0000,37.0588,9.4703,34.3167,31.5121,33.3974,33.6934,32.3879,32.9127,33.4398,33.5698,32.7347,32.8448,33.3786,32.6594,33.0817
2023-06-29,17,Treviso / Istrana,1,45.0000,37.0588,9.4703,33.8670,31.7144,33.2039,33.9070,32.3691,32.6076,33.1686,33.1420,32.5019,32.6310,33.1800,32.6396,33.1148
2023-06-29,18,Treviso / S. Angelo,1,18.0000,38.0901,9.4703,32.7002,31.4754,33.0069,33.8451,32.0627,32.4541,33.0250,32.7491,32.1001,32.4597,33.0191,32.5726,33.0689
2023-06-29,19,Venezia / Tessera,1,2.0000,39.4195,9.4703,30.7051,30.1484,30.8946,33.4050,28.9157,30.1822,30.9488,29.7546,28.8568,30.1909,30.9498,30.3147,30.9239
2023-06-29,20,Monte Settepani / Caragna,0,1381.0000,55.2369,9.4703,28.5464,28.8646,28.1803,31.6606,27.9379,29.2072,28.8447,28.9093,28.7251,29.1532,28.8217,28.9834,28.5844
2023-06-29,21,Mondovi,0,559.0000,72.5131,9.4703,30.0085,29.6564,29.3984,32.1042,29.5331,29.9313,29.4644,29.9305,29.9510,29.8104,29.3752,30.0466,29.6042
2023-06-29,22,Monte Malanotte,0,1741.0000,85.7364,9.4703,27.5401,28.4360,27.7727,32.1029,28.3320,28.9426,28.4933,28.5332,28.5226,28.8228,28.4016,28.7478,28.3127
2023-06-29,23,Passo Dei Giovi,0,468.0000,24.9535,9.4703,29.5162,29.5196,29.4799,31.0618,29.4306,29.7216,29.4240,29.5864,29.3362,29.5934,29.3157,29.9008,29.5328
2023-06-29,24,Genova / Sestri,1,2.0000,24.9535,9.4703,30.1897,29.3991,30.1977,30.2842,29.3483,30.2216,30.0275,29.3587,29.4486,30.2350,30.0647,30.5405,30.1515
2023-06-29,25,Albenga,0,45.0000,71.3337,9.4703,28.7743,29.3553,29.2738,31.6620,29.3175,29.8819,29.5601,29.4390,29.3155,29.8401,29.5537,29.9530,29.5535
2023-06-29,26,Passo Della Cisa,4,1039.0000,55.9905,9.4703,31.1028,29.9570,29.8063,31.0940,30.2941,30.1217,29.8871,29.9769,30.0930,30.0753,29.8619,30.2419,30.0169
2023-06-29,27,Sarzana / Luni,4,9.0000,94.6868,9.4703,31.8133,30.6279,31.4129,30.4343,30.9035,31.4642,31.3179,31.0182,31.0167,31.4586,31.3319,31.7777,31.5986
2023-06-29,28,Bologna / Borgo Panigale,0,51.0000,41.0210,9.4703,34.0743,32.0825,34.1674,33.0336,33.5204,33.5443,33.5671,33.8135,33.2976,33.5617,33.6283,33.5255,33.6808
2023-06-29,29,Ferrara / Fontana,4,9.0000,39.9528,9.4703,33.9425,31.6772,33.2544,32.9378,32.3990,32.5206,33.0394,33.2143,32.3923,32.5038,33.0219,32.6084,32.9283
2023-06-29,30,Monte Cimone,4,2165.0000,59.3732,9.4703,28.7185,29.8014,29.3167,32.7372,28.8533,30.3720,30.4174,30.4213,30.2567,30.3431,30.3983,29.8175,29.8607
2023-06-29,31,Ferrara,4,10.0000,41.7377,9.4703,34.1135,31.6821,33.2990,32.9683,32.6501,32.6413,33.1544,33.3497,32.5335,32.6395,33.1503,32.6522,32.9774
2023-06-29,32,Bologna / Borgo Panigale,0,36.0000,39.9528,9.4703,34.5948,32.0749,34.0843,33.0192,33.6001,33.4653,33.4985,33.7520,33.2261,33.4807,33.5568,33.4563,33.6175
2023-06-29,33,Punta Marina,1,2.0000,25.9357,9.4703,29.6240,29.7192,29.8419,31.7060,28.3918,29.6261,29.7718,29.1790,28.5719,29.6148,29.7517,29.7668,29.8708
2023-06-29,35,Cervia,3,6.0000,25.9357,9.4703,30.4329,30.2338,31.5424,32.6353,30.6347,31.0757,31.2609,31.6250,30.6131,31.0368,31.2293,31.1262,31.3226
2023-06-29,36,Rimini,3,12.0000,52.7910,9.4703,30.6889,30.0670,31.0852,33.0329,30.1729,30.6879,30.8602,30.9319,29.9686,30.6706,30.8501,30.8986,31.0952
2023-06-29,37,Torino / Collegno,2,287.0000,74.9769,9.4703,32.5166,31.4502,31.8899,31.8998,32.6988,32.3577,31.7437,31.8553,32.6442,32.4540,31.8005,32.4689,31.7882
2023-06-29,38,Aosta / Pollein,0,546.0000,20.6866,9.4703,30.2989,30.1918,28.7213,31.3431,30.9228,30.8080,28.6534,28.6875,30.6137,30.6645,28.5207,30.9909,29.5577
2023-06-30,0,Grand St. Bernard / Grand Saint Bernard,3,2472.0000,20.6866,9.3786,29.9627,31.5691,32.3999,35.6074,32.6993,32.3316,32.4036,32.4221,32.4211,32.2992,32.4219,31.9210,31.8335
2023-06-30,2,Lugano,3,273.0000,46.2864,9.3786,34.2308,32.9106,33.0662,36.2203,33.4013,33.3749,32.9235,32.8385,33.3393,33.4148,33.0356,33.5281,33.3817
2023-06-30,3,Paganella,2,2125.0000,86.1858,9.3786,31.0384,32.2473,32.9720,32.8851,33.1316,32.7544,32.5575,32.5865,32.9474,32.8410,32.6499,32.8411,32.6533
2023-06-30,4,Aviano,3,128.0000,53.5302,9.3786,32.6358,31.8540,32.7288,33.5493,32.2805,32.9071,32.9831,32.9050,32.7396,32.8962,32.9518,32.8017,32.6127
2023-06-30,5,Pian Rosa,4,3480.0000,33.9630,9.3786,29.3970,30.3568,30.2809,35.6177,29.9099,30.6464,30.4901,30.4175,30.5490,31.1281,30.9442,30.5225,30.2680
2023-06-30,6,Torino / Caselle,2,301.0000,62.2905,9.3786,35.5997,34.1479,34.9367,35.3018,34.6609,35.2383,35.1782,35.5590,35.6140,35.3395,35.2481,35.0708,34.7706
2023-06-30,7,Torino / Bric Della Croce,2,709.0000,72.5131,9.3786,35.3532,34.0245,35.1785,35.2025,35.2121,35.2322,35.2079,35.5270,35.5265,35.3456,35.2908,35.2010,34.9323
2023-06-30,10,Bergamo / Orio Al Serio,2,238.0000,41.5983,9.3786,36.0787,34.5265,36.0095,35.7660,35.9947,36.0152,35.9225,36.0778,36.3703,36.1101,35.9869,35.8521,35.7265
2023-06-30,11,Milano / Linate,4,107.0000,41.5983,9.3786,35.8433,34.7175,36.3533,35.8169,36.1707,36.2993,36.4795,36.5410,36.4232,36.3105,36.5109,36.0755,36.1536
2023-06-30,12,Piacenza,2,134.0000,55.9905,9.3786,35.3582,34.4971,34.9627,34.9765,34.9018,34.9215,34.8945,34.9126,35.0708,34.9248,34.8675,35.0532,34.8345
2023-06-30,13,Brescia / Ghedi,2,102.0000,45.8189,9.3786,36.0578,34.7420,36.0534,35.3705,35.6842,35.9601,35.7067,35.7618,36.2044,35.9437,35.6784,36.0692,35.8248
2023-06-30,14,Verona / Rivoltella,2,64.0000,25.9799,9.3786,35.3157,34.4379,35.1397,34.9915,34.9761,35.3658,35.0099,35.2517,35.8161,35.3648,35.0118,35.3937,35.1113
2023-06-30,15,Verona / Villafranca,1,67.0000,25.9799,9.3786,34.8016,34.2293,35.0858,34.8363,35.0220,35.3639,35.1559,35.2291,35.3256,35.3912,35.1758,35.3129,35.0406
2023-06-30,16,Padova,3,13.0000,37.0588,9.3786,33.4816,32.3779,33.5226,33.7776,33.5092,33.8008,33.5560,33.7637,33.8845,33.7574,33.4982,33.7477,33.4081
2023-06-30,17,Treviso / Istrana,1,45.0000,37.0588,9.3786,33.0040,31.9782,32.4736,33.6664,32.6957,32.7645,32.3838,32.4313,32.6567,32.7516,32.3514,32.9572,32.6191
2023-06-30,18,Treviso / S. Angelo,1,18.0000,38.0901,9.3786,33.6417,31.7407,32.3140,33.6317,32.3471,32.5593,32.2062,31.9972,32.1905,32.5213,32.1487,32.9026,32.5704
2023-06-30,19,Venezia / Tessera,1,2.0000,39.4195,9.3786,29.8273,30.3110,30.2231,33.4557,29.4800,30.3291,29.9738,28.7807,28.9256,30.3235,29.9475,30.5346,30.1862
2023-06-30,20,Monte Settepani / Caragna,0,1381.0000,55.2369,9.3786,31.7726,32.5361,31.6893,34.9325,31.6571,32.8193,32.5298,32.9161,32.6701,32.7643,32.4985,32.7064,32.3803
2023-06-30,21,Mondovi,0,559.0000,72.5131,9.3786,33.8868,33.2060,32.9287,34.9936,32.9706,33.4997,33.2752,33.4503,33.2942,33.3761,33.1902,33.5988,33.3908
2023-06-30,23,Passo Dei Giovi,0,468.0000,24.9535,9.3786,34.3314,33.4037,33.2864,34.6713,33.2643,33.7452,33.4631,33.6783,33.3587,33.5925,33.3217,33.8788,33.4667
2023-06-30,24,Genova / Sestri,1,2.0000,24.9535,9.3786,32.9705,33.2296,34.2344,34.0514,33.0186,33.6670,33.9107,32.8802,32.5895,33.6444,33.9079,34.2504,34.2517
2023-06-30,25,Albenga,0,45.0000,71.3337,9.3786,32.7476,32.8970,32.2047,34.8026,32.2308,33.3451,33.1431,33.1250,32.9567,33.3084,33.1312,33.2385,32.9275
2023-06-30,26,Passo Della Cisa,4,1039.0000,55.9905,9.3786,33.8346,33.2455,33.4457,34.0632,33.3869,33.5326,33.5531,33.8238,33.6647,33.4735,33.5219,33.7060,33.5151
2023-06-30,27,Sarzana / Luni,4,9.0000,94.6868,9.3786,34.9454,33.3929,34.4636,33.5462,34.1382,34.2326,34.2016,34.1137,34.0134,34.2389,34.2266,34.8041,34.5605
2023-06-30,28,Bologna / Borgo Panigale,0,51.0000,41.0210,9.3786,35.3880,34.2600,35.1726,33.9633,35.5239,35.4483,34.5386,34.6708,35.2413,35.4429,34.5904,35.6226,35.0557
2023-06-30,29,Ferrara / Fontana,4,9.0000,39.9528,9.3786,34.0913,33.6052,34.2180,33.6564,34.1827,34.7239,34.1494,34.3399,34.7150,34.6891,34.1225,34.7301,34.2875
2023-06-30,30,Monte Cimone,4,2165.0000,59.3732,9.3786,30.5056,32.3602,31.3362,34.0431,31.5169,32.6985,32.6166,32.7069,32.7071,32.6913,32.6263,32.3066,32.0092
2023-06-30,31,Ferrara,4,10.0000,41.7377,9.3786,34.8483,33.5930,34.2218,33.6808,34.5516,34.7566,34.1907,34.3847,34.7488,34.7342,34.1778,34.7392,34.2979
2023-06-30,32,Bologna / Borgo Panigale,0,36.0000,39.9528,9.3786,34.9608,34.2528,35.1165,33.9310,35.5503,35.4509,34.5422,34.6814,35.2526,35.4461,34.5943,35.5868,35.0202
2023-06-30,33,Punta Marina,1,2.0000,25.9357,9.3786,29.8276,31.7549,31.8024,32.1496,31.0556,31.9221,31.5922,30.9136,30.8670,31.9667,31.6147,31.8647,31.5256
2023-06-30,34,Forli,3,27.0000,33.4500,9.3786,33.6585,33.0069,33.0889,32.8884,34.1683,33.6729,32.2157,32.6882,33.8132,33.7215,32.2930,34.0654,33.1027
2023-06-30,35,Cervia,3,6.0000,25.9357,9.3786,33.3720,32.3637,32.3177,32.7816,32.7271,33.7132,32.1882,32.3390,33.4824,33.6646,32.1424,33.4579,32.4097
2023-06-30,36,Rimini,3,12.0000,52.7910,9.3786,32.5440,31.9064,31.7408,33.0318,32.0193,32.9116,31.7545,31.8485,32.7100,32.8847,31.7200,32.8522,31.8184
2023-06-30,37,Torino / Collegno,2,287.0000,74.9769,9.3786,36.0789,34.2002,35.5972,35.2116,35.7779,35.5493,35.5163,35.9455,35.9551,35.6722,35.6087,35.5514,35.2712
2023-06-30,38,Aosta / Pollein,0,546.0000,20.6866,9.3786,33.1772,32.0658,31.2967,35.5756,32.8716,32.5086,30.9643,31.1888,32.2594,32.4105,30.9138,32.8929,32.0727
2023-07-01,0,Grand St. Bernard / Grand Saint Bernard,3,2472.0000,20.6866,5.6215,30.2343,31.3177,32.5715,35.4408,32.0199,31.8828,32.7068,32.9595,32.2608,31.8299,32.6824,31.5508,32.2444
2023-07-01,1,Locarno-Magadino,3,197.0000,62.2060,5.6215,34.7145,33.0510,33.2373,36.3057,33.4326,33.2651,32.9847,33.7955,34.4713,33.2960,33.0640,33.3177,33.2968
2023-07-01,2,Lugano,3,273.0000,46.2864,5.6215,35.3371,33.3201,33.9604,36.2833,33.9616,33.9823,33.6966,33.6529,34.3461,34.0207,33.7804,34.0185,33.9782
2023-07-01,3,Paganella,2,2125.0000,86.1858,5.6215,31.2442,33.5825,34.1823,33.6084,34.3037,33.8843,33.6078,33.5877,34.4962,33.9459,33.6633,34.0014,33.7802
2023-07-01,4,Aviano,3,128.0000,53.5302,5.6215,35.6992,34.3135,35.0876,34.8441,35.2926,35.2778,34.8350,35.0286,35.8675,35.3049,34.8520,35.3624,34.9043
2023-07-01,5,Pian Rosa,4,3480.0000,33.9630,5.6215,30.2438,30.4437,30.9046,35.5164,30.2057,30.8042,31.1879,31.0525,30.4764,30.9360,31.2579,30.5719,30.9454
2023-07-01,6,Torino / Caselle,2,301.0000,62.2905,5.6215,36.0822,34.5393,35.6223,35.3600,35.2587,35.5563,35.7021,36.1743,36.4388,35.6802,35.7882,35.3108,35.3403
2023-07-01,7,Torino / Bric Della Croce,2,709.0000,72.5131,5.6215,35.8598,34.6533,35.9175,35.3299,36.0792,35.7792,35.8589,36.4721,36.8273,35.8917,35.9340,35.6649,35.6209
2023-07-01,9,Milano / Malpensa,1,234.0000,46.2864,5.6215,36.0360,34.6749,35.9381,36.3378,35.6047,35.8785,36.1207,36.3063,36.5396,35.9423,36.1649,35.5622,35.8211
2023-07-01,10,Bergamo / Orio Al Serio,2,238.0000,41.5983,5.6215,36.0069,34.9419,36.6508,35.9002,36.7266,36.4110,36.3792,36.3002,37.0426,36.4981,36.4310,36.2371,36.2353
2023-07-01,11,Milano / Linate,4,107.0000,41.5983,5.6215,35.9983,35.1131,36.1057,36.2248,36.6051,36.3421,36.2642,36.4752,36.9750,36.3521,36.2884,36.1293,36.1382
2023-07-01,12,Piacenza,2,134.0000,55.9905,5.6215,35.3211,35.0104,35.3284,35.3711,36.1357,35.3772,34.8374,34.9952,36.1713,35.3637,34.7781,35.6609,35.1372
2023-07-01,13,Brescia / Ghedi,2,102.0000,45.8189,5.6215,35.5700,35.2278,36.3206,35.5448,36.8456,36.2765,35.9230,35.8128,36.8086,36.2706,35.8884,36.3327,36.0215
2023-07-01,14,Verona / Rivoltella,2,64.0000,25.9799,5.6215,35.8325,35.0375,36.1407,35.2863,36.7507,36.1428,35.7805,35.7753,36.7787,36.1514,35.7712,36.1814,35.8629
2023-07-01,15,Verona / Villafranca,1,67.0000,25.9799,5.6215,35.5745,34.8900,35.0701,35.3792,36.0071,35.8292,35.0443,35.1372,36.5296,35.8721,35.0664,35.7720,35.0592
2023-07-01,16,Padova,3,13.0000,37.0588,5.6215,34.2553,33.7745,34.4350,34.9886,35.2953,35.2789,34.7183,35.0282,35.9612,35.2250,34.6538,34.8403,34.2918
2023-07-01,17,Treviso / Istrana,1,45.0000,37.0588,5.6215,34.0636,33.7354,33.7217,34.7675,34.9057,34.4018,33.7528,33.5596,34.7973,34.4361,33.7572,34.3794,33.8303
2023-07-01,18,Treviso / S. Angelo,1,18.0000,38.0901,5.6215,34.5641,33.6798,33.8631,34.7743,34.7121,34.5009,33.9013,33.4560,34.6297,34.5215,33.8941,34.6139,34.0782
2023-07-01,19,Venezia / Tessera,1,2.0000,39.4195,5.6215,32.3328,32.5695,32.0985,34.7611,32.3342,32.7299,31.9981,30.9470,32.3103,32.7451,31.9746,32.7130,32.0939
2023-07-01,21,Mondovi,0,559.0000,72.5131,5.6215,35.0047,34.2957,34.0254,35.1973,35.2437,34.8948,34.4032,35.0365,35.9609,34.7112,34.2348,34.9117,34.5070
2023-07-01,22,Monte Malanotte,0,1741.0000,85.7364,5.6215,32.4406,33.0715,31.9988,35.1668,33.8040,33.3665,32.8377,33.0409,34.0207,33.2270,32.7064,33.4041,32.9600
2023-07-01,23,Passo Dei Giovi,0,468.0000,24.9535,5.6215,34.6656,33.9213,33.3679,35.3603,34.7152,34.5933,33.7939,33.8609,35.3128,34.4086,33.5889,34.4190,33.5544
2023-07-01,24,Genova / Sestri,1,2.0000,24.9535,5.6215,32.6276,33.8498,34.3203,34.5912,34.7724,34.1925,34.0920,33.7766,34.4174,34.1729,34.0758,34.6223,34.4575
2023-07-01,25,Albenga,0,45.0000,71.3337,5.6215,35.1308,34.4124,33.1235,35.1380,34.8269,34.7857,34.2915,34.6004,35.4734,34.7523,34.2694,34.6607,34.0471
2023-07-01,26,Passo Della Cisa,4,1039.0000,55.9905,5.6215,34.0816,34.2197,33.9284,34.1210,34.4337,34.7296,34.1967,33.9308,34.9907,34.6859,34.1653,34.6000,34.0796
2023-07-01,27,Sarzana / Luni,4,9.0000,94.6868,5.6215,33.6896,34.7392,34.8638,33.5943,35.5664,35.4650,34.9299,34.0907,35.0797,35.4769,34.9644,35.7185,35.1552
2023-07-01,28,Bologna / Borgo Panigale,0,51.0000,41.0210,5.6215,35.9996,36.0530,35.3045,34.8716,37.4308,37.1926,35.6733,35.7597,38.0655,37.1852,35.7705,36.8390,35.5536
2023-07-01,29,Ferrara / Fontana,4,9.0000,39.9528,5.6215,35.8551,35.1096,35.3804,35.0758,36.4817,36.2565,35.2950,35.5943,37.1437,36.2423,35.2879,36.0954,35.3674
2023-07-01,30,Monte Cimone,4,2165.0000,59.3732,5.6215,30.2075,34.1978,33.4323,34.5948,34.5224,34.7456,33.9200,33.4921,34.9267,34.6920,33.8615,34.5196,33.8418
2023-07-01,31,Ferrara,4,10.0000,41.7377,5.6215,35.5152,35.0812,35.2998,35.0942,36.9916,36.2658,35.3191,35.6088,37.1401,36.2615,35.3242,36.0407,35.3170
2023-07-01,32,Bologna / Borgo Panigale,0,36.0000,39.9528,5.6215,35.7720,36.0584,35.2122,34.8572,37.3726,37.1512,35.6446,35.7014,37.9971,37.1389,35.7328,36.7686,35.4896
2023-07-01,34,Forli,3,27.0000,33.4500,5.6215,35.1323,35.5854,35.8492,34.4222,37.4573,36.3756,35.2785,35.5812,37.0024,36.4241,35.3393,36.7742,35.8612
2023-07-01,35,Cervia,3,6.0000,25.9357,5.6215,35.1485,35.2959,35.1481,34.5056,36.2031,36.6424,35.6834,35.6694,36.9218,36.5929,35.6269,36.1786,35.3208
2023-07-01,36,Rimini,3,12.0000,52.7910,5.6215,34.7259,35.2500,35.3113,34.6438,36.1148,36.2434,35.5083,35.4575,36.4189,36.2144,35.4678,36.2848,35.4417
2023-07-01,37,Torino / Collegno,2,287.0000,74.9769,5.6215,36.5139,34.6533,36.6514,35.2989,36.8443,36.3927,36.4994,37.2334,37.5355,36.5151,36.5856,36.1332,36.1158
2023-07-01,38,Aosta / Pollein,0,546.0000,20.6866,5.6215,34.0535,31.9942,31.6073,35.4367,32.8283,32.4165,31.5757,31.8739,32.5324,32.3483,31.5321,32.5824,32.1930
2023-07-02,0,Grand St. Bernard / Grand Saint Bernard,3,2472.0000,20.6866,3.6214,27.1787,27.5368,29.1262,31.8248,28.7950,28.2259,29.0587,29.2338,28.4669,28.1610,29.0766,27.8497,28.8552
2023-07-02,1,Locarno-Magadino,3,197.0000,62.2060,3.6214,32.8721,30.7392,31.9105,35.5610,31.5915,31.2239,31.2930,31.4786,31.4903,31.3168,31.4704,31.4549,31.8800
2023-07-02,2,Lugano,3,273.0000,46.2864,3.6214,33.0975,31.1129,32.6862,35.4901,32.4181,31.8739,31.9371,32.0558,32.0712,31.9603,32.1030,32.2088,32.6165
2023-07-02,3,Paganella,2,2125.0000,86.1858,3.6214,32.4754,34.2657,34.8494,34.1998,34.1112,34.7525,34.7845,34.6841,35.3261,34.8256,34.8305,34.6013,34.6319
2023-07-02,4,Aviano,3,128.0000,53.5302,3.6214,35.8925,35.2974,36.4487,36.2795,36.3179,36.4782,36.2209,36.0336,36.7541,36.4953,36.2389,36.4803,36.2215
2023-07-02,5,Pian Rosa,4,3480.0000,33.9630,3.6214,27.5608,26.8945,28.2364,31.9403,27.0502,27.0996,27.7585,27.5438,26.6200,27.8412,28.3988,27.1203,27.8177
2023-07-02,6,Torino / Caselle,2,301.0000,62.2905,3.6214,33.4013,30.9841,32.4499,32.3686,32.1210,32.0291,32.3641,32.6285,32.4110,32.1426,32.4100,31.9369,32.2670
2023-07-02,7,Torino / Bric Della Croce,2,709.0000,72.5131,3.6214,32.6335,31.1022,32.6651,32.5259,32.5593,32.3258,32.5982,32.9698,32.8010,32.4485,32.6549,32.2160,32.4783
2023-07-02,8,Novara / Cameri,1,178.0000,49.0769,3.6214,35.1428,32.4716,34.8587,34.0066,34.3798,34.6034,34.9126,34.9122,34.8136,34.6973,34.9766,34.1974,34.5928
2023-07-02,9,Milano / Malpensa,1,234.0000,46.2864,3.6214,34.8472,32.4022,34.6427,34.2599,34.0131,34.3095,34.6679,34.6847,34.5368,34.3882,34.7182,33.9956,34.4246
2023-07-02,10,Bergamo / Orio Al Serio,2,238.0000,41.5983,3.6214,36.7070,34.4859,36.1874,35.5676,36.3708,36.0801,36.1540,36.1994,36.5396,36.1897,36.1999,35.8599,35.9950
2023-07-02,11,Milano / Linate,4,107.0000,41.5983,3.6214,35.8137,34.1786,36.2197,35.1211,36.2406,36.2091,36.3673,36.2479,36.0863,36.2293,36.4056,35.8021,36.1128
2023-07-02,12,Piacenza,2,134.0000,55.9905,3.6214,35.2460,35.2902,35.7711,34.6346,36.6881,36.1896,35.6210,35.7024,36.5574,36.1811,35.5478,36.2371,35.7775
2023-07-02,13,Brescia / Ghedi,2,102.0000,45.8189,3.6214,36.8327,35.9041,37.0871,35.7122,37.4275,37.3894,37.2010,37.2768,37.9374,37.4241,37.1944,37.1001,36.9652
2023-07-02,14,Verona / Rivoltella,2,64.0000,25.9799,3.6214,35.8081,35.5709,36.9270,35.7596,37.1778,37.0625,36.9233,36.8656,37.5447,37.1132,36.9462,36.8498,36.7427
2023-07-02,15,Verona / Villafranca,1,67.0000,25.9799,3.6214,37.1537,35.8780,36.5767,36.3803,37.2643,37.0912,36.2789,36.4846,37.8159,37.1408,36.2771,37.1050,36.5136
2023-07-02,16,Padova,3,13.0000,37.0588,3.6214,37.1761,34.8431,36.0209,36.0959,36.6935,36.6324,36.2201,36.8816,37.7046,36.5482,36.1342,36.2357,35.8282
2023-07-02,17,Treviso / Istrana,1,45.0000,37.0588,3.6214,36.3631,34.8472,35.4500,36.0618,36.0296,35.7700,35.4300,35.7289,36.7615,35.8064,35.4270,35.7918,35.4976
2023-07-02,18,Treviso / S. Angelo,1,18.0000,38.0901,3.6214,36.4111,34.7919,35.5644,36.0455,36.3748,36.0640,35.7440,35.7436,36.7466,36.0972,35.7398,35.9949,35.6981
2023-07-02,19,Venezia / Tessera,1,2.0000,39.4195,3.6214,32.6175,33.5176,33.5870,35.8377,34.1194,33.5887,33.2507,32.8213,33.9756,33.5905,33.2079,33.7572,33.4493
2023-07-02,20,Monte Settepani / Caragna,0,1381.0000,55.2369,3.6214,29.9151,30.3175,29.6153,32.9852,30.7178,31.0777,30.6433,30.6484,30.9811,30.9271,30.5122,30.5813,30.3899
2023-07-02,21,Mondovi,0,559.0000,72.5131,3.6214,31.6967,30.2954,30.7635,32.6513,31.3073,31.2666,31.1060,31.3514,31.4078,31.0441,30.9278,31.1033,31.1750
2023-07-02,22,Monte Malanotte,0,1741.0000,85.7364,3.6214,29.3854,29.0679,28.6053,32.6315,29.9904,29.6643,29.4631,29.4214,29.5178,29.5186,29.3565,29.4893,29.5194
2023-07-02,23,Passo Dei Giovi,0,468.0000,24.9535,3.6214,33.1813,32.4000,32.0648,33.5638,32.8047,32.8820,32.0863,32.2420,32.9791,32.7334,31.9277,32.9071,32.3640
2023-07-02,24,Genova / Sestri,1,2.0000,24.9535,3.6214,32.0606,32.2016,33.1812,32.9151,32.9748,33.3151,33.1630,32.8131,33.1756,33.3461,33.1862,33.3458,33.2100
2023-07-02,25,Albenga,0,45.0000,71.3337,3.6214,31.8437,30.6419,30.0052,32.7511,31.1941,31.2884,30.8936,30.6317,30.9269,31.2357,30.8796,31.0602,30.8965
2023-07-02,26,Passo Della Cisa,4,1039.0000,55.9905,3.6214,32.5304,34.5585,33.7654,34.0154,34.0856,34.6209,34.0598,33.3369,34.0011,34.6059,34.0571,34.6526,34.2843
2023-07-02,27,Sarzana / Luni,4,9.0000,94.6868,3.6214,35.9816,35.0612,35.8882,33.4073,36.9611,36.6819,36.1428,36.1200,36.7562,36.6944,36.1790,36.4807,36.1129
2023-07-02,28,Bologna / Borgo Panigale,0,51.0000,41.0210,3.6214,38.4885,37.0563,37.3900,36.1561,38.9759,38.9119,37.5357,37.8518,39.6062,38.9233,37.6208,38.5587,37.4033
2023-07-02,29,Ferrara / Fontana,4,9.0000,39.9528,3.6214,36.6829,36.0187,36.8512,36.1499,37.6888,37.2622,36.7406,36.9895,37.9088,37.2510,36.7308,37.2038,36.7830
2023-07-02,30,Monte Cimone,4,2165.0000,59.3732,3.6214,31.1783,35.0457,33.9581,35.8016,34.2267,35.2557,34.6635,34.4632,35.3113,35.2463,34.6494,35.0922,34.6830
2023-07-02,31,Ferrara,4,10.0000,41.7377,3.6214,37.2515,35.9910,36.8664,36.1675,38.0932,37.3777,36.8707,37.0587,37.9615,37.3874,36.8842,37.2086,36.7946
2023-07-02,33,Punta Marina,1,2.0000,25.9357,3.6214,33.1435,34.8558,34.4190,35.1349,35.4554,34.8168,33.7573,33.7553,35.5442,34.8065,33.7060,34.9932,33.9716
2023-07-02,34,Forli,3,27.0000,33.4500,3.6214,36.5375,36.4462,36.8660,35.9064,38.2811,37.8954,36.7114,36.8177,38.2427,37.8909,36.7203,37.8333,36.7687
2023-07-02,35,Cervia,3,6.0000,25.9357,3.6214,36.1152,35.7154,35.6961,35.9039,37.0777,36.9739,35.8188,35.6658,37.0413,36.9163,35.7584,36.8581,35.7551
2023-07-02,36,Rimini,3,12.0000,52.7910,3.6214,34.1783,35.4211,35.3712,36.2736,36.4957,36.2346,35.0529,34.7218,36.1303,36.2119,35.0308,36.4665,35.3788
2023-07-02,37,Torino / Collegno,2,287.0000,74.9769,3.6214,34.0014,31.0448,32.8712,32.4428,32.6331,32.4182,32.7172,33.1724,32.9714,32.5406,32.7748,32.3119,32.5985
2023-07-02,38,Aosta / Pollein,0,546.0000,20.6866,3.6214,30.4035,28.2629,28.6069,31.8921,29.3693,29.0925,28.8193,28.8249,28.6228,28.9705,28.7323,29.0725,29.2751
2023-07-03,0,Grand St. Bernard / Grand Saint Bernard,3,2472.0000,20.6866,15.1082,29.8401,29.2459,31.1772,34.4650,29.6748,29.8594,31.8031,32.6877,30.9679,29.8523,31.8232,29.4406,30.9909
2023-07-03,1,Locarno-Magadino,3,197.0000,62.2060,15.1082,32.8942,31.6520,32.5390,34.4958,32.4971,32.1189,31.8788,32.5254,32.8044,32.1788,32.0222,32.1823,32.3392
2023-07-03,2,Lugano,3,273.0000,46.2864,15.1082,32.8967,31.8067,32.5683,34.4845,32.4387,32.5376,32.2195,32.5174,32.8748,32.5596,32.3229,32.4480,32.5334
2023-07-03,3,Paganella,2,2125.0000,86.1858,15.1082,32.7593,34.0187,35.0252,33.9351,34.7416,34.4573,34.6413,34.2080,34.0929,34.5384,34.7139,34.5831,34.5483
2023-07-03,4,Aviano,3,128.0000,53.5302,15.1082,36.4746,33.9399,35.2003,35.1407,34.7610,35.2220,35.3129,35.4670,35.2413,35.2236,35.2950,35.1741,34.8520
2023-07-03,5,Pian Rosa,4,3480.0000,33.9630,15.1082,30.9807,29.3326,30.8425,34.4787,29.2789,29.8071,30.8455,30.7196,29.3721,30.2548,31.2146,29.5054,30.4604
2023-07-03,6,Torino / Caselle,2,301.0000,62.2905,15.1082,33.8999,31.7033,33.3658,34.0798,32.5658,32.9489,33.4670,33.4466,32.8713,33.0477,33.5294,32.6289,32.8307
2023-07-03,7,Torino / Bric Della Croce,2,709.0000,72.5131,15.1082,33.8502,32.0397,33.6712,33.9582,33.4379,33.4560,33.7089,33.7806,33.4896,33.5557,33.7722,33.1960,33.1721
2023-07-03,8,Novara / Cameri,1,178.0000,49.0769,15.1082,33.6497,32.4513,33.9738,34.4157,33.4433,33.9617,33.9954,33.9759,33.8628,34.0292,34.0242,33.6887,33.8061
2023-07-03,9,Milano / Malpensa,1,234.0000,46.2864,15.1082,34.7340,32.4576,33.9221,34.4338,33.3354,34.1145,34.1551,34.1426,34.0026,34.1983,34.1970,33.6449,33.7689
2023-07-03,10,Bergamo / Orio Al Serio,2,238.0000,41.5983,15.1082,34.0265,33.6843,35.1580,34.3990,35.3712,35.3537,35.0986,35.3908,35.6121,35.4525,35.1538,35.0184,34.9050
2023-07-03,11,Milano / Linate,4,107.0000,41.5983,15.1082,34.2915,33.3284,34.2823,34.3585,35.1145,34.9739,34.3711,34.2389,34.7122,34.9765,34.3921,34.6588,34.3657
2023-07-03,12,Piacenza,2,134.0000,55.9905,15.1082,33.5545,33.9263,34.1027,33.9345,35.2517,34.6564,33.8485,34.1290,34.9565,34.6644,33.7952,34.7343,34.0857
2023-07-03,13,Brescia / Ghedi,2,102.0000,45.8189,15.1082,34.5935,34.2308,35.5582,34.6315,36.0606,35.4991,35.0635,35.1822,35.6426,35.4907,35.0187,35.6257,35.3116
2023-07-03,14,Verona / Rivoltella,2,64.0000,25.9799,15.1082,34.6554,34.3074,35.6777,34.7642,36.1057,35.6707,35.3011,35.4185,35.8370,35.6889,35.2988,35.7011,35.4315
2023-07-03,15,Verona / Villafranca,1,67.0000,25.9799,15.1082,35.4010,34.4233,34.5903,35.3007,35.4495,35.7324,34.9098,34.9480,35.6539,35.7761,34.9315,35.5114,34.7553
2023-07-03,16,Padova,3,13.0000,37.0588,15.1082,36.0311,34.0514,35.3044,35.2440,35.7221,35.3805,35.0902,35.1677,35.2711,35.3328,35.0293,35.5534,35.0156
2023-07-03,17,Treviso / Istrana,1,45.0000,37.0588,15.1082,35.5184,33.9359,35.3164,35.1728,35.2950,34.7489,35.1268,35.2778,34.8762,34.7118,35.1122,35.1424,35.2083
2023-07-03,18,Treviso / S. Angelo,1,18.0000,38.0901,15.1082,34.8910,33.6285,34.8694,35.1340,34.7495,34.3574,34.7920,34.8694,34.4190,34.3097,34.7687,34.8187,34.9254
2023-07-03,19,Venezia / Tessera,1,2.0000,39.4195,15.1082,32.0292,32.4793,32.7255,34.9560,31.5569,32.5128,33.0203,32.4296,31.9182,32.5119,33.0502,32.6400,32.7396
2023-07-03,20,Monte Settepani / Caragna,0,1381.0000,55.2369,15.1082,30.6275,32.2348,31.5822,33.6771,32.3678,32.4739,32.1381,32.3772,32.2595,32.4249,32.1119,32.4430,32.1539
2023-07-03,21,Mondovi,0,559.0000,72.5131,15.1082,33.0379,32.6332,32.9054,33.7385,33.5413,33.0199,32.9351,33.3940,33.0947,32.8911,32.8479,33.1685,33.1778
2023-07-03,22,Monte Malanotte,0,1741.0000,85.7364,15.1082,31.1706,32.0993,31.7256,33.7162,32.9086,32.5333,32.4277,32.6869,32.4030,32.4280,32.3615,32.4381,32.4015
2023-07-03,23,Passo Dei Giovi,0,468.0000,24.9535,15.1082,32.5051,32.9670,32.0465,33.4701,33.5565,33.3520,32.6149,33.4352,33.7420,33.2393,32.4908,33.1400,32.4351
2023-07-03,24,Genova / Sestri,1,2.0000,24.9535,15.1082,32.0825,32.8018,32.6554,32.9343,33.1726,33.0657,32.0150,31.3351,32.6711,33.0581,31.9881,33.6568,32.8635
2023-07-03,25,Albenga,0,45.0000,71.3337,15.1082,31.0491,32.1626,31.7492,33.5707,32.7228,32.5296,32.3892,32.4886,32.4019,32.5003,32.3765,32.5772,32.3227
2023-07-03,26,Passo Della Cisa,4,1039.0000,55.9905,15.1082,33.0575,34.0093,33.4475,33.3709,34.5438,34.5394,33.5403,33.5765,34.4497,34.4647,33.4669,34.5195,33.6991
2023-07-03,27,Sarzana / Luni,4,9.0000,94.6868,15.1082,34.2214,34.4214,33.9434,32.9559,34.8750,35.3985,34.5166,34.3571,35.0980,35.3905,34.5282,35.2316,34.4103
2023-07-03,28,Bologna / Borgo Panigale,0,51.0000,41.0210,15.1082,35.5300,35.8734,35.8059,35.3680,37.3196,37.2439,35.8911,35.9544,37.0959,37.2482,36.0112,36.9298,36.0014
2023-07-03,29,Ferrara / Fontana,4,9.0000,39.9528,15.1082,35.6523,35.2852,35.9240,35.2412,36.6347,36.4258,35.4572,35.7008,36.4815,36.3874,35.4103,36.5490,35.9604
2023-07-03,30,Monte Cimone,4,2165.0000,59.3732,15.1082,32.4264,34.8569,34.0015,35.1091,35.3656,35.7395,34.6323,34.5490,35.6331,35.6673,34.5391,35.2865,34.4858
2023-07-03,31,Ferrara,4,10.0000,41.7377,15.1082,35.7307,35.2477,35.8016,35.2453,36.9799,36.4481,35.5183,35.6953,36.4348,36.4208,35.4850,36.4511,35.8721
2023-07-03,32,Bologna / Borgo Panigale,0,36.0000,39.9528,15.1082,35.3722,35.8752,35.8264,35.3639,37.1457,37.2571,35.9172,35.9784,37.1106,37.2621,36.0360,36.9479,36.0254
2023-07-03,33,Punta Marina,1,2.0000,25.9357,15.1082,32.7381,34.2257,34.4031,35.0982,33.4957,34.2570,34.2849,33.5097,33.5267,34.2796,34.2997,34.3206,34.1316
2023-07-03,34,Forli,3,27.0000,33.4500,15.1082,36.5430,35.7863,35.7828,35.7523,36.8087,36.6731,35.1817,35.9254,36.9287,36.6941,35.2200,36.8013,35.6145
2023-07-03,35,Cervia,3,6.0000,25.9357,15.1082,36.6969,34.9864,35.1974,35.8056,35.9592,36.2944,34.9502,35.2832,36.0323,36.2359,34.8858,36.1686,34.9962
2023-07-03,36,Rimini,3,12.0000,52.7910,15.1082,36.0187,34.8953,34.8260,36.1822,35.3785,35.6632,34.7612,34.9499,35.4230,35.6420,34.7282,35.7924,34.6398
2023-07-03,37,Torino / Collegno,2,287.0000,74.9769,15.1082,34.7073,31.9136,33.7740,33.9751,33.5988,33.4183,33.7879,33.7634,33.3517,33.5324,33.8660,33.1222,33.1878
2023-07-03,38,Aosta / Pollein,0,546.0000,20.6866,15.1082,32.4280,29.7119,30.6276,34.4240,30.5022,30.1813,30.4157,30.6784,30.1310,30.1033,30.4031,30.2723,30.9687
2023-07-04,0,Grand St. Bernard / Grand Saint Bernard,3,2472.0000,20.6866,8.1187,29.4937,30.6346,31.5750,34.3950,31.1695,30.9300,31.5223,31.7657,30.9832,30.8420,31.5088,30.7946,31.4189
2023-07-04,1,Locarno-Magadino,3,197.0000,62.2060,8.1187,33.7398,32.3300,32.8511,35.3213,32.8123,32.5157,32.4940,32.7532,32.7203,32.5692,32.5961,32.6512,32.8167
2023-07-04,2,Lugano,3,273.0000,46.2864,8.1187,33.4930,32.4849,33.2640,35.3001,33.3919,32.7742,32.7390,32.6316,32.5906,32.8253,32.8501,33.1206,33.2722
2023-07-04,3,Paganella,2,2125.0000,86.1858,8.1187,30.8997,32.3633,32.8837,32.4535,32.5163,32.8373,32.7927,32.5178,32.5775,32.9021,32.8249,32.6819,32.6506
2023-07-04,4,Aviano,3,128.0000,53.5302,8.1187,33.9326,33.2632,33.8632,33.8896,34.0737,33.9129,33.0929,33.2722,33.8623,33.9397,33.1585,34.1251,33.5912
2023-07-04,5,Pian Rosa,4,3480.0000,33.9630,8.1187,30.5939,29.9782,30.4495,34.4854,30.1440,29.9704,30.2441,30.2795,29.5390,30.6814,30.8664,30.1198,30.2421
2023-07-04,6,Torino / Caselle,2,301.0000,62.2905,8.1187,34.0386,33.4914,34.6121,34.6553,34.0477,34.2614,34.4843,34.6244,34.1430,34.3270,34.5118,34.1730,34.3844
2023-07-04,7,Torino / Bric Della Croce,2,709.0000,72.5131,8.1187,34.0203,33.5131,34.7979,34.7279,34.7396,34.3153,34.4734,34.6798,34.2538,34.4015,34.5183,34.3945,34.5663
2023-07-04,8,Novara / Cameri,1,178.0000,49.0769,8.1187,35.4913,33.6181,35.1959,35.6091,34.6196,34.8136,35.1551,35.2108,34.5443,34.8601,35.2049,34.7366,34.9550
2023-07-04,9,Milano / Malpensa,1,234.0000,46.2864,8.1187,34.8037,33.5240,34.8393,35.5775,34.3860,34.6740,35.0648,35.2952,34.5926,34.7273,35.1239,34.4433,34.6921
2023-07-04,10,Bergamo / Orio Al Serio,2,238.0000,41.5983,8.1187,34.3229,33.7874,35.3280,34.6889,35.2804,34.6569,35.1030,35.1601,34.7406,34.7302,35.1290,34.7678,35.0932
2023-07-04,11,Milano / Linate,4,107.0000,41.5983,8.1187,36.3452,34.0573,35.3706,35.4538,35.6921,35.4186,35.4405,35.3425,35.2330,35.4315,35.4695,35.2687,35.2913
2023-07-04,12,Piacenza,2,134.0000,55.9905,8.1187,35.2699,34.3560,35.5871,35.1536,35.6059,35.2479,35.4985,35.5513,35.2227,35.2467,35.4590,35.1496,35.2583
2023-07-04,13,Brescia / Ghedi,2,102.0000,45.8189,8.1187,34.8266,34.1795,35.5501,34.2018,35.7221,35.1688,35.2431,35.3942,35.2954,35.2111,35.2494,35.2645,35.3064
2023-07-04,14,Verona / Rivoltella,2,64.0000,25.9799,8.1187,32.0751,33.6888,34.8808,33.8597,35.3032,34.5035,34.4338,34.2577,34.2964,34.5279,34.4224,34.7688,34.7195
2023-07-04,15,Verona / Villafranca,1,67.0000,25.9799,8.1187,34.5270,33.9410,33.9070,33.9405,34.9887,34.8631,33.6898,33.8723,34.4662,34.8949,33.6774,34.8838,33.9815
2023-07-04,16,Padova,3,13.0000,37.0588,8.1187,35.1150,33.6891,34.1638,33.7338,35.1260,35.0161,34.2845,34.1251,34.5697,34.9572,34.2382,34.7228,34.1402
2023-07-04,18,Treviso / S. Angelo,1,18.0000,38.0901,8.1187,34.5289,33.4761,34.1346,33.6514,34.4792,34.8148,34.5819,34.6074,34.5711,34.8770,34.6286,34.5700,34.2515
2023-07-04,19,Venezia / Tessera,1,2.0000,39.4195,8.1187,32.5037,33.1645,33.4593,33.6088,33.3674,33.7552,33.5560,33.2030,33.0882,33.8023,33.5878,33.4467,33.1200
2023-07-04,20,Monte Settepani / Caragna,0,1381.0000,55.2369,8.1187,31.6602,32.2929,32.4694,35.0021,32.1859,32.8383,33.4640,33.4047,32.4778,32.7380,33.4416,32.3877,32.8059
2023-07-04,21,Mondovi,0,559.0000,72.5131,8.1187,32.5259,32.6679,32.9974,34.7621,33.1807,33.1255,33.5012,33.6398,32.9682,33.0474,33.4880,32.9761,33.2763
2023-07-04,22,Monte Malanotte,0,1741.0000,85.7364,8.1187,31.8412,31.5746,31.5011,34.7470,32.1089,32.2998,32.7159,32.8172,32.1037,32.1570,32.6471,31.8387,32.1574
2023-07-04,23,Passo Dei Giovi,0,468.0000,24.9535,8.1187,34.1370,33.1236,34.6698,35.2946,33.8475,33.7161,34.5368,34.4631,33.3797,33.5322,34.4362,33.6839,34.1836
2023-07-04,24,Genova / Sestri,1,2.0000,24.9535,8.1187,35.7675,33.0770,34.0393,34.8783,33.5331,34.1280,34.1409,33.8786,33.3505,34.1236,34.1428,34.1126,34.0254
2023-07-04,25,Albenga,0,45.0000,71.3337,8.1187,32.5154,32.4402,32.7508,34.8338,32.7979,33.1901,33.7938,33.4962,32.5890,33.1580,33.8028,32.8128,33.2116
2023-07-04,26,Passo Della Cisa,4,1039.0000,55.9905,8.1187,34.0037,33.8377,33.9779,34.4597,34.0439,34.0002,34.1063,34.1587,33.8246,33.9654,34.0953,34.0424,34.0488
2023-07-04,27,Sarzana / Luni,4,9.0000,94.6868,8.1187,34.3302,34.4837,35.3132,34.2357,34.9524,34.9806,35.1189,34.7766,34.3949,34.9693,35.1255,35.4278,35.4443
2023-07-04,28,Bologna / Borgo Panigale,0,51.0000,41.0210,8.1187,35.5940,34.6023,35.0773,34.5332,36.0943,35.7313,34.9411,34.8640,35.5639,35.7430,34.9999,35.6391,34.9487
2023-07-04,29,Ferrara / Fontana,4,9.0000,39.9528,8.1187,35.2626,34.3202,34.9744,34.2541,35.5995,35.3078,34.9214,35.1638,35.2438,35.2917,34.9004,35.2792,34.8534
2023-07-04,30,Monte Cimone,4,2165.0000,59.3732,8.1187,31.4448,33.3611,32.6699,34.4824,32.6184,33.7382,33.6217,33.7263,33.6330,33.7190,33.6039,33.3395,33.1286
2023-07-04,31,Ferrara,4,10.0000,41.7377,8.1187,34.9838,34.3061,34.9285,34.2403,36.0006,35.3447,34.9592,35.1773,35.2564,35.3381,34.9490,35.2595,34.8326
2023-07-04,33,Punta Marina,1,2.0000,25.9357,8.1187,32.4349,33.7329,33.3043,34.5454,33.3612,33.6745,33.1987,32.3214,32.0978,33.6655,33.2062,33.8136,33.0795
2023-07-04,35,Cervia,3,6.0000,25.9357,8.1187,34.2490,33.8667,34.2537,35.1657,34.7125,34.5974,33.6931,33.9403,34.0152,34.5703,33.6660,34.8661,34.0738
2023-07-04,36,Rimini,3,12.0000,52.7910,8.1187,32.5073,33.6727,33.5754,35.5366,33.8983,33.9044,33.0535,32.7400,32.8183,33.8995,33.0452,34.3010,33.5152
2023-07-04,37,Torino / Collegno,2,287.0000,74.9769,8.1187,34.9540,33.6405,35.0172,34.6761,34.9951,34.6069,34.7650,34.9617,34.5281,34.6948,34.8142,34.5636,34.7329
2023-07-04,38,Aosta / Pollein,0,546.0000,20.6866,8.1187,32.6788,31.2891,30.7647,34.4293,31.7952,31.6690,31.0849,31.0474,31.1240,31.5991,30.9877,31.6796,31.4114
2023-07-05,0,Grand St. Bernard / Grand Saint Bernard,3,2472.0000,20.6866,11.7741,30.3813,31.6977,31.3333,34.4443,32.6637,32.2762,31.0355,31.2803,32.3601,32.2473,31.1352,31.9778,31.2071
2023-07-05,1,Locarno-Magadino,3,197.0000,62.2060,11.7741,32.4508,31.5675,31.6962,33.8842,32.2595,31.8350,31.3189,31.6692,32.0669,31.8802,31.4552,31.9699,31.6377
2023-07-05,2,Lugano,3,273.0000,46.2864,11.7741,32.7039,31.7741,32.1691,33.8020,32.6030,32.4324,31.9741,32.2018,32.5420,32.5001,32.1241,32.4771,32.1617
2023-07-05,3,Paganella,2,2125.0000,86.1858,11.7741,32.2217,32.2364,32.2074,32.8223,32.9818,32.5414,31.8270,31.8606,32.5768,32.6035,31.9054,32.6540,31.9601
2023-07-05,4,Aviano,3,128.0000,53.5302,11.7741,35.3275,34.1900,34.1042,34.6565,34.9144,35.2640,34.0035,33.9872,34.9726,35.2710,34.0003,35.1699,33.9245
2023-07-05,5,Pian Rosa,4,3480.0000,33.9630,11.7741,30.8144,31.1556,30.6109,34.3351,31.2831,31.4437,30.2943,30.0122,30.9872,31.9277,30.8145,31.3363,30.3866
2023-07-05,6,Torino / Caselle,2,301.0000,62.2905,11.7741,33.5661,33.5892,33.3968,33.5495,34.2364,34.5038,33.6638,33.8065,34.4785,34.5885,33.7130,34.3460,33.5267
2023-07-05,7,Torino / Bric Della Croce,2,709.0000,72.5131,11.7741,32.3163,33.4429,33.3234,33.2743,34.5637,34.2794,33.4710,33.6593,34.2817,34.3542,33.5078,34.3097,33.4303
2023-07-05,8,Novara / Cameri,1,178.0000,49.0769,11.7741,33.7313,32.6384,33.7959,32.8932,34.2406,34.3446,33.8705,33.9820,34.1835,34.3963,33.9030,34.1227,33.6747
2023-07-05,9,Milano / Malpensa,1,234.0000,46.2864,11.7741,34.5075,32.6454,33.9267,33.0540,34.3044,34.3420,33.9541,34.1245,34.2524,34.3992,33.9907,34.1371,33.7694
2023-07-05,10,Bergamo / Orio Al Serio,2,238.0000,41.5983,11.7741,34.1428,32.3196,34.3727,33.5709,35.3470,34.1510,33.7474,33.9476,34.3436,34.2665,33.8218,34.2253,33.8542
2023-07-05,11,Milano / Linate,4,107.0000,41.5983,11.7741,33.6449,32.4904,33.5320,33.1987,34.4122,34.2063,33.9470,33.9023,34.0695,34.2175,33.9803,33.8557,33.4953
2023-07-05,12,Piacenza,2,134.0000,55.9905,11.7741,32.4979,32.1265,32.6831,32.6595,33.3027,32.6244,32.2374,32.3923,32.6583,32.6328,32.2079,32.9449,32.4233
2023-07-05,13,Brescia / Ghedi,2,102.0000,45.8189,11.7741,32.7282,32.3273,33.3770,33.4932,34.3979,33.7376,33.0243,33.1744,33.8501,33.7191,32.9781,33.7648,33.1370
2023-07-05,14,Verona / Rivoltella,2,64.0000,25.9799,11.7741,33.7001,32.3603,33.2255,33.4719,34.3455,33.8290,32.9200,33.2223,34.0952,33.8163,32.8937,33.8075,33.0534
2023-07-05,15,Verona / Villafranca,1,67.0000,25.9799,11.7741,32.1840,32.5873,33.0755,33.8659,33.6974,33.5569,33.1562,33.1739,33.3096,33.6042,33.1674,33.5759,33.1702
2023-07-05,16,Padova,3,13.0000,37.0588,11.7741,34.7349,33.5775,33.7687,34.2126,35.2473,35.2761,33.7196,33.8843,35.1239,35.2389,33.6787,35.1210,33.9229
2023-07-05,17,Treviso / Istrana,1,45.0000,37.0588,11.7741,34.1788,33.6555,34.1760,34.3567,34.7745,34.6201,34.3103,34.3339,34.5536,34.6469,34.3024,34.6150,34.3190
2023-07-05,18,Treviso / S. Angelo,1,18.0000,38.0901,11.7741,33.7712,33.6372,34.4203,34.3548,34.8187,34.5084,34.2025,34.1983,34.4199,34.5020,34.1601,34.9349,34.6339
2023-07-05,19,Venezia / Tessera,1,2.0000,39.4195,11.7741,29.2215,32.6227,32.1653,34.2611,31.7503,33.0215,32.5965,31.7358,32.0678,33.0797,32.6060,32.7759,32.3905
2023-07-05,20,Monte Settepani / Caragna,0,1381.0000,55.2369,11.7741,29.2964,31.1773,29.3802,32.4675,31.2561,31.2675,29.8807,29.7793,30.6438,31.1858,29.7596,31.4483,30.1350
2023-07-05,21,Mondovi,0,559.0000,72.5131,11.7741,31.6791,32.3179,31.2745,32.8724,33.2261,32.7672,31.3273,31.3553,32.3564,32.5937,31.1126,33.0315,31.7560
2023-07-05,22,Monte Malanotte,0,1741.0000,85.7364,11.7741,30.3870,31.7412,29.9871,32.8482,32.4917,32.0093,30.5630,30.3291,31.3209,31.8805,30.3896,32.1253,30.8413
2023-07-05,23,Passo Dei Giovi,0,468.0000,24.9535,11.7741,32.3256,31.6560,30.4014,31.9261,32.2952,31.9402,30.8353,31.6428,32.2038,31.8053,30.6624,31.9996,30.7928
2023-07-05,24,Genova / Sestri,1,2.0000,24.9535,11.7741,29.1051,30.8907,30.7936,31.6145,30.8670,30.9278,30.5987,29.5480,29.4293,30.8935,30.6146,31.6362,31.0000
2023-07-05,25,Albenga,0,45.0000,71.3337,11.7741,29.9030,31.0990,29.7331,32.5203,31.4369,31.5936,30.7612,30.7971,31.3270,31.5469,30.7122,31.6600,30.3539
2023-07-05,26,Passo Della Cisa,4,1039.0000,55.9905,11.7741,32.5944,32.0652,31.6361,32.4458,32.6348,32.6918,32.2112,32.2250,32.4665,32.6239,32.1730,32.5264,31.7647
2023-07-05,27,Sarzana / Luni,4,9.0000,94.6868,11.7741,32.3186,31.3936,31.9982,32.1650,32.9633,32.1462,31.7890,31.5021,31.6766,32.1537,31.8224,32.9060,32.1021
2023-07-05,28,Bologna / Borgo Panigale,0,51.0000,41.0210,11.7741,34.8404,33.9846,34.4507,34.3188,35.4273,35.0493,34.2943,34.2837,34.7710,35.0072,34.3022,35.2673,34.3940
2023-07-05,29,Ferrara / Fontana,4,9.0000,39.9528,11.7741,35.0879,34.2173,35.0971,34.0474,35.9870,35.8529,34.9934,35.1227,35.7977,35.8097,34.9677,35.7951,34.9922
2023-07-05,30,Monte Cimone,4,2165.0000,59.3732,11.7741,31.5787,32.6073,31.4030,34.1346,32.6041,32.9797,32.5877,32.5569,32.8249,32.9473,32.5780,32.7235,32.0085
2023-07-05,31,Ferrara,4,10.0000,41.7377,11.7741,34.4086,34.1996,34.9998,34.0429,36.1904,35.8945,35.0265,35.1346,35.8142,35.8612,35.0117,35.7311,34.9213
2023-07-05,33,Punta Marina,1,2.0000,25.9357,11.7741,33.6171,34.9086,34.5358,34.6704,34.6683,35.7375,35.3202,34.7908,35.1818,35.8310,35.4253,35.0470,34.2715
2023-07-05,34,Forli,3,27.0000,33.4500,11.7741,35.7556,35.0979,35.8275,35.5141,36.9850,35.7983,34.3855,34.7617,35.8690,35.8640,34.4650,36.6124,35.6206
2023-07-05,36,Rimini,3,12.0000,52.7910,11.7741,35.6404,35.1642,35.2694,36.2566,35.9135,36.0845,35.0135,35.0712,35.9322,36.0646,34.9867,36.3744,35.3260
2023-07-05,37,Torino / Collegno,2,287.0000,74.9769,11.7741,33.0004,33.7256,33.9215,33.3668,35.3143,34.7904,33.9572,34.2154,34.8686,34.8776,34.0078,34.8009,33.9291
2023-07-06,0,Grand St. Bernard / Grand Saint Bernard,3,2472.0000,20.6866,14.2307,28.8307,29.3553,29.9592,31.3180,30.3807,29.9100,29.5369,29.5474,30.3215,29.8054,29.5028,29.6556,29.6353
2023-07-06,1,Locarno-Magadino,3,197.0000,62.2060,14.2307,29.8114,29.2379,30.0182,31.0441,30.0412,29.3511,29.4806,29.6620,29.4868,29.3774,29.5318,29.6358,30.0378
2023-07-06,2,Lugano,3,273.0000,46.2864,14.2307,30.1403,29.1468,30.5565,31.0463,30.5757,29.6878,30.0746,30.4455,29.9076,29.7385,30.1752,30.1154,30.5276
2023-07-06,3,Paganella,2,2125.0000,86.1858,14.2307,31.2316,30.1693,31.5995,31.5910,31.7973,30.4817,30.8050,30.8583,30.5105,30.5324,30.8267,30.9457,31.3947
2023-07-06,4,Aviano,3,128.0000,53.5302,14.2307,32.7374,31.3970,33.3261,32.5758,32.4688,32.2625,33.0205,32.8310,31.8593,32.3040,33.0294,32.5292,33.2374
2023-07-06,5,Pian Rosa,4,3480.0000,33.9630,14.2307,30.2924,28.8415,29.0771,31.3578,29.3590,29.1005,28.8633,29.0488,29.1908,30.1801,29.9026,29.0579,28.7058
2023-07-06,6,Torino / Caselle,2,301.0000,62.2905,14.2307,30.3109,30.6839,31.6210,31.9456,31.8403,31.4243,31.1542,31.1537,31.5580,31.4948,31.1620,31.6902,31.5390
2023-07-06,7,Torino / Bric Della Croce,2,709.0000,72.5131,14.2307,32.7900,31.1506,32.2734,32.1258,32.5622,32.1288,31.7646,31.8263,32.3276,32.2369,31.8115,32.4299,32.2034
2023-07-06,8,Novara / Cameri,1,178.0000,49.0769,14.2307,32.0695,29.6422,31.6736,31.7241,31.1750,31.1746,31.5628,31.2280,30.8224,31.1927,31.5857,31.2761,31.4782
2023-07-06,9,Milano / Malpensa,1,234.0000,46.2864,14.2307,31.7462,29.5327,31.1858,31.6214,30.8188,30.9550,31.3855,31.1467,30.7042,30.9746,31.4160,30.8950,31.1151
2023-07-06,10,Bergamo / Orio Al Serio,2,238.0000,41.5983,14.2307,30.1959,29.1535,31.7832,30.6332,31.5713,30.3543,31.2747,31.1812,30.1389,30.4702,31.3089,30.8091,31.3538
2023-07-06,11,Milano / Linate,4,107.0000,41.5983,14.2307,32.6948,29.4468,31.5909,31.1803,31.8372,31.3723,31.7796,31.3313,30.8361,31.3921,31.8395,31.2173,31.3876
2023-07-06,12,Piacenza,2,134.0000,55.9905,14.2307,32.8943,29.3601,32.2503,31.3600,31.8056,30.9248,31.5863,31.6029,30.9019,30.9157,31.5156,31.2052,31.5684
2023-07-06,13,Brescia / Ghedi,2,102.0000,45.8189,14.2307,31.8568,29.8198,32.5429,31.2160,32.1570,31.2658,32.0065,31.9306,31.1146,31.3521,32.0325,31.5344,32.0033
2023-07-06,14,Verona / Rivoltella,2,64.0000,25.9799,14.2307,29.8715,29.6460,31.6216,31.7591,31.4210,29.9988,30.8427,30.8665,29.9643,30.0082,30.7989,30.8661,31.3580
2023-07-06,15,Verona / Villafranca,1,67.0000,25.9799,14.2307,32.8537,30.5564,31.7607,32.8100,32.1229,31.9532,31.9976,31.8973,31.4942,31.9810,32.0197,31.9181,31.7137
2023-07-06,16,Padova,3,13.0000,37.0588,14.2307,32.4320,31.4540,33.6042,33.0122,33.2528,33.4200,33.8767,34.0106,33.2520,33.3453,33.7984,32.9755,33.4475
2023-07-06,17,Treviso / Istrana,1,45.0000,37.0588,14.2307,34.0245,31.3473,32.5874,32.8521,33.2477,32.7281,32.5275,32.5189,32.5243,32.7674,32.5353,32.8632,32.6475
2023-07-06,19,Venezia / Tessera,1,2.0000,39.4195,14.2307,32.9247,31.0535,31.4428,32.6393,31.3843,32.3072,31.9824,31.6259,31.7218,32.3887,32.0297,31.4737,31.1333
2023-07-06,20,Monte Settepani / Caragna,0,1381.0000,55.2369,14.2307,29.0199,29.8287,28.9535,31.9062,29.5917,30.5039,30.2531,30.4349,30.8619,30.3726,30.2142,29.9783,29.8197
2023-07-06,21,Mondovi,0,559.0000,72.5131,14.2307,30.4066,31.0522,31.0044,32.3550,31.7595,31.9324,31.8776,32.3273,32.4019,31.7825,31.8170,31.6616,31.5395
2023-07-06,22,Monte Malanotte,0,1741.0000,85.7364,14.2307,29.5604,30.6424,29.5076,32.3612,30.9021,31.2927,31.1886,31.2484,31.4060,31.1930,31.1783,30.7280,30.5952
2023-07-06,23,Passo Dei Giovi,0,468.0000,24.9535,14.2307,30.0000,29.0025,29.3667,31.0088,29.5407,30.1626,29.9123,29.9513,30.5243,29.9413,29.7956,29.5475,29.5319
2023-07-06,24,Genova / Sestri,1,2.0000,24.9535,14.2307,29.1021,28.8661,30.1768,30.5790,29.9674,29.8767,29.7352,30.0999,30.3268,29.8945,29.7023,30.1371,30.1620
2023-07-06,26,Passo Della Cisa,4,1039.0000,55.9905,14.2307,31.1542,29.4378,29.9664,31.3601,30.3985,30.3230,30.7549,30.7750,30.3304,30.2212,30.7103,30.0006,30.0712
2023-07-06,27,Sarzana / Luni,4,9.0000,94.6868,14.2307,30.9028,29.9579,31.2204,31.0500,31.7114,31.1565,31.2901,31.4391,31.3070,31.1026,31.2772,31.5189,31.4622
2023-07-06,28,Bologna / Borgo Panigale,0,51.0000,41.0210,14.2307,33.6662,32.0982,33.8007,33.8825,33.9619,33.7645,33.3972,33.3469,33.3098,33.7621,33.4576,33.7480,33.5127
2023-07-06,29,Ferrara / Fontana,4,9.0000,39.9528,14.2307,33.8375,32.3013,33.5908,33.3850,34.2716,34.2308,33.7094,33.8001,34.0099,34.2335,33.7206,33.9564,33.5490
2023-07-06,30,Monte Cimone,4,2165.0000,59.3732,14.2307,31.5201,30.6404,30.1407,33.6051,30.9082,31.5572,31.5779,31.7066,31.5148,31.4708,31.5170,30.9949,30.7765
2023-07-06,31,Ferrara,4,10.0000,41.7377,14.2307,33.9603,32.2788,33.6015,33.3605,34.6655,34.2082,33.7047,33.8361,34.0304,34.2117,33.7169,33.9477,33.5532
2023-07-06,32,Bologna / Borgo Panigale,0,36.0000,39.9528,14.2307,33.3178,32.1219,33.6940,33.8927,33.9700,33.7954,33.4177,33.3651,33.3380,33.7937,33.4774,33.6927,33.4474
2023-07-06,33,Punta Marina,1,2.0000,25.9357,14.2307,30.0717,32.2873,31.5217,33.8315,32.0593,32.3023,30.9676,30.5324,31.2761,32.2902,30.9495,32.4485,31.0345
2023-07-06,35,Cervia,3,6.0000,25.9357,14.2307,31.6648,32.5734,32.7154,34.5299,34.2906,33.2884,31.7459,31.9634,32.5653,33.2695,31.7320,33.9940,33.1496
2023-07-06,36,Rimini,3,12.0000,52.7910,14.2307,30.7210,32.3484,32.2066,34.7701,32.9632,32.5904,31.2545,31.2174,31.7264,32.5862,31.2447,33.3911,32.5676
2023-07-06,37,Torino / Collegno,2,287.0000,74.9769,14.2307,32.5703,31.2147,32.8490,32.0806,33.4497,32.3684,31.9952,31.9677,32.4726,32.4766,32.0420,32.8079,32.5793
2023-07-06,38,Aosta / Pollein,0,546.0000,20.6866,14.2307,29.7452,29.4680,29.5326,31.3911,30.8469,30.3151,29.7631,30.2372,30.5554,30.1413,29.5799,30.2860,30.1745
2023-07-07,0,Grand St. Bernard / Grand Saint Bernard,3,2472.0000,20.6866,5.4310,28.8765,28.0517,29.6127,30.5261,30.0238,28.9024,28.9245,28.9232,28.7950,28.7596,28.8608,28.4680,28.8400
2023-07-07,1,Locarno-Magadino,3,197.0000,62.2060,5.4310,31.9587,31.3946,32.3078,33.8978,31.8221,31.7424,31.7381,31.8924,31.7806,31.7868,31.8694,31.7580,32.1459
2023-07-07,2,Lugano,3,273.0000,46.2864,5.4310,31.5321,31.3693,32.3749,33.8047,32.1658,31.7392,31.7576,31.5512,31.4079,31.7715,31.8704,31.9438,32.3329
2023-07-07,3,Paganella,2,2125.0000,86.1858,5.4310,33.0099,32.3507,33.7748,33.3702,33.6652,32.9749,33.4574,33.3621,32.8180,33.0828,33.5131,32.9857,33.6084
2023-07-07,4,Aviano,3,128.0000,53.5302,5.4310,34.0932,31.2036,33.4779,33.7713,31.9795,32.3295,33.3046,33.3781,32.0974,32.3720,33.3591,32.3595,33.2951
2023-07-07,5,Pian Rosa,4,3480.0000,33.9630,5.4310,29.3534,28.5593,29.2417,30.6668,28.8481,28.8575,29.1389,29.2963,28.6809,29.7417,29.9182,28.7536,29.0805
2023-07-07,6,Torino / Caselle,2,301.0000,62.2905,5.4310,30.6386,29.5361,30.6529,30.4702,30.0644,30.4612,30.4832,30.3675,30.2461,30.5478,30.5028,30.3647,30.4912
2023-07-07,7,Torino / Bric Della Croce,2,709.0000,72.5131,5.4310,30.8458,29.5203,31.2985,30.4421,31.1814,30.7725,30.7505,30.8278,30.7243,30.9010,30.8133,30.8708,30.9325
2023-07-07,8,Novara / Cameri,1,178.0000,49.0769,5.4310,32.6221,30.9672,32.4338,32.4712,32.4422,32.5675,32.5313,32.6675,32.4088,32.6524,32.5842,32.2938,32.4126
2023-07-07,9,Milano / Malpensa,1,234.0000,46.2864,5.4310,33.4166,31.2152,32.3065,32.7209,32.3106,32.7038,32.6480,32.9005,32.6541,32.7884,32.7009,32.2920,32.3927
2023-07-07,11,Milano / Linate,4,107.0000,41.5983,5.4310,33.1484,31.5937,33.3495,33.2221,33.3397,33.4023,33.5318,33.4230,33.0251,33.4195,33.5681,32.9958,33.2675
2023-07-07,12,Piacenza,2,134.0000,55.9905,5.4310,32.0767,30.8798,32.0525,32.3841,31.8178,31.8223,31.9033,31.8334,31.6285,31.8252,31.8429,31.7562,31.9052
2023-07-07,13,Brescia / Ghedi,2,102.0000,45.8189,5.4310,34.0666,32.2922,33.8573,33.3643,33.6754,33.7429,33.8058,33.9137,33.7894,33.8018,33.8117,33.5471,33.8021
2023-07-07,14,Verona / Rivoltella,2,64.0000,25.9799,5.4310,31.9842,31.8740,33.3908,33.3692,33.5604,32.9690,33.0037,32.9120,32.8286,33.0020,32.9871,33.1263,33.3953
2023-07-07,15,Verona / Villafranca,1,67.0000,25.9799,5.4310,33.2290,32.1180,33.8129,33.4790,33.4783,33.6308,33.7123,33.8730,33.3392,33.7086,33.7549,33.4791,33.6578
2023-07-07,16,Padova,3,13.0000,37.0588,5.4310,34.7059,31.1896,33.7005,33.4162,32.7780,33.1010,33.7564,33.7431,32.6937,33.0141,33.6928,32.7642,33.4805
2023-07-07,17,Treviso / Istrana,1,45.0000,37.0588,5.4310,33.4412,31.1993,33.5016,33.7114,32.6880,32.4529,33.6702,33.6181,32.1321,32.5043,33.7162,32.3886,33.4095
2023-07-07,18,Treviso / S. Angelo,1,18.0000,38.0901,5.4310,34.3394,31.0350,33.3904,33.6476,32.3821,32.4939,33.7157,33.5163,32.0341,32.5400,33.7562,32.3749,33.4398
2023-07-07,19,Venezia / Tessera,1,2.0000,39.4195,5.4310,31.3628,29.8225,31.4604,33.2213,29.8591,30.0913,31.4860,30.5199,28.8198,30.1308,31.5223,30.1314,31.2982
2023-07-07,20,Monte Settepani / Caragna,0,1381.0000,55.2369,5.4310,27.5648,28.2855,28.2374,30.7868,28.0263,28.9062,28.7923,28.5072,28.4854,28.7400,28.6776,28.5903,28.7304
2023-07-07,21,Mondovi,0,559.0000,72.5131,5.4310,29.0376,28.5975,28.8977,30.2984,28.9265,29.2928,29.2339,29.0682,28.9523,29.1570,29.1589,29.0542,29.2408
2023-07-07,22,Monte Malanotte,0,1741.0000,85.7364,5.4310,27.7891,28.0450,27.9424,30.2696,28.3738,28.6122,28.5463,28.3712,28.2681,28.4553,28.4488,28.4283,28.6081
2023-07-07,23,Passo Dei Giovi,0,468.0000,24.9535,5.4310,30.5070,29.1822,29.9116,31.7066,29.7622,29.9440,29.7893,29.4723,29.5156,29.7286,29.6181,29.8184,29.9196
2023-07-07,24,Genova / Sestri,1,2.0000,24.9535,5.4310,30.3737,28.9503,30.3929,31.2034,29.7764,30.5708,30.5851,30.5819,30.1543,30.6140,30.6228,30.3668,30.3589
2023-07-07,25,Albenga,0,45.0000,71.3337,5.4310,27.6274,28.1779,28.2746,30.5260,28.3575,28.9444,28.8369,28.4949,28.4623,28.8854,28.8333,28.6578,28.8016
2023-07-07,26,Passo Della Cisa,4,1039.0000,55.9905,5.4310,30.7640,30.3442,30.9324,31.7043,30.5007,30.7072,30.9497,30.6164,30.0102,30.6495,30.9266,30.7028,31.0409
2023-07-07,27,Sarzana / Luni,4,9.0000,94.6868,5.4310,31.5578,30.6476,32.4885,31.3263,32.4501,32.2380,32.4772,32.6607,32.0640,32.2476,32.5086,32.1520,32.4969
2023-07-07,28,Bologna / Borgo Panigale,0,51.0000,41.0210,5.4310,34.5150,31.4978,33.2417,33.1619,33.1715,33.3545,33.3428,33.4160,33.0983,33.3641,33.4144,33.0082,33.0856
2023-07-07,29,Ferrara / Fontana,4,9.0000,39.9528,5.4310,33.5772,31.1887,34.2747,32.7095,33.2399,33.0251,33.7315,33.8947,32.6966,33.0148,33.7214,33.0373,33.7056
2023-07-07,30,Monte Cimone,4,2165.0000,59.3732,5.4310,29.8750,30.6518,31.4351,33.0210,31.1478,31.2659,31.7641,32.0179,31.1234,31.1802,31.7040,31.1231,31.6698
2023-07-07,31,Ferrara,4,10.0000,41.7377,5.4310,34.3113,31.1932,34.1650,32.7222,33.5083,33.0414,33.7409,33.9238,32.7370,33.0503,33.7485,32.9358,33.6077
2023-07-07,32,Bologna / Borgo Panigale,0,36.0000,39.9528,5.4310,34.8529,31.5019,33.1717,33.1476,33.1329,33.3356,33.3329,33.4120,33.0861,33.3435,33.4016,32.9562,33.0391
2023-07-07,33,Punta Marina,1,2.0000,25.9357,5.4310,29.3791,29.8348,30.4554,31.6560,29.8383,29.7463,30.0505,29.2614,28.4494,29.7319,30.0256,29.9979,30.1668
2023-07-07,34,Forli,3,27.0000,33.4500,5.4310,33.3141,31.0229,32.9926,32.5961,33.0189,32.7258,32.8249,33.4443,32.4403,32.6965,32.8068,32.6122,32.7913
2023-07-07,35,Cervia,3,6.0000,25.9357,5.4310,30.7099,30.1840,31.6322,32.4426,31.5281,31.2482,31.2657,31.6867,30.6266,31.2025,31.2291,31.5243,31.6274
2023-07-07,36,Rimini,3,12.0000,52.7910,5.4310,29.3166,29.6406,30.5908,32.6888,30.2755,30.0603,30.0795,30.4213,29.4870,30.0525,30.0799,30.6317,30.7404
2023-07-07,37,Torino / Collegno,2,287.0000,74.9769,5.4310,31.5400,29.5915,31.1101,30.3961,31.1233,30.8268,30.8162,31.0400,30.9295,30.9411,30.8658,30.7453,30.8203
2023-07-07,38,Aosta / Pollein,0,546.0000,20.6866,5.4310,29.5118,28.4217,29.0868,30.5282,29.6306,29.3793,29.3769,29.4428,29.2904,29.2250,29.2283,29.2537,29.6376
2023-07-08,0,Grand St. Bernard / Grand Saint Bernard,3,2472.0000,20.6866,10.5761,27.5687,28.4042,29.0601,30.4285,29.6551,29.0369,28.7128,28.3846,28.7433,29.0044,28.7357,28.7280,28.6760
2023-07-08,1,Locarno-Magadino,3,197.0000,62.2060,10.5761,30.5805,29.9595,30.7025,32.2547,31.0352,30.2550,30.0229,30.2002,30.1887,30.3400,30.2245,30.5229,30.7592
2023-07-08,2,Lugano,3,273.0000,46.2864,10.5761,30.7255,29.5353,30.6676,32.1893,30.8593,29.9784,29.7887,29.9846,29.9232,30.0834,30.0004,30.4971,30.7525
2023-07-08,3,Paganella,2,2125.0000,86.1858,10.5761,31.0832,30.0022,31.5349,31.0163,31.5493,30.7816,31.6335,31.6739,30.7977,30.8955,31.7083,30.7186,31.3739
2023-07-08,4,Aviano,3,128.0000,53.5302,10.5761,34.0991,31.4420,33.6661,33.1875,33.0207,32.9884,33.4289,33.6298,32.8366,33.0247,33.4743,33.1489,33.6215
2023-07-08,5,Pian Rosa,4,3480.0000,33.9630,10.5761,29.1748,28.4274,28.9672,30.5533,28.6370,28.8217,28.3212,28.0478,28.3625,29.6832,29.2239,28.6792,28.2862
2023-07-08,6,Torino / Caselle,2,301.0000,62.2905,10.5761,31.0991,29.4874,30.6588,31.0393,30.7710,30.7694,30.3141,30.5885,30.8537,30.8829,30.3712,30.8667,30.3449
2023-07-08,7,Torino / Bric Della Croce,2,709.0000,72.5131,10.5761,30.8440,29.4057,30.2627,31.1984,31.0872,30.7040,30.1772,30.2630,30.5732,30.8126,30.2346,30.6961,30.0728
2023-07-08,8,Novara / Cameri,1,178.0000,49.0769,10.5761,31.7917,29.8449,31.9923,31.7472,31.6414,31.7929,31.9984,31.7633,31.4155,31.8619,32.0605,31.6359,31.7601
2023-07-08,9,Milano / Malpensa,1,234.0000,46.2864,10.5761,31.2569,29.9363,31.8447,31.8573,31.2226,31.8998,32.1702,31.9276,31.5387,31.9848,32.2489,31.5204,31.6974
2023-07-08,10,Bergamo / Orio Al Serio,2,238.0000,41.5983,10.5761,31.9536,29.5097,32.1379,31.7650,32.1147,31.3558,31.9550,32.1406,31.5753,31.4940,32.0338,31.2380,31.6379
2023-07-08,11,Milano / Linate,4,107.0000,41.5983,10.5761,32.1022,29.5091,31.0476,31.6233,31.3674,31.3327,31.3431,31.4383,31.3007,31.3351,31.3653,31.0027,31.0900
2023-07-08,12,Piacenza,2,134.0000,55.9905,10.5761,29.9985,29.0616,30.4366,30.4998,30.4007,30.0218,30.0512,30.0505,29.9390,30.0206,29.9962,30.1275,30.0978
2023-07-08,13,Brescia / Ghedi,2,102.0000,45.8189,10.5761,32.1693,29.4106,32.3960,31.5868,31.9987,31.2438,31.9584,32.0423,31.3090,31.2516,31.9355,31.2303,31.7542
2023-07-08,14,Verona / Rivoltella,2,64.0000,25.9799,10.5761,31.5723,29.2436,32.5920,31.5730,32.0975,31.3121,32.2597,32.3139,31.3400,31.3555,32.2822,31.2191,31.9267
2023-07-08,15,Verona / Villafranca,1,67.0000,25.9799,10.5761,32.6946,29.4217,31.6254,31.9358,31.2075,31.0341,31.4734,31.5930,30.8635,31.0932,31.4875,30.9831,31.4518
2023-07-08,17,Treviso / Istrana,1,45.0000,37.0588,10.5761,32.5938,30.2501,32.5716,32.6095,32.2737,31.9956,32.6718,32.5692,31.7457,32.0510,32.7025,31.9770,32.5501
2023-07-08,18,Treviso / S. Angelo,1,18.0000,38.0901,10.5761,32.5672,30.0443,32.3067,32.5639,31.8832,31.7407,32.4205,32.1248,31.3041,31.7741,32.4300,31.8058,32.3955
2023-07-08,19,Venezia / Tessera,1,2.0000,39.4195,10.5761,28.9530,28.5966,29.2622,32.0749,28.4808,28.8190,29.5851,28.4612,27.5107,28.8500,29.5883,28.8702,29.5005
2023-07-08,20,Monte Settepani / Caragna,0,1381.0000,55.2369,10.5761,26.7746,28.4277,27.2388,30.8041,28.1440,28.5114,27.6993,27.6239,28.0837,28.4459,27.6568,28.5700,28.0637
2023-07-08,21,Mondovi,0,559.0000,72.5131,10.5761,28.5506,29.0826,28.6449,31.3314,29.7370,29.3703,28.8054,28.8040,29.0536,29.2855,28.7599,29.5232,29.1793
2023-07-08,23,Passo Dei Giovi,0,468.0000,24.9535,10.5761,27.8323,28.6321,27.3929,29.8591,28.5230,28.7015,27.8578,27.9567,28.4695,28.6444,27.7950,28.5913,28.0174
2023-07-08,24,Genova / Sestri,1,2.0000,24.9535,10.5761,27.6339,28.6091,28.6070,29.0689,28.5409,29.3222,28.4498,28.0961,28.4699,29.3261,28.4447,29.5819,28.8534
2023-07-08,25,Albenga,0,45.0000,71.3337,10.5761,25.4085,28.2629,27.1557,30.8090,28.2808,28.5794,27.7615,27.3577,27.8151,28.5632,27.8057,28.4920,28.0038
2023-07-08,27,Sarzana / Luni,4,9.0000,94.6868,10.5761,29.1878,28.0719,29.0462,28.8973,29.7497,29.4618,29.2380,29.4180,29.3510,29.4513,29.2507,29.5164,29.3576
2023-07-08,28,Bologna / Borgo Panigale,0,51.0000,41.0210,10.5761,32.7615,29.5202,32.1976,31.2993,31.9318,32.0077,32.0642,32.5798,32.2235,32.0212,32.1578,31.5172,31.6713
2023-07-08,29,Ferrara / Fontana,4,9.0000,39.9528,10.5761,32.2718,29.3968,31.8750,31.2112,31.4281,31.1862,31.6172,31.7454,31.0405,31.1423,31.5781,31.1050,31.4949
2023-07-08,30,Monte Cimone,4,2165.0000,59.3732,10.5761,27.0838,27.8513,28.1289,30.9995,28.6504,28.6597,28.8992,29.0473,28.6057,28.5757,28.8343,28.3331,28.5925
2023-07-08,31,Ferrara,4,10.0000,41.7377,10.5761,32.7281,29.3905,31.7869,31.2342,31.3433,31.2770,31.7019,31.8508,31.1504,31.2578,31.6869,31.0453,31.4371
2023-07-08,32,Bologna / Borgo Panigale,0,36.0000,39.9528,10.5761,33.0371,29.5265,32.1633,31.2900,32.2009,32.0061,32.0719,32.5852,32.2203,32.0196,32.1640,31.4891,31.6477
2023-07-08,33,Punta Marina,1,2.0000,25.9357,10.5761,27.7059,28.8575,29.0415,30.5122,28.7836,28.8443,28.5645,27.4732,27.4217,28.8478,28.5070,29.0062,28.8891
2023-07-08,34,Forli,3,27.0000,33.4500,10.5761,32.9512,30.4882,31.9112,31.4773,32.4273,32.0492,31.6924,32.4566,32.1277,32.0529,31.7136,32.0028,31.9412
2023-07-08,35,Cervia,3,6.0000,25.9357,10.5761,29.4517,29.6286,30.5953,31.4978,31.2406,31.1080,30.5884,31.2466,31.0307,31.0428,30.5320,30.9873,30.8002
2023-07-08,36,Rimini,3,12.0000,52.7910,10.5761,29.5226,29.9407,30.7843,31.9736,31.1741,31.0540,30.5802,30.9918,30.8093,31.0225,30.5550,31.2552,31.0726
2023-07-08,38,Aosta / Pollein,0,546.0000,20.6866,10.5761,28.9663,28.5701,28.2028,30.5060,29.7489,29.3164,28.4578,28.5919,29.2112,29.1518,28.3368,29.2908,29.0093
2023-07-09,0,Grand St. Bernard / Grand Saint Bernard,3,2472.0000,20.6866,6.3259,29.2475,29.4593,31.2139,32.2415,30.9481,30.0865,30.7331,30.6532,29.8666,30.0257,30.6828,29.8333,30.3772
2023-07-09,1,Locarno-Magadino,3,197.0000,62.2060,6.3259,31.6709,31.1240,32.0449,32.7496,31.6497,31.1562,31.4876,31.8695,31.4769,31.1988,31.5725,31.3647,31.8229
2023-07-09,2,Lugano,3,273.0000,46.2864,6.3259,30.4604,30.7657,32.1315,32.6960,31.6398,31.0779,31.3999,31.4506,31.0683,31.1452,31.5124,31.5177,31.9810
2023-07-09,3,Paganella,2,2125.0000,86.1858,6.3259,30.6809,28.6360,29.8092,30.6672,30.1086,29.5876,29.8587,29.9464,29.6711,29.7287,29.9717,29.3375,29.5415
2023-07-09,4,Aviano,3,128.0000,53.5302,6.3259,34.4791,31.4992,33.6711,32.9635,32.9870,33.2280,33.3110,33.4177,32.9328,33.2598,33.3416,33.2692,33.3740
2023-07-09,6,Torino / Caselle,2,301.0000,62.2905,6.3259,32.2119,30.3554,31.7657,31.6751,31.2603,31.7988,31.7296,31.9955,31.9204,31.9350,31.8034,31.5929,31.3467
2023-07-09,7,Torino / Bric Della Croce,2,709.0000,72.5131,6.3259,32.3680,29.9523,31.6916,31.4878,32.2503,31.6575,31.4816,31.6329,31.6566,31.8217,31.5851,31.5525,31.2121
2023-07-09,8,Novara / Cameri,1,178.0000,49.0769,6.3259,33.0003,31.2709,33.0764,32.2582,33.3059,33.0305,33.0935,33.2648,32.9795,33.0886,33.1363,32.9377,32.9966
2023-07-09,9,Milano / Malpensa,1,234.0000,46.2864,6.3259,33.7485,31.3972,32.8514,32.3520,32.9446,33.2713,33.3034,33.5426,33.2893,33.3482,33.3654,32.8350,32.8638
2023-07-09,10,Bergamo / Orio Al Serio,2,238.0000,41.5983,6.3259,32.4592,30.0065,32.2417,32.4165,32.9216,31.9809,32.0102,32.2005,32.1206,32.1167,32.0943,31.8817,31.8297
2023-07-09,12,Piacenza,2,134.0000,55.9905,6.3259,30.5122,29.2129,30.5833,30.7139,30.7407,30.1747,30.0298,30.1584,30.1273,30.1689,29.9652,30.6201,30.3621
2023-07-09,13,Brescia / Ghedi,2,102.0000,45.8189,6.3259,31.9517,29.3189,31.4427,31.8694,31.3879,30.9749,31.1323,31.2260,30.9919,30.9658,31.0913,31.0308,31.0966
2023-07-09,14,Verona / Rivoltella,2,64.0000,25.9799,6.3259,31.3834,29.0058,31.0917,31.5115,31.3299,30.8130,31.0664,31.2427,30.9217,30.8327,31.0687,30.6417,30.8064
2023-07-09,15,Verona / Villafranca,1,67.0000,25.9799,6.3259,31.4350,29.2979,31.6613,31.5330,31.0291,30.8959,31.4792,31.5205,30.6902,30.9518,31.4896,30.9180,31.5101
2023-07-09,16,Padova,3,13.0000,37.0588,6.3259,32.4457,30.2348,32.7470,32.1435,32.3712,32.7139,32.8655,32.7569,32.1647,32.6013,32.7552,32.3574,32.5504
2023-07-09,17,Treviso / Istrana,1,45.0000,37.0588,6.3259,32.8197,30.7900,33.0209,32.5629,32.4419,32.3532,32.9342,32.8847,32.1867,32.4013,32.9243,32.4191,33.0737
2023-07-09,18,Treviso / S. Angelo,1,18.0000,38.0901,6.3259,32.8758,30.8077,32.7667,32.5443,31.9118,32.3623,32.9432,32.5690,31.8751,32.3994,32.9229,32.3315,33.0059
2023-07-09,19,Venezia / Tessera,1,2.0000,39.4195,6.3259,28.2967,29.4249,30.2999,32.2184,29.4955,29.5341,30.1771,29.1157,28.3114,29.5456,30.1205,29.7271,30.4469
2023-07-09,20,Monte Settepani / Caragna,0,1381.0000,55.2369,6.3259,27.8344,28.4800,27.6499,30.9078,28.6054,29.1810,28.5776,28.4418,28.7220,28.9703,28.3820,28.9353,28.4124
2023-07-09,21,Mondovi,0,559.0000,72.5131,6.3259,28.8973,28.5974,28.9007,31.1385,29.2026,29.5585,29.2686,29.2945,29.3727,29.3223,29.0833,29.4425,29.2425
2023-07-09,22,Monte Malanotte,0,1741.0000,85.7364,6.3259,27.6184,27.8736,27.1200,31.1052,28.1219,28.3330,27.9910,27.5272,27.6364,28.1836,27.8861,28.2268,27.9740
2023-07-09,23,Passo Dei Giovi,0,468.0000,24.9535,6.3259,29.1344,29.1761,27.7946,30.3810,29.3257,29.4997,28.6467,28.5986,29.0520,29.3959,28.5411,29.3463,28.5492
2023-07-09,24,Genova / Sestri,1,2.0000,24.9535,6.3259,27.3270,29.0861,29.5190,29.6302,28.8045,29.5254,29.1118,28.5328,28.4134,29.4952,29.0696,30.0964,29.7633
2023-07-09,25,Albenga,0,45.0000,71.3337,6.3259,27.5645,28.5863,27.7880,30.8003,28.8926,29.2145,28.7038,28.4127,28.6424,29.1452,28.6712,29.0434,28.5591
2023-07-09,26,Passo Della Cisa,4,1039.0000,55.9905,6.3259,27.5990,27.7627,28.0594,29.4326,28.9602,28.2389,28.2201,28.4216,28.1088,28.1328,28.1547,28.4065,28.2816
2023-07-09,27,Sarzana / Luni,4,9.0000,94.6868,6.3259,28.2165,27.1658,28.1810,28.8765,28.5552,28.5640,28.4974,28.5944,28.3167,28.5709,28.5351,28.6180,28.4599
2023-07-09,28,Bologna / Borgo Panigale,0,51.0000,41.0210,6.3259,31.6251,28.2193,31.2278,30.0781,30.3416,30.8193,31.1499,31.3597,30.8263,30.8395,31.2092,30.5529,30.8422
2023-07-09,29,Ferrara / Fontana,4,9.0000,39.9528,6.3259,31.5291,28.9580,31.0692,30.6727,30.7559,30.7571,31.0228,31.2425,30.5721,30.7121,30.9787,30.6790,30.9764
2023-07-09,31,Ferrara,4,10.0000,41.7377,6.3259,31.7934,29.0117,30.9507,30.7310,30.7596,30.8146,31.0689,31.2396,30.5839,30.7996,31.0542,30.6231,30.9166
2023-07-09,33,Punta Marina,1,2.0000,25.9357,6.3259,27.0168,27.8457,28.7358,29.6390,27.6975,27.7167,28.3878,27.5131,26.5797,27.7025,28.3134,27.9890,28.6600
2023-07-09,34,Forli,3,27.0000,33.4500,6.3259,31.0621,28.3388,30.2185,30.2670,30.4226,30.0813,29.9744,30.5252,29.7907,30.0971,30.0121,30.0831,30.0254
2023-07-09,35,Cervia,3,6.0000,25.9357,6.3259,30.7296,28.1948,30.0367,30.4389,30.2265,30.4470,30.2195,30.7865,30.1299,30.3444,30.1292,30.0774,29.9094
2023-07-09,36,Rimini,3,12.0000,52.7910,6.3259,29.6828,28.2168,30.0377,30.9965,30.1482,30.0462,29.8083,30.1091,29.4590,29.9834,29.7577,30.0924,29.9218
2023-07-09,37,Torino / Collegno,2,287.0000,74.9769,6.3259,33.3224,30.1388,32.1437,31.5139,32.8716,32.0218,31.8881,32.1659,32.1501,32.1817,31.9876,31.8804,31.5749
2023-07-09,38,Aosta / Pollein,0,546.0000,20.6866,6.3259,31.1839,29.8419,29.9744,32.1834,30.8998,30.5575,30.1817,30.3299,30.2212,30.4389,30.1232,30.6396,30.6079
2023-07-10,0,Grand St. Bernard / Grand Saint Bernard,3,2472.0000,20.6866,6.8904,27.9177,29.4154,29.5585,30.7735,30.2439,29.9447,29.6155,29.6296,29.7630,29.9250,29.6523,29.6901,29.4097
2023-07-10,1,Locarno-Magadino,3,197.0000,62.2060,6.8904,30.2306,28.9339,29.8984,31.9797,30.3239,29.2851,29.3958,29.6198,29.3349,29.3806,29.5734,29.5843,29.9921
2023-07-10,2,Lugano,3,273.0000,46.2864,6.8904,29.9070,28.8402,30.3275,31.9203,30.4089,29.4183,29.5985,29.9700,29.6166,29.5009,29.7577,29.9197,30.3749
2023-07-10,4,Aviano,3,128.0000,53.5302,6.8904,34.4857,33.7256,34.9138,34.3678,35.0162,35.2940,34.6923,34.9255,34.8539,35.3044,34.7019,35.3721,34.7940
2023-07-10,5,Pian Rosa,4,3480.0000,33.9630,6.8904,28.2281,28.6158,28.6002,30.7783,28.7759,28.8424,28.5226,28.3975,28.1232,29.3276,29.0014,28.8087,28.4518
2023-07-10,6,Torino / Caselle,2,301.0000,62.2905,6.8904,31.3832,29.8626,30.7204,30.8506,30.8390,31.0587,30.9509,31.0760,30.9319,31.1712,31.0121,30.9138,30.5732
2023-07-10,7,Torino / Bric Della Croce,2,709.0000,72.5131,6.8904,30.8212,29.4129,31.0463,30.8671,31.5981,30.9380,30.8497,30.8536,30.6652,31.0860,30.9468,31.0206,30.6772
2023-07-10,8,Novara / Cameri,1,178.0000,49.0769,6.8904,32.7417,29.8429,31.8764,30.9902,31.8177,31.6626,31.9366,31.9905,31.4762,31.7191,31.9769,31.5427,31.7627
2023-07-10,9,Milano / Malpensa,1,234.0000,46.2864,6.8904,31.7410,29.8752,31.7135,31.1502,31.3719,31.7144,32.0182,32.1576,31.6252,31.7856,32.0726,31.4202,31.6661
2023-07-10,10,Bergamo / Orio Al Serio,2,238.0000,41.5983,6.8904,32.2637,29.1533,31.7929,31.8836,32.1433,31.2380,31.6148,32.0261,31.4025,31.3778,31.6990,31.0798,31.3277
2023-07-10,11,Milano / Linate,4,107.0000,41.5983,6.8904,32.0658,29.3348,31.9550,31.4219,31.5716,31.4261,31.9847,31.8005,31.0400,31.4371,32.0162,31.2217,31.6914
2023-07-10,12,Piacenza,2,134.0000,55.9905,6.8904,30.2186,28.5666,30.1348,30.3988,29.8511,29.5072,29.7772,30.0109,29.4146,29.5103,29.7386,29.7226,29.7836
2023-07-10,13,Brescia / Ghedi,2,102.0000,45.8189,6.8904,32.6190,29.6360,32.3761,31.7578,31.9281,31.6165,31.8370,32.0756,31.5330,31.6053,31.7992,31.6550,31.8162
2023-07-10,14,Verona / Rivoltella,2,64.0000,25.9799,6.8904,32.2342,29.8832,32.0247,31.8552,32.1956,31.6342,31.7774,32.0221,31.5360,31.6498,31.7784,31.5150,31.6616
2023-07-10,15,Verona / Villafranca,1,67.0000,25.9799,6.8904,32.3068,30.7674,32.4302,32.4698,32.0554,32.1606,32.6204,32.7561,31.8416,32.2239,32.6437,31.9600,32.4034
2023-07-10,16,Padova,3,13.0000,37.0588,6.8904,33.8171,32.6508,33.7420,33.4510,34.1930,34.5744,34.2507,34.3991,34.0771,34.4892,34.1609,34.1848,33.8639
2023-07-10,17,Treviso / Istrana,1,45.0000,37.0588,6.8904,33.4622,33.2471,34.0115,33.9211,34.4070,34.2869,34.0088,33.9770,33.8195,34.3141,33.9752,34.4092,34.3039
2023-07-10,18,Treviso / S. Angelo,1,18.0000,38.0901,6.8904,33.8002,33.2566,33.8569,33.8723,33.9129,34.3844,34.0985,33.6401,33.5005,34.4053,34.0599,34.4444,34.3223
2023-07-10,19,Venezia / Tessera,1,2.0000,39.4195,6.8904,30.7039,31.8595,32.0624,33.4585,31.9292,31.9500,31.6607,30.3406,30.0847,31.9525,31.5919,32.1742,32.0865
2023-07-10,20,Monte Settepani / Caragna,0,1381.0000,55.2369,6.8904,27.2377,27.2337,26.3480,30.4511,27.4939,27.7641,27.1632,27.2556,27.4091,27.5906,26.9994,27.7737,27.2343
2023-07-10,21,Mondovi,0,559.0000,72.5131,6.8904,27.9394,27.9760,27.5771,30.8554,28.5946,28.4493,28.0062,28.0025,28.1370,28.2975,27.8865,28.5817,28.2326
2023-07-10,22,Monte Malanotte,0,1741.0000,85.7364,6.8904,27.4821,27.2615,26.5175,30.8456,27.9276,27.9282,27.4554,27.2334,27.3747,27.7117,27.2652,27.8532,27.4707
2023-07-10,23,Passo Dei Giovi,0,468.0000,24.9535,6.8904,28.9319,27.5980,27.0455,29.7243,28.0608,28.1108,27.5723,27.7367,27.7312,27.9125,27.3680,28.1621,27.5788
2023-07-10,24,Genova / Sestri,1,2.0000,24.9535,6.8904,26.4008,27.4009,28.8028,29.0272,28.0171,27.9807,28.2954,27.4527,26.6219,27.9362,28.2781,28.7720,28.8145
2023-07-10,25,Albenga,0,45.0000,71.3337,6.8904,25.8796,27.4620,26.5533,30.4371,27.6294,28.0134,27.6289,27.6887,27.7909,27.9616,27.5969,27.9936,27.4754
2023-07-10,26,Passo Della Cisa,4,1039.0000,55.9905,6.8904,27.4155,27.4386,27.4135,29.4229,27.7772,27.5555,27.9036,27.8944,27.1206,27.5237,27.9186,27.6156,27.7597
2023-07-10,27,Sarzana / Luni,4,9.0000,94.6868,6.8904,28.1196,26.9628,28.0540,28.8993,27.9796,28.3211,28.5776,27.7857,27.0966,28.3299,28.6139,28.2768,28.3652
2023-07-10,28,Bologna / Borgo Panigale,0,51.0000,41.0210,6.8904,33.7555,30.2019,32.3742,31.7478,31.9063,32.3362,32.3880,32.8091,32.2291,32.3441,32.4553,31.8944,31.9792
2023-07-10,29,Ferrara / Fontana,4,9.0000,39.9528,6.8904,32.8906,31.1041,32.8528,32.1337,32.2534,32.4589,32.4445,32.5332,31.9919,32.4249,32.4109,32.5342,32.6869
2023-07-10,30,Monte Cimone,4,2165.0000,59.3732,6.8904,27.9839,27.4163,28.0988,31.2795,28.6253,28.1480,28.7235,28.9043,27.9120,28.0602,28.6684,27.9542,28.3343
2023-07-10,31,Ferrara,4,10.0000,41.7377,6.8904,33.3105,31.1654,32.8761,32.1747,32.5087,32.6041,32.5807,32.6403,32.1110,32.5925,32.5700,32.5919,32.7322
2023-07-10,32,Bologna / Borgo Panigale,0,36.0000,39.9528,6.8904,33.0396,30.2238,32.3539,31.7412,32.2416,32.3861,32.4384,32.8671,32.2852,32.3945,32.5053,31.8950,31.9793
2023-07-10,33,Punta Marina,1,2.0000,25.9357,6.8904,27.9790,29.6505,30.4683,31.6005,29.4575,29.5477,29.9857,29.0207,27.8543,29.5331,29.9143,29.8037,30.2915
2023-07-10,34,Forli,3,27.0000,33.4500,6.8904,32.2650,30.2584,31.6008,32.2404,32.1635,31.9748,31.4261,32.0113,31.7131,31.9744,31.4416,31.9251,31.5480
2023-07-10,35,Cervia,3,6.0000,25.9357,6.8904,32.4986,30.0775,31.0294,32.4049,31.6384,31.9813,31.2665,31.7856,31.5996,31.8962,31.1848,31.7192,31.1595
2023-07-10,36,Rimini,3,12.0000,52.7910,6.8904,31.8532,30.3262,31.0131,32.9333,31.5632,31.9328,31.2078,31.4797,31.2980,31.8752,31.1544,31.7846,31.2203
2023-07-10,37,Torino / Collegno,2,287.0000,74.9769,6.8904,31.8670,29.7122,31.2698,30.8624,32.1800,31.4099,31.2884,31.4182,31.2698,31.5608,31.3890,31.2916,30.9280
2023-07-10,38,Aosta / Pollein,0,546.0000,20.6866,6.8904,29.8756,29.5198,29.1109,30.7836,30.8040,30.0193,28.7662,29.2540,30.2112,29.9209,28.7207,30.3887,29.7802
2023-07-11,0,Grand St. Bernard / Grand Saint Bernard,3,2472.0000,20.6866,6.8889,33.7926,35.0822,35.2509,34.8499,35.8790,35.4443,34.8262,34.8911,35.5836,35.4280,34.8703,35.3323,34.8745
2023-07-11,2,Lugano,3,273.0000,46.2864,6.8889,33.6340,31.7544,33.5398,33.8320,32.6669,32.0980,33.0134,33.1727,32.5446,32.1531,33.0895,32.4715,33.2960
2023-07-11,3,Paganella,2,2125.0000,86.1858,6.8889,33.9473,32.1051,33.0823,33.7917,32.6904,32.5486,33.0635,33.1766,32.4798,32.6124,33.1139,32.5059,32.8952
2023-07-11,4,Aviano,3,128.0000,53.5302,6.8889,36.1514,36.0439,37.0081,36.0197,36.7394,37.0708,36.7069,36.7621,37.0476,37.0638,36.6947,36.9824,36.7198
2023-07-11,5,Pian Rosa,4,3480.0000,33.9630,6.8889,33.7810,34.0730,33.8236,34.7810,34.0810,34.1488,33.8674,33.5960,33.7576,34.6380,34.3398,34.2118,33.8752
2023-07-11,7,Torino / Bric Della Croce,2,709.0000,72.5131,6.8889,33.9582,33.5407,34.2835,34.8015,34.6590,34.3970,34.2976,34.5226,34.4294,34.4814,34.3456,34.4083,34.2529
2023-07-11,8,Novara / Cameri,1,178.0000,49.0769,6.8889,34.3046,32.5764,34.2734,33.6532,33.6625,33.5242,34.1173,34.3106,33.7468,33.5361,34.1236,33.6305,34.1449
2023-07-11,9,Milano / Malpensa,1,234.0000,46.2864,6.8889,34.7018,32.5222,34.2046,33.6812,33.4415,33.5808,34.2891,34.5136,33.8432,33.6087,34.3124,33.5010,34.1041
2023-07-11,10,Bergamo / Orio Al Serio,2,238.0000,41.5983,6.8889,33.9220,31.1715,33.3457,33.4255,32.5331,32.0995,33.1390,33.4353,32.3413,32.1594,33.1674,32.1248,32.9478
2023-07-11,11,Milano / Linate,4,107.0000,41.5983,6.8889,33.7963,31.3815,33.4439,33.2220,32.6063,32.4986,33.6646,33.6527,32.7411,32.5085,33.6781,32.3346,33.2722
2023-07-11,12,Piacenza,2,134.0000,55.9905,6.8889,32.5102,30.3135,32.3875,32.3149,31.1596,30.8018,31.8193,31.9184,30.6824,30.7940,31.8044,31.0287,31.7936
2023-07-11,13,Brescia / Ghedi,2,102.0000,45.8189,6.8889,33.4237,31.4029,33.5203,33.3137,32.3760,32.2607,33.1854,33.3927,32.3316,32.2550,33.1784,32.2982,33.0583
2023-07-11,14,Verona / Rivoltella,2,64.0000,25.9799,6.8889,34.3295,31.7793,33.9532,33.4873,33.0043,32.8212,33.7150,33.9967,32.9608,32.8223,33.7181,32.8053,33.5532
2023-07-11,15,Verona / Villafranca,1,67.0000,25.9799,6.8889,34.0161,32.3428,34.1485,33.9386,33.1139,32.9491,34.0946,34.1184,32.9318,32.9716,34.1090,32.9061,33.9109
2023-07-11,16,Padova,3,13.0000,37.0588,6.8889,35.4227,34.1798,34.8096,34.9622,35.1923,34.9499,35.0204,35.2446,35.0320,34.9293,34.9974,34.9554,35.1006
2023-07-11,17,Treviso / Istrana,1,45.0000,37.0588,6.8889,35.2216,35.0522,35.9366,35.3045,36.0477,35.6697,35.9255,35.8266,35.3161,35.6836,35.9105,35.7230,36.0622
2023-07-11,18,Treviso / S. Angelo,1,18.0000,38.0901,6.8889,34.9082,35.1513,35.9827,35.3491,35.5325,35.8086,36.0187,35.6904,35.2221,35.8041,35.9845,35.9975,36.3115
2023-07-11,19,Venezia / Tessera,1,2.0000,39.4195,6.8889,33.5664,34.4971,34.9526,35.3053,34.1097,34.5647,34.8506,33.7517,33.1331,34.5494,34.8032,34.6986,35.0776
2023-07-11,20,Monte Settepani / Caragna,0,1381.0000,55.2369,6.8889,30.8652,31.6586,31.7624,33.9212,31.3817,32.0301,32.3230,32.6593,31.8667,31.9117,32.2414,31.9490,32.1940
2023-07-11,21,Mondovi,0,559.0000,72.5131,6.8889,32.0805,32.5534,32.8493,34.7624,32.9360,32.9743,33.0681,33.2463,32.8560,32.8620,32.9901,33.0132,33.1592
2023-07-11,22,Monte Malanotte,0,1741.0000,85.7364,6.8889,32.3824,32.3068,32.0952,34.7575,32.6451,32.6673,32.7888,32.7705,32.3171,32.5393,32.6968,32.5918,32.7506
2023-07-11,23,Passo Dei Giovi,0,468.0000,24.9535,6.8889,31.3550,30.5534,31.2045,32.2496,30.7360,30.6950,31.4280,31.9032,30.5705,30.6181,31.4041,30.7350,31.2742
2023-07-11,24,Genova / Sestri,1,2.0000,24.9535,6.8889,31.3887,30.4972,31.5298,31.8458,30.3671,30.7127,31.1398,29.7769,29.2948,30.6768,31.1119,31.2944,31.6128
2023-07-11,26,Passo Della Cisa,4,1039.0000,55.9905,6.8889,31.0174,29.3307,30.1784,31.7765,29.2234,29.3934,30.4680,30.5142,29.2888,29.3752,30.4943,29.4039,30.1996
2023-07-11,27,Sarzana / Luni,4,9.0000,94.6868,6.8889,30.8944,28.9819,30.6047,31.4988,29.3270,29.9214,30.8609,30.0064,28.8603,29.9287,30.8767,29.9691,30.7035
2023-07-11,28,Bologna / Borgo Panigale,0,51.0000,41.0210,6.8889,33.6578,31.2103,32.9369,33.2748,32.0132,32.1625,32.9019,33.0152,32.0429,32.1667,32.9034,32.0084,32.7053
2023-07-11,29,Ferrara / Fontana,4,9.0000,39.9528,6.8889,33.8460,32.2599,34.1817,33.9495,32.9358,32.9461,33.8023,34.1698,33.0460,32.9284,33.7944,33.0613,33.8345
2023-07-11,30,Monte Cimone,4,2165.0000,59.3732,6.8889,30.0276,29.4036,30.0453,32.7919,28.4970,29.5550,30.6759,30.4903,29.2343,29.5477,30.7090,29.4101,30.3390
2023-07-11,31,Ferrara,4,10.0000,41.7377,6.8889,33.6551,32.3163,34.2219,33.9858,33.4466,33.0708,33.9081,34.2559,33.1531,33.0640,33.9084,33.1393,33.9039
2023-07-11,32,Bologna / Borgo Panigale,0,36.0000,39.9528,6.8889,33.7993,31.2330,32.9079,33.2759,31.9570,32.1799,32.9184,33.0301,32.0569,32.1833,32.9194,32.0072,32.7024
2023-07-11,33,Punta Marina,1,2.0000,25.9357,6.8889,33.6088,32.3601,33.1199,33.7547,31.6889,32.5621,33.1296,32.3234,31.4466,32.5811,33.1024,32.4707,33.1781
2023-07-11,34,Forli,3,27.0000,33.4500,6.8889,33.9913,32.3936,34.7250,33.6084,33.2004,33.2212,34.1155,34.9394,33.4896,33.2455,34.1381,33.2884,34.1214
2023-07-11,35,Cervia,3,6.0000,25.9357,6.8889,34.1855,32.7687,35.1261,33.8038,33.6444,34.1763,34.9898,35.5212,34.1030,34.1155,34.9426,33.7955,34.6068
2023-07-11,37,Torino / Collegno,2,287.0000,74.9769,6.8889,34.6719,33.8836,34.8022,34.8352,35.3245,34.9275,34.7826,35.0043,34.9597,35.0135,34.8323,34.8863,34.6893
2023-07-11,38,Aosta / Pollein,0,546.0000,20.6866,6.8889,34.6604,34.8592,34.3146,34.8457,35.8499,35.2618,34.2353,34.5648,35.5076,35.1918,34.1973,35.5240,35.0054
2023-07-12,0,Grand St. Bernard / Grand Saint Bernard,3,2472.0000,20.6866,23.8025,33.8473,34.7099,34.6492,33.0985,35.1768,35.2577,34.4503,34.9511,36.0228,35.2163,34.5515,34.8025,35.0577
2023-07-12,1,Locarno-Magadino,3,197.0000,62.2060,23.8025,31.3950,31.1021,31.9921,32.2304,32.1925,31.3081,31.3784,31.3588,31.3558,31.3327,31.4251,31.4710,31.8782
2023-07-12,2,Lugano,3,273.0000,46.2864,23.8025,31.0134,30.8413,31.8935,32.2343,31.8959,31.4534,31.6612,31.5516,31.4854,31.4752,31.7233,31.4558,31.8916
2023-07-12,4,Aviano,3,128.0000,53.5302,23.8025,34.6674,35.4199,35.6863,33.7646,35.9274,35.3119,34.8995,34.5249,34.7758,35.3526,34.9406,35.7704,35.4513
2023-07-12,5,Pian Rosa,4,3480.0000,33.9630,23.8025,33.9390,33.5377,33.5864,32.9490,33.5630,34.1434,33.1181,32.9966,34.4006,34.7424,33.7552,33.6968,33.4238
2023-07-12,6,Torino / Caselle,2,301.0000,62.2905,23.8025,31.9646,31.5747,32.5853,32.8573,32.0805,32.7929,32.6495,32.5804,32.7089,32.8813,32.7132,32.2821,32.4582
2023-07-12,7,Torino / Bric Della Croce,2,709.0000,72.5131,23.8025,32.5661,31.1496,31.8443,32.7845,31.3399,32.1044,32.1539,31.8363,31.7337,32.1731,32.1947,31.6090,31.8679
2023-07-12,8,Novara / Cameri,1,178.0000,49.0769,23.8025,31.6378,30.6027,32.0753,31.5457,31.3237,31.5392,31.8367,31.6333,31.5748,31.5787,31.8476,31.5790,31.9767
2023-07-12,9,Milano / Malpensa,1,234.0000,46.2864,23.8025,31.4870,30.6481,31.9757,31.6497,31.3266,31.6534,31.9378,31.8462,31.8158,31.6875,31.9489,31.5606,31.9344
2023-07-12,10,Bergamo / Orio Al Serio,2,238.0000,41.5983,23.8025,31.9470,30.4795,31.9513,32.7374,31.2716,31.0757,31.7301,31.8288,31.1869,31.1290,31.7381,31.2681,31.6738
2023-07-12,11,Milano / Linate,4,107.0000,41.5983,23.8025,32.9478,30.2848,31.4611,32.2033,31.2859,31.4477,31.8356,31.7800,31.5598,31.4623,31.8684,31.1627,31.4793
2023-07-12,12,Piacenza,2,134.0000,55.9905,23.8025,31.4487,30.2173,31.5423,31.9695,30.7692,30.6553,31.2797,30.9454,30.2976,30.6588,31.2576,30.7872,31.1593
2023-07-12,13,Brescia / Ghedi,2,102.0000,45.8189,23.8025,32.7717,30.9228,32.3386,33.0415,31.5377,31.5466,32.1204,32.2538,31.4564,31.5586,32.1174,31.6953,32.0214
2023-07-12,14,Verona / Rivoltella,2,64.0000,25.9799,23.8025,32.7942,31.3026,32.8223,33.1274,32.0173,31.9933,32.5345,32.9205,32.0175,32.0466,32.5735,32.2346,32.5397
2023-07-12,15,Verona / Villafranca,1,67.0000,25.9799,23.8025,32.7481,31.6550,32.6774,33.3382,32.1273,32.1738,32.8698,32.6514,32.1162,32.1812,32.8813,32.1672,32.5464
2023-07-12,16,Padova,3,13.0000,37.0588,23.8025,34.9159,33.2416,33.7959,33.8955,34.4624,33.7954,33.6443,33.9651,33.9385,33.7869,33.6320,34.0871,33.9856
2023-07-12,17,Treviso / Istrana,1,45.0000,37.0588,23.8025,33.7330,34.0838,34.7271,33.8951,34.6641,34.3380,34.7454,34.5753,34.2340,34.2964,34.7437,34.6922,34.7262
2023-07-12,18,Treviso / S. Angelo,1,18.0000,38.0901,23.8025,34.0787,34.1459,34.7535,33.8970,34.5847,34.5459,34.9175,34.6043,34.2890,34.5071,34.9199,34.9321,34.9403
2023-07-12,19,Venezia / Tessera,1,2.0000,39.4195,23.8025,33.9439,33.7700,34.3873,33.9090,33.7219,34.4971,34.9380,34.4172,34.0319,34.4829,34.9720,34.0464,34.0863
2023-07-12,20,Monte Settepani / Caragna,0,1381.0000,55.2369,23.8025,29.9461,29.9604,30.2251,32.0945,29.8231,30.6553,31.1526,30.8920,31.0678,30.5895,31.1645,30.0739,30.5013
2023-07-12,21,Mondovi,0,559.0000,72.5131,23.8025,31.9942,30.7509,31.5830,32.7046,31.2269,31.5670,31.9492,31.7979,32.0904,31.4739,31.9237,31.2399,31.6296
2023-07-12,22,Monte Malanotte,0,1741.0000,85.7364,23.8025,32.3113,30.9942,31.2758,32.7008,31.4413,31.6666,32.0631,31.5394,31.8129,31.5742,32.0432,31.3323,31.7251
2023-07-12,23,Passo Dei Giovi,0,468.0000,24.9535,23.8025,30.9924,29.6030,31.0040,31.3486,30.1683,30.4538,31.1076,31.2695,31.2828,30.3067,31.0306,30.1797,30.6825
2023-07-12,24,Genova / Sestri,1,2.0000,24.9535,23.8025,30.8274,29.3003,30.3462,31.1409,29.0449,29.9053,30.2007,30.2175,29.9418,29.9367,30.1853,30.0277,30.4534
2023-07-12,25,Albenga,0,45.0000,71.3337,23.8025,30.9205,30.2281,30.7513,32.2577,30.5523,31.1878,31.6680,31.5088,31.7022,31.1019,31.6518,30.6650,31.0829
2023-07-12,26,Passo Della Cisa,4,1039.0000,55.9905,23.8025,30.9483,30.4231,31.0064,31.4159,31.0047,30.4908,30.8639,30.5750,30.3041,30.4446,30.8487,30.6727,31.0722
2023-07-12,27,Sarzana / Luni,4,9.0000,94.6868,23.8025,30.3715,29.8642,31.1112,31.1950,30.1767,30.7326,30.9931,30.4654,30.2751,30.7346,31.0108,30.8876,31.2506
2023-07-12,28,Bologna / Borgo Panigale,0,51.0000,41.0210,23.8025,32.8519,32.4969,33.6601,32.9700,33.5712,33.1496,33.4163,33.2285,33.1534,33.1556,33.4332,33.4109,33.6428
2023-07-12,29,Ferrara / Fontana,4,9.0000,39.9528,23.8025,33.3386,32.5692,33.5876,33.4096,33.1277,33.1137,33.4591,33.8289,33.5954,33.1009,33.4533,33.3661,33.5328
2023-07-12,32,Bologna / Borgo Panigale,0,36.0000,39.9528,23.8025,33.0094,32.5077,33.6181,32.9790,33.5312,33.1687,33.4348,33.2468,33.1701,33.1752,33.4519,33.3925,33.6241
2023-07-12,33,Punta Marina,1,2.0000,25.9357,23.8025,34.1491,32.7649,33.4511,33.5339,32.7905,33.6652,34.0385,33.8705,33.4152,33.6801,34.0810,32.8975,33.0168
2023-07-12,34,Forli,3,27.0000,33.4500,23.8025,33.7664,33.1646,34.4211,33.4393,33.6525,33.5617,33.8731,33.9145,33.4606,33.5850,33.9090,33.7172,34.0750
2023-07-12,35,Cervia,3,6.0000,25.9357,23.8025,34.3419,33.1254,34.7158,33.5543,33.6913,33.7849,34.1434,34.0784,33.5825,33.7906,34.1605,33.8786,34.3254
2023-07-12,36,Rimini,3,12.0000,52.7910,23.8025,33.7517,33.5552,34.6238,33.6571,33.6413,34.1040,34.4462,33.8291,33.3536,34.0914,34.4466,34.0237,34.4631
2023-07-12,37,Torino / Collegno,2,287.0000,74.9769,23.8025,32.4307,31.4079,32.5590,32.8469,31.9706,32.5251,32.5036,32.2137,32.1852,32.6021,32.5543,32.1895,32.4126
2023-07-13,0,Grand St. Bernard / Grand Saint Bernard,3,2472.0000,20.6866,12.2159,34.6956,35.9915,35.7163,34.9930,36.5128,35.8628,35.4424,36.2783,36.5920,35.8313,35.4276,36.1165,35.7023
2023-07-13,1,Locarno-Magadino,3,197.0000,62.2060,12.2159,33.0810,31.5205,32.7861,32.7881,32.4182,31.7858,32.4949,32.4204,31.9391,31.8467,32.5925,31.9302,32.5303
2023-07-13,2,Lugano,3,273.0000,46.2864,12.2159,32.5684,31.1862,32.7304,32.7776,32.3101,31.4318,32.2053,32.2162,31.6939,31.4884,32.2913,31.8979,32.5526
2023-07-13,4,Aviano,3,128.0000,53.5302,12.2159,32.9620,32.8635,34.3447,32.9972,33.7183,33.6789,33.5967,33.6032,33.5748,33.7049,33.6446,33.9581,34.1655
2023-07-13,5,Pian Rosa,4,3480.0000,33.9630,12.2159,35.2836,34.7854,34.6213,34.8510,34.8839,34.4818,34.1589,33.8870,34.1475,35.0153,34.6934,34.9254,34.4823
2023-07-13,6,Torino / Caselle,2,301.0000,62.2905,12.2159,34.2493,34.1247,34.5904,34.9335,34.5729,34.4878,34.4919,34.4168,34.3763,34.5350,34.5046,34.7342,34.5125
2023-07-13,7,Torino / Bric Della Croce,2,709.0000,72.5131,12.2159,34.4284,33.6445,34.3180,34.9119,34.4387,34.2582,34.2850,34.2986,34.2495,34.3307,34.3206,34.4255,34.2111
2023-07-13,8,Novara / Cameri,1,178.0000,49.0769,12.2159,34.2708,32.0748,33.8784,33.0462,33.2480,33.0719,33.6549,33.9344,33.4687,33.0833,33.6847,33.2622,33.6419
2023-07-13,9,Milano / Malpensa,1,234.0000,46.2864,12.2159,33.4086,31.9563,33.7171,33.0185,33.1965,32.9493,33.6281,33.9415,33.3817,32.9636,33.6614,33.0477,33.5146
2023-07-13,10,Bergamo / Orio Al Serio,2,238.0000,41.5983,12.2159,32.2112,29.7938,31.6430,32.4399,31.3042,30.5666,31.5387,31.4263,30.5990,30.6373,31.5658,30.6386,31.3287
2023-07-13,11,Milano / Linate,4,107.0000,41.5983,12.2159,32.7305,30.4886,32.2078,32.7457,31.9237,31.4164,32.2839,32.3322,31.6689,31.4242,32.2984,31.4389,32.1003
2023-07-13,12,Piacenza,2,134.0000,55.9905,12.2159,30.7506,29.6284,31.1725,31.9918,30.6197,30.2569,30.9206,31.0933,30.3916,30.2484,30.8868,30.2793,30.7155
2023-07-13,13,Brescia / Ghedi,2,102.0000,45.8189,12.2159,31.3754,29.5128,31.5746,32.1043,30.6710,30.4883,31.3905,31.7047,30.8477,30.5227,31.3963,30.4216,31.1016
2023-07-13,14,Verona / Rivoltella,2,64.0000,25.9799,12.2159,32.0816,29.4478,31.7173,31.9039,31.0120,30.6916,31.7072,31.9430,30.9603,30.7350,31.7201,30.4990,31.2683
2023-07-13,15,Verona / Villafranca,1,67.0000,25.9799,12.2159,32.5233,29.8611,31.8348,32.0436,30.9725,31.1304,31.9247,31.9726,31.2036,31.1940,31.9669,30.8114,31.4819
2023-07-13,16,Padova,3,13.0000,37.0588,12.2159,32.0798,31.1844,32.3665,32.2584,32.8789,32.2190,32.3817,32.6567,32.2844,32.1860,32.3653,32.0450,32.3909
2023-07-13,17,Treviso / Istrana,1,45.0000,37.0588,12.2159,33.0261,31.7998,32.3726,32.4780,32.7860,32.8127,32.6896,32.7005,32.7952,32.8737,32.7234,32.5477,32.4982
2023-07-13,18,Treviso / S. Angelo,1,18.0000,38.0901,12.2159,32.5799,31.8391,32.3350,32.4715,32.4604,33.0293,32.8762,32.8230,32.9438,33.0890,32.9097,32.7419,32.6590
2023-07-13,19,Venezia / Tessera,1,2.0000,39.4195,12.2159,31.4028,31.3492,31.5278,32.2129,31.0632,31.6970,31.5309,30.5457,30.6359,31.7349,31.5430,31.5997,31.5075
2023-07-13,20,Monte Settepani / Caragna,0,1381.0000,55.2369,12.2159,30.8838,31.5003,31.5792,33.6482,31.5150,31.6370,31.8763,32.0013,31.5428,31.5271,31.8157,31.7266,31.9711
2023-07-13,21,Mondovi,0,559.0000,72.5131,12.2159,32.7753,32.8020,33.2578,34.9481,33.8536,33.1635,33.3460,33.5417,33.2576,33.0266,33.2605,33.3009,33.4829
2023-07-13,22,Monte Malanotte,0,1741.0000,85.7364,12.2159,32.7967,32.7667,32.7992,34.9663,33.9773,33.0909,33.2780,33.0665,32.7588,32.9128,33.1535,33.1738,33.3628
2023-07-13,24,Genova / Sestri,1,2.0000,24.9535,12.2159,31.1898,30.0891,30.4212,31.1162,30.3404,30.8458,30.7216,29.6989,29.7852,30.8565,30.7320,30.8613,30.6836
2023-07-13,25,Albenga,0,45.0000,71.3337,12.2159,29.3663,31.5297,31.7982,33.9662,32.1211,32.0692,32.3024,31.9750,31.5322,32.0248,32.2953,31.9877,32.2208
2023-07-13,28,Bologna / Borgo Panigale,0,51.0000,41.0210,12.2159,31.6839,29.9398,31.6378,31.4006,31.5268,31.2307,31.5254,31.5735,31.2613,31.2337,31.5422,31.0258,31.2978
2023-07-13,29,Ferrara / Fontana,4,9.0000,39.9528,12.2159,31.9903,30.5315,31.7489,31.5548,31.2385,31.4685,31.5335,31.8003,31.3830,31.4462,31.5089,31.4393,31.6086
2023-07-13,30,Monte Cimone,4,2165.0000,59.3732,12.2159,28.9552,28.5281,28.4626,31.1608,28.9164,28.8694,29.3257,29.9292,29.2460,28.8426,29.3158,28.6402,28.9675
2023-07-13,31,Ferrara,4,10.0000,41.7377,12.2159,32.0365,30.5503,31.7530,31.5813,31.7089,31.5431,31.6141,31.8434,31.4236,31.5267,31.5956,31.4636,31.6380
2023-07-13,32,Bologna / Borgo Panigale,0,36.0000,39.9528,12.2159,31.5250,29.9485,31.5894,31.3989,31.7543,31.2233,31.5155,31.5729,31.2602,31.2252,31.5310,31.0048,31.2723
2023-07-13,33,Punta Marina,1,2.0000,25.9357,12.2159,28.8338,30.1168,29.9192,30.9656,29.2680,30.0821,29.7433,29.1437,29.0546,30.0815,29.7292,30.1959,29.8692
2023-07-13,34,Forli,3,27.0000,33.4500,12.2159,31.9700,30.6659,31.5008,31.5651,31.8525,31.6931,31.1481,31.4480,31.4741,31.6610,31.1247,31.6170,31.4241
2023-07-13,35,Cervia,3,6.0000,25.9357,12.2159,29.9020,30.2567,30.7071,31.5709,30.8565,30.8385,30.1102,30.1761,30.2603,30.8168,30.0934,31.1057,30.7835
2023-07-13,36,Rimini,3,12.0000,52.7910,12.2159,30.0700,30.6553,31.0441,31.8629,30.9731,30.9870,30.5313,30.5083,30.5609,30.9822,30.5244,31.4554,31.1370
2023-07-13,37,Torino / Collegno,2,287.0000,74.9769,12.2159,34.8335,34.0626,34.6336,34.9797,34.4916,34.4991,34.4765,34.4781,34.4682,34.5542,34.4957,34.7829,34.5351
2023-07-13,38,Aosta / Pollein,0,546.0000,20.6866,12.2159,34.6473,35.4231,34.7749,34.9803,36.1716,35.3988,34.9530,35.0389,35.5093,35.3223,34.8695,35.7673,35.4224
2023-07-14,1,Locarno-Magadino,3,197.0000,62.2060,7.4710,31.5320,32.0737,33.3445,32.6461,33.1413,32.4819,32.7734,32.8021,32.8358,32.5453,32.8814,32.5743,32.9514
2023-07-14,2,Lugano,3,273.0000,46.2864,7.4710,31.8951,31.8557,33.2279,32.6221,32.9465,32.1773,32.5368,32.6192,32.5966,32.2374,32.6357,32.5773,33.0059
2023-07-14,3,Paganella,2,2125.0000,86.1858,7.4710,32.3355,29.7492,30.3910,31.4216,30.2527,29.9609,30.6341,30.4927,29.8667,30.0025,30.6419,29.9200,30.4541
2023-07-14,4,Aviano,3,128.0000,53.5302,7.4710,30.7669,30.2286,31.8812,31.3206,31.4558,30.9484,31.4738,31.3685,30.8436,30.9751,31.5096,31.0888,31.6731
2023-07-14,5,Pian Rosa,4,3480.0000,33.9630,7.4710,33.2612,32.9918,31.8353,33.6103,33.3783,33.0331,32.1347,31.9311,32.7708,33.4354,32.6532,33.0812,32.3021
2023-07-14,6,Torino / Caselle,2,301.0000,62.2905,7.4710,32.9119,32.7236,32.5929,33.3540,33.0976,33.1594,32.6016,32.5397,33.1634,33.2130,32.6120,33.1715,32.6194
2023-07-14,7,Torino / Bric Della Croce,2,709.0000,72.5131,7.4710,34.0409,32.6269,32.8247,33.2580,33.7233,33.3104,32.7665,32.7466,33.3614,33.3824,32.7968,33.3548,32.7936
2023-07-14,8,Novara / Cameri,1,178.0000,49.0769,7.4710,32.8484,31.8609,33.0359,32.8062,33.1562,33.0137,33.1883,33.5826,33.5703,33.0584,33.2429,32.9296,32.9611
2023-07-14,9,Milano / Malpensa,1,234.0000,46.2864,7.4710,33.3440,31.9024,32.8748,32.7863,32.8772,33.0640,33.2154,33.6348,33.6555,33.1139,33.2732,32.8620,32.8821
2023-07-14,10,Bergamo / Orio Al Serio,2,238.0000,41.5983,7.4710,32.6490,31.1213,32.6928,32.2455,32.7155,32.0334,32.6155,32.7182,32.3660,32.1064,32.6476,32.1030,32.4420
2023-07-14,11,Milano / Linate,4,107.0000,41.5983,7.4710,33.6167,31.4111,32.7965,32.5571,32.9576,32.4475,32.8240,32.7004,32.6366,32.4548,32.8418,32.4357,32.7336
2023-07-14,12,Piacenza,2,134.0000,55.9905,7.4710,32.6619,31.0649,32.3905,32.4367,32.0502,31.5533,32.0612,32.0461,31.6652,31.5432,32.0276,31.6436,31.9389
2023-07-14,13,Brescia / Ghedi,2,102.0000,45.8189,7.4710,32.8072,30.3935,32.0695,32.0140,31.4892,31.1202,31.8255,31.7718,31.1752,31.1338,31.8188,31.1932,31.7139
2023-07-14,14,Verona / Rivoltella,2,64.0000,25.9799,7.4710,32.3185,29.8921,31.8454,31.8294,31.2473,30.9273,31.7236,31.7989,31.0759,30.9570,31.7354,30.8726,31.5105
2023-07-14,15,Verona / Villafranca,1,67.0000,25.9799,7.4710,32.0682,29.8335,32.2894,31.6864,30.8370,30.8718,32.0536,32.1908,31.0806,30.9191,32.0889,30.7474,31.7679
2023-07-14,16,Padova,3,13.0000,37.0588,7.4710,31.8469,29.7851,31.3136,31.3707,31.0243,30.8544,31.4166,31.5433,30.9131,30.8056,31.3843,30.6233,31.2700
2023-07-14,17,Treviso / Istrana,1,45.0000,37.0588,7.4710,31.2207,29.8509,31.2606,31.3560,30.8896,30.6257,31.3176,31.2642,30.5833,30.6656,31.3413,30.5518,31.1848
2023-07-14,18,Treviso / S. Angelo,1,18.0000,38.0901,7.4710,31.2631,29.8520,31.1511,31.3112,30.5601,30.7521,31.3797,31.0466,30.4265,30.7778,31.3891,30.7082,31.3093
2023-07-14,19,Venezia / Tessera,1,2.0000,39.4195,7.4710,29.7300,29.4076,30.2139,31.0738,29.1800,29.5619,30.2469,29.5780,28.8542,29.5915,30.2604,29.6109,30.2309
2023-07-14,20,Monte Settepani / Caragna,0,1381.0000,55.2369,7.4710,31.8717,32.5365,32.1936,32.8006,32.4694,32.4516,32.2701,32.3644,32.3649,32.4383,32.2777,32.6791,32.6199
2023-07-14,21,Mondovi,0,559.0000,72.5131,7.4710,31.6926,32.7918,32.8625,33.1283,33.4909,33.1898,33.0472,33.1415,33.1995,33.0900,32.9762,33.1685,33.1256
2023-07-14,22,Monte Malanotte,0,1741.0000,85.7364,7.4710,32.3432,32.9661,32.7127,33.1237,33.9584,33.3135,33.1535,33.3933,33.4539,33.1803,33.0460,33.3323,33.2825
2023-07-14,23,Passo Dei Giovi,0,468.0000,24.9535,7.4710,32.3983,31.7568,32.1217,32.3486,32.4644,32.2111,32.1869,32.4148,32.2698,32.0670,32.0655,32.1197,32.1766
2023-07-14,24,Genova / Sestri,1,2.0000,24.9535,7.4710,31.9024,31.8825,32.2483,32.1709,31.8533,32.4710,32.4910,31.2719,31.3290,32.4896,32.5151,32.5488,32.4643
2023-07-14,25,Albenga,0,45.0000,71.3337,7.4710,31.0150,32.5222,32.1623,32.8685,32.7286,32.7266,32.5385,32.0958,32.1111,32.7061,32.5472,32.7597,32.6993
2023-07-14,26,Passo Della Cisa,4,1039.0000,55.9905,7.4710,31.7994,31.1207,31.5576,32.2664,31.1626,31.2543,31.7718,31.5856,31.0545,31.2291,31.7772,31.2593,31.6323
2023-07-14,27,Sarzana / Luni,4,9.0000,94.6868,7.4710,31.7706,30.9289,31.9228,32.1312,31.5605,31.9566,32.3541,32.1070,31.6326,31.9682,32.3765,31.8869,32.1811
2023-07-14,29,Ferrara / Fontana,4,9.0000,39.9528,7.4710,32.3277,30.4436,31.8914,31.2232,31.3179,31.2783,31.7089,32.0634,31.3914,31.2621,31.6930,31.2835,31.6512
2023-07-14,31,Ferrara,4,10.0000,41.7377,7.4710,32.3672,30.4216,31.8761,31.2248,31.7348,31.3478,31.7835,32.1146,31.4403,31.3432,31.7780,31.2793,31.6582
2023-07-14,32,Bologna / Borgo Panigale,0,36.0000,39.9528,7.4710,32.5521,30.7541,32.0838,31.7567,32.1597,31.6752,32.1927,32.2778,31.6003,31.6809,32.1968,31.4770,31.8410
2023-07-14,33,Punta Marina,1,2.0000,25.9357,7.4710,28.9018,30.4993,30.4201,30.4285,29.7167,30.4494,29.8858,29.0945,29.2447,30.4461,29.8556,30.5794,30.2168
2023-07-14,34,Forli,3,27.0000,33.4500,7.4710,32.1744,31.2511,31.6142,31.1128,32.3770,31.8796,31.4322,31.9919,31.9347,31.8673,31.4311,31.8705,31.7499
2023-07-14,35,Cervia,3,6.0000,25.9357,7.4710,29.3846,30.8353,30.8870,30.9168,31.3649,31.2642,30.5493,30.7285,30.8230,31.2445,30.5360,31.4700,31.1796
2023-07-14,36,Rimini,3,12.0000,52.7910,7.4710,29.3007,30.6582,30.1441,30.9930,30.1506,30.7707,30.2411,30.2325,30.3045,30.7689,30.2394,30.8562,30.5714
2023-07-14,37,Torino / Collegno,2,287.0000,74.9769,7.4710,32.5178,32.8542,32.8719,33.2985,33.8813,33.4992,32.9213,32.8815,33.5133,33.5694,32.9502,33.4500,32.8680
2023-07-14,38,Aosta / Pollein,0,546.0000,20.6866,7.4710,32.1693,33.1363,33.3336,33.6263,34.5866,33.4812,33.2317,33.2934,33.9755,33.4270,33.1852,33.6799,33.6548
2023-07-15,0,Grand St. Bernard / Grand Saint Bernard,3,2472.0000,20.6866,6.5296,33.4348,34.6627,34.7722,34.2409,35.3810,34.9195,34.2100,34.2829,35.1798,34.8972,34.2504,34.8940,34.4868
2023-07-15,1,Locarno-Magadino,3,197.0000,62.2060,6.5296,31.3109,31.2996,32.2602,33.8134,31.7075,31.4901,31.8373,31.2167,31.0495,31.5252,31.9168,31.5363,31.9524
2023-07-15,4,Aviano,3,128.0000,53.5302,6.5296,32.0226,30.6798,31.1713,32.2092,31.5566,31.4590,31.2015,31.3425,31.5378,31.4510,31.1892,31.2921,30.9969
2023-07-15,5,Pian Rosa,4,3480.0000,33.9630,6.5296,34.4358,33.9430,33.4179,34.1073,33.8096,34.0117,33.2539,32.9773,33.6385,34.3991,33.6485,34.0836,33.4327
2023-07-15,6,Torino / Caselle,2,301.0000,62.2905,6.5296,33.7275,33.9637,34.6747,33.8649,34.9009,35.0744,34.7115,35.0316,35.3178,35.1847,34.7846,34.8535,34.4564
2023-07-15,7,Torino / Bric Della Croce,2,709.0000,72.5131,6.5296,34.1426,33.9056,34.7830,33.7574,35.2320,35.0369,34.6755,35.0115,35.2790,35.1349,34.7379,34.9774,34.5520
2023-07-15,8,Novara / Cameri,1,178.0000,49.0769,6.5296,33.3214,31.7365,32.8649,32.9108,32.6942,32.9489,32.8699,33.1589,33.3662,32.9889,32.8900,32.8076,32.7958
2023-07-15,9,Milano / Malpensa,1,234.0000,46.2864,6.5296,33.6684,31.6227,32.8313,33.0231,32.5704,32.9200,32.9048,33.1322,33.2722,32.9708,32.9364,32.6998,32.7429
2023-07-15,10,Bergamo / Orio Al Serio,2,238.0000,41.5983,6.5296,34.4402,31.5920,33.4528,33.5871,33.2457,33.1689,33.2989,33.4033,33.2710,33.2795,33.3778,32.9285,33.0117
2023-07-15,11,Milano / Linate,4,107.0000,41.5983,6.5296,33.2427,31.5171,32.9165,33.3246,32.6302,32.8216,33.0665,33.0268,32.8239,32.8315,33.0792,32.5420,32.7657
2023-07-15,13,Brescia / Ghedi,2,102.0000,45.8189,6.5296,33.4282,31.8098,33.0575,33.3747,32.5989,32.8192,32.8190,32.8625,32.8743,32.8216,32.8043,32.8170,32.7600
2023-07-15,14,Verona / Rivoltella,2,64.0000,25.9799,6.5296,33.1524,31.7667,33.1686,33.2864,33.0830,32.9846,32.9299,32.9614,33.0494,32.9983,32.9347,32.9711,32.8824
2023-07-15,15,Verona / Villafranca,1,67.0000,25.9799,6.5296,32.3504,31.8108,32.8041,33.3828,32.4457,32.5000,32.6352,32.6219,32.5182,32.5195,32.6302,32.5244,32.6888
2023-07-15,16,Padova,3,13.0000,37.0588,6.5296,31.8375,31.3388,32.0387,32.8050,32.4300,32.5819,32.2626,32.2028,32.4525,32.5353,32.2120,32.3753,32.0879
2023-07-15,17,Treviso / Istrana,1,45.0000,37.0588,6.5296,31.9242,31.0150,31.8236,32.6514,31.9470,31.7470,31.7019,31.5751,31.5803,31.7648,31.6868,31.7782,31.8522
2023-07-15,18,Treviso / S. Angelo,1,18.0000,38.0901,6.5296,31.9153,30.9126,31.7870,32.5772,31.3164,31.7250,31.6859,31.2095,31.2101,31.7263,31.6555,31.9003,31.9767
2023-07-15,19,Venezia / Tessera,1,2.0000,39.4195,6.5296,28.5235,29.9496,29.9915,32.3275,28.9753,30.0576,29.9337,28.8107,28.8561,30.0656,29.9033,30.0961,30.1177
2023-07-15,20,Monte Settepani / Caragna,0,1381.0000,55.2369,6.5296,32.4343,32.4852,31.1023,33.3685,32.1167,32.6573,31.5688,31.8748,32.6456,32.5478,31.4246,32.7899,31.8406
2023-07-15,22,Monte Malanotte,0,1741.0000,85.7364,6.5296,33.1772,33.4580,32.1745,33.5974,33.8084,33.7886,32.7739,32.8625,33.6974,33.6600,32.6240,33.8247,32.9857
2023-07-15,24,Genova / Sestri,1,2.0000,24.9535,6.5296,29.7320,31.9388,31.8636,32.6672,31.3979,31.9241,31.7208,30.3787,30.6347,31.8835,31.6833,32.4234,32.1644
2023-07-15,25,Albenga,0,45.0000,71.3337,6.5296,31.4862,31.9693,30.8860,33.3964,31.9116,32.4144,31.6009,31.7503,32.3407,32.3595,31.5477,32.4786,31.5443
2023-07-15,26,Passo Della Cisa,4,1039.0000,55.9905,6.5296,32.3102,31.4827,31.4620,32.5324,32.4512,31.8570,31.4108,31.8910,32.0711,31.7922,31.3395,31.9774,31.5417
2023-07-15,27,Sarzana / Luni,4,9.0000,94.6868,6.5296,29.8836,30.1789,30.1828,32.3800,30.4525,30.7610,30.3274,29.4702,29.6518,30.7686,30.3408,31.0390,30.5517
2023-07-15,28,Bologna / Borgo Panigale,0,51.0000,41.0210,6.5296,33.3147,31.7392,33.1311,32.6660,33.0367,33.1285,32.9858,32.9759,33.0431,33.1333,33.0354,32.9795,32.7590
2023-07-15,29,Ferrara / Fontana,4,9.0000,39.9528,6.5296,32.5730,31.7970,31.9856,32.4005,31.9979,32.5253,32.0952,32.4380,32.5855,32.5084,32.0779,32.4665,32.1250
2023-07-15,30,Monte Cimone,4,2165.0000,59.3732,6.5296,32.2873,31.3842,31.3582,32.5963,32.0720,31.8119,31.5458,32.1208,32.1969,31.7334,31.4635,31.8805,31.5902
2023-07-15,31,Ferrara,4,10.0000,41.7377,6.5296,32.4175,31.8059,32.1562,32.4250,32.7020,32.6250,32.1952,32.4336,32.5833,32.6208,32.1925,32.6086,32.2652
2023-07-15,32,Bologna / Borgo Panigale,0,36.0000,39.9528,6.5296,33.2027,31.7543,33.1465,32.6495,33.1437,33.1566,33.0089,33.0116,33.0823,33.1614,33.0579,33.0074,32.7824
2023-07-15,33,Punta Marina,1,2.0000,25.9357,6.5296,29.3629,31.1096,31.3287,30.8450,30.6269,31.0827,30.5611,29.6685,29.8087,31.0813,30.5267,31.2399,30.8196
2023-07-15,34,Forli,3,27.0000,33.4500,6.5296,31.5054,31.4725,31.3539,31.6145,32.2543,31.9800,31.1405,31.8949,32.1799,32.0037,31.1800,32.1467,31.5116
2023-07-15,35,Cervia,3,6.0000,25.9357,6.5296,31.4586,31.1358,31.0595,31.3738,31.8590,32.1822,31.2005,31.5079,31.8321,32.1366,31.1522,32.0776,31.3024
2023-07-15,36,Rimini,3,12.0000,52.7910,6.5296,30.2409,30.3205,30.0881,31.4569,30.6790,31.1856,30.3609,30.6827,30.9571,31.1573,30.3259,31.1085,30.3366
2023-07-15,37,Torino / Collegno,2,287.0000,74.9769,6.5296,34.8959,34.1737,35.1702,33.8110,35.7728,35.4494,35.0749,35.4698,35.7584,35.5501,35.1389,35.3181,34.8904
2023-07-15,38,Aosta / Pollein,0,546.0000,20.6866,6.5296,34.2523,34.3601,34.0049,34.1931,35.5747,35.1933,34.1947,34.7415,35.9724,35.1169,34.1585,35.0770,34.4747
2023-07-16,0,Grand St. Bernard / Grand Saint Bernard,3,2472.0000,20.6866,6.1440,35.2204,35.0486,35.2854,34.3950,35.6831,35.2798,34.5990,34.7833,35.5110,35.2438,34.6352,35.3055,35.1483
2023-07-16,1,Locarno-Magadino,3,197.0000,62.2060,6.1440,33.6090,33.2843,34.3923,36.1837,33.5832,33.6165,33.9322,33.7837,33.5959,33.6613,34.0599,33.6246,34.1417
2023-07-16,2,Lugano,3,273.0000,46.2864,6.1440,33.8198,33.1815,34.7703,36.0762,33.9351,33.6708,33.9678,34.1725,33.9946,33.7201,34.0961,34.0066,34.5147
2023-07-16,4,Aviano,3,128.0000,53.5302,6.1440,33.7814,31.7623,32.7493,33.8195,32.3155,32.6037,32.1645,32.3953,32.5807,32.6546,32.2439,33.0201,32.4707
2023-07-16,5,Pian Rosa,4,3480.0000,33.9630,6.1440,37.5263,34.9822,35.1731,34.4200,34.6099,35.2091,34.7746,34.8621,34.9816,36.1282,35.7211,35.1893,34.8169
2023-07-16,6,Torino / Caselle,2,301.0000,62.2905,6.1440,34.1755,33.2671,34.2469,34.4073,34.0718,34.1215,34.0240,34.1987,34.2118,34.2208,34.0608,34.2369,34.1663
2023-07-16,7,Torino / Bric Della Croce,2,709.0000,72.5131,6.1440,34.1667,32.9236,34.1555,34.4064,34.1474,34.1757,34.0961,34.2179,34.2432,34.3036,34.1631,34.1449,34.0424
2023-07-16,9,Milano / Malpensa,1,234.0000,46.2864,6.1440,36.3866,33.2036,35.2202,35.1468,35.0307,35.3079,35.3547,35.5321,35.6116,35.3944,35.4190,34.9278,35.0138
2023-07-16,10,Bergamo / Orio Al Serio,2,238.0000,41.5983,6.1440,35.8227,34.2097,35.8536,35.7002,35.7337,35.7351,35.8405,35.8333,35.6277,35.8409,35.8839,35.5603,35.6674
2023-07-16,11,Milano / Linate,4,107.0000,41.5983,6.1440,35.6490,33.5391,35.7143,35.4081,35.5006,35.6910,35.7855,35.7702,35.6225,35.7141,35.8300,35.3204,35.4481
2023-07-16,12,Piacenza,2,134.0000,55.9905,6.1440,34.3970,33.2302,34.6664,34.5024,34.3375,34.2735,34.3092,34.3640,34.2596,34.2656,34.2430,34.3929,34.3723
2023-07-16,13,Brescia / Ghedi,2,102.0000,45.8189,6.1440,36.1548,34.6964,36.2516,35.2883,35.6842,36.0981,36.1337,36.0672,35.9241,36.1234,36.1175,35.9902,35.9906
2023-07-16,14,Verona / Rivoltella,2,64.0000,25.9799,6.1440,35.3008,34.4994,35.6139,35.1344,35.3485,35.7560,35.7747,35.6970,35.5597,35.7963,35.7837,35.5292,35.5090
2023-07-16,15,Verona / Villafranca,1,67.0000,25.9799,6.1440,36.1690,34.7255,36.0747,34.8050,35.9241,36.0945,35.8842,36.1830,36.2875,36.1469,35.9000,36.0307,35.9117
2023-07-16,16,Padova,3,13.0000,37.0588,6.1440,34.0049,32.8570,33.8525,33.4597,34.1100,34.5512,34.0417,34.2178,34.4645,34.4753,33.9778,34.4307,33.8688
2023-07-16,18,Treviso / S. Angelo,1,18.0000,38.0901,6.1440,33.2781,32.1168,33.3157,33.5716,32.9998,33.4059,33.4801,33.1359,33.0057,33.4172,33.4851,33.5376,33.4843
2023-07-16,19,Venezia / Tessera,1,2.0000,39.4195,6.1440,29.3133,30.4573,30.6243,32.9978,29.9824,30.4373,30.4136,29.3442,29.2635,30.4342,30.4005,30.7375,30.5895
2023-07-16,20,Monte Settepani / Caragna,0,1381.0000,55.2369,6.1440,30.3169,30.2485,29.8138,34.3719,29.8145,30.4276,30.1969,30.4324,30.3777,30.2886,30.0926,30.5715,30.4569
2023-07-16,21,Mondovi,0,559.0000,72.5131,6.1440,31.2236,31.1492,31.6213,34.3528,31.9534,31.8765,31.7062,32.0824,32.0947,31.6996,31.5782,31.9971,31.9671
2023-07-16,22,Monte Malanotte,0,1741.0000,85.7364,6.1440,32.3027,31.2930,30.8738,34.3355,31.7652,31.6951,31.5148,31.8046,31.8065,31.5072,31.3722,31.7273,31.6825
2023-07-16,23,Passo Dei Giovi,0,468.0000,24.9535,6.1440,31.3851,31.6012,31.8784,34.2498,31.8819,32.2619,32.0418,32.3178,32.1974,32.0788,31.8861,32.1608,32.0144
2023-07-16,24,Genova / Sestri,1,2.0000,24.9535,6.1440,30.8829,30.9346,31.1816,33.8638,30.4568,31.4901,31.1640,30.2453,30.6798,31.4737,31.1411,31.7666,31.4677
2023-07-16,25,Albenga,0,45.0000,71.3337,6.1440,28.8611,29.2121,29.1437,34.2729,29.2411,29.8443,29.6338,29.3918,29.3498,29.7762,29.6072,29.8619,29.7556
2023-07-16,26,Passo Della Cisa,4,1039.0000,55.9905,6.1440,33.4812,32.3158,32.4876,33.8211,32.6395,32.9038,32.7469,32.9204,32.9000,32.8204,32.6921,32.8097,32.5844
2023-07-16,27,Sarzana / Luni,4,9.0000,94.6868,6.1440,31.8410,30.5437,31.7201,33.4375,31.3751,32.2945,32.1269,31.8660,31.8269,32.3062,32.1644,32.0434,31.7876
2023-07-16,28,Bologna / Borgo Panigale,0,51.0000,41.0210,6.1440,34.8121,32.7087,33.5575,32.6054,34.0864,34.2000,33.6170,33.7909,34.1618,34.2176,33.6651,34.0676,33.4266
2023-07-16,29,Ferrara / Fontana,4,9.0000,39.9528,6.1440,33.2313,32.6081,33.7531,32.4862,33.7188,33.8951,33.4433,33.7830,33.9655,33.8646,33.4061,34.0606,33.6096
2023-07-16,30,Monte Cimone,4,2165.0000,59.3732,6.1440,32.0385,32.5017,31.9439,32.7118,32.1835,32.5878,32.5146,32.2080,32.1561,32.5624,32.4986,32.6259,32.4058
2023-07-16,32,Bologna / Borgo Panigale,0,36.0000,39.9528,6.1440,34.3233,32.6992,33.4895,32.5653,34.1604,34.1531,33.5647,33.7382,34.1120,34.1699,33.6113,34.0299,33.3812
2023-07-16,33,Punta Marina,1,2.0000,25.9357,6.1440,26.4824,29.2871,28.8084,29.5787,28.8002,28.9847,28.2842,27.4263,27.6718,28.9513,28.2625,29.4105,28.4518
2023-07-16,34,Forli,3,27.0000,33.4500,6.1440,30.6062,30.3030,30.2037,30.5582,31.5298,31.4858,30.2311,30.7619,31.5444,31.4603,30.2128,31.4753,30.3509
2023-07-16,35,Cervia,3,6.0000,25.9357,6.1440,29.6523,29.0929,29.2478,30.2636,30.3540,30.0808,28.5767,28.8310,29.7733,30.0352,28.5283,30.7315,29.4122
2023-07-16,36,Rimini,3,12.0000,52.7910,6.1440,26.1166,27.7140,27.0452,30.3899,27.8087,28.0781,26.7924,26.7134,27.5181,28.0711,26.7752,28.5970,27.2868
2023-07-16,37,Torino / Collegno,2,287.0000,74.9769,6.1440,34.5216,33.2179,34.3620,34.3917,34.4841,34.3410,34.2397,34.3406,34.3774,34.4546,34.2931,34.3755,34.2691
2023-07-16,38,Aosta / Pollein,0,546.0000,20.6866,6.1440,33.5217,34.5512,35.2342,34.3986,35.3378,35.1772,35.4666,35.6041,35.3869,35.0825,35.4106,35.1735,35.6706
2023-07-17,0,Grand St. Bernard / Grand Saint Bernard,3,2472.0000,20.6866,8.5953,33.7170,33.7931,35.2793,34.2804,35.0998,34.1254,34.2484,34.4753,34.4684,34.1031,34.2812,34.1816,34.6770
2023-07-17,1,Locarno-Magadino,3,197.0000,62.2060,8.5953,33.6973,32.3685,33.6070,34.8573,32.7459,32.6831,33.2324,33.4229,33.0747,32.7251,33.3209,32.6880,33.3461
2023-07-17,2,Lugano,3,273.0000,46.2864,8.5953,33.0792,32.4679,33.8275,34.8296,33.0481,32.8056,33.3266,33.6250,33.3000,32.8323,33.3997,33.0143,33.6618
2023-07-17,3,Paganella,2,2125.0000,86.1858,8.5953,34.4298,32.6991,32.9620,32.3174,33.1495,33.0968,32.7381,32.8187,33.0775,33.1873,32.8347,33.1296,32.7189
2023-07-17,4,Aviano,3,128.0000,53.5302,8.5953,30.2884,29.3367,30.3371,30.9800,29.7736,30.5109,30.0301,30.0689,30.4305,30.4990,30.0025,30.5145,29.8253
2023-07-17,5,Pian Rosa,4,3480.0000,33.9630,8.5953,35.5377,33.9665,34.3626,34.3414,33.9592,34.0394,34.3086,33.9472,33.6239,34.5518,34.7642,34.1321,34.4089
2023-07-17,6,Torino / Caselle,2,301.0000,62.2905,8.5953,34.4221,32.5094,33.8016,33.9435,33.3060,33.4861,33.8174,33.9292,33.5271,33.5785,33.8677,33.3682,33.6272
2023-07-17,7,Torino / Bric Della Croce,2,709.0000,72.5131,8.5953,34.5106,32.3048,33.9453,33.8304,33.5195,33.5042,33.8238,33.9364,33.5328,33.6172,33.8968,33.4632,33.6864
2023-07-17,8,Novara / Cameri,1,178.0000,49.0769,8.5953,35.6723,32.6902,34.5451,34.6563,33.6900,34.1432,34.5736,34.6438,34.3001,34.1996,34.6135,33.9489,34.3613
2023-07-17,9,Milano / Malpensa,1,234.0000,46.2864,8.5953,35.2011,32.7861,34.4837,34.7074,33.6458,34.2094,34.6243,34.8500,34.5169,34.2742,34.6712,33.9374,34.3446
2023-07-17,10,Bergamo / Orio Al Serio,2,238.0000,41.5983,8.5953,34.8903,33.4488,34.8958,34.6237,34.8563,34.8418,34.9873,35.1793,34.9875,34.9399,35.0524,34.5886,34.7213
2023-07-17,11,Milano / Linate,4,107.0000,41.5983,8.5953,34.9948,33.1086,34.9300,34.5493,34.4543,34.6865,35.0117,34.9150,34.7347,34.6946,35.0300,34.4369,34.7440
2023-07-17,12,Piacenza,2,134.0000,55.9905,8.5953,33.9660,33.0202,34.2877,34.0618,34.0748,33.7607,33.9814,34.2567,33.9929,33.7623,33.9580,34.0037,33.9975
2023-07-17,13,Brescia / Ghedi,2,102.0000,45.8189,8.5953,34.6901,33.8172,35.0003,34.2936,34.9167,35.0638,34.8487,35.0533,35.2023,35.0597,34.8277,35.0918,34.8525
2023-07-17,14,Verona / Rivoltella,2,64.0000,25.9799,8.5953,33.6741,33.6199,34.3847,33.9074,34.7299,34.8957,34.4400,34.5341,34.9091,34.9071,34.4436,34.7896,34.3666
2023-07-17,15,Verona / Villafranca,1,67.0000,25.9799,8.5953,33.4182,33.4910,34.2866,33.3171,34.3434,34.3890,33.8375,33.8370,34.2948,34.4171,33.8218,34.5954,34.2533
2023-07-17,16,Padova,3,13.0000,37.0588,8.5953,31.9257,31.0163,31.2928,31.5458,31.7133,32.2971,31.6123,31.7345,32.2437,32.2449,31.5436,32.2071,31.4157
2023-07-17,17,Treviso / Istrana,1,45.0000,37.0588,8.5953,30.9808,30.2116,31.1454,31.3001,31.0064,31.1906,30.9791,30.9535,31.0718,31.1921,30.9616,31.3541,31.1231
2023-07-17,18,Treviso / S. Angelo,1,18.0000,38.0901,8.5953,30.4572,29.8675,30.8250,31.2228,30.5315,30.8865,30.6505,30.4389,30.5787,30.8610,30.6051,31.1869,30.9275
2023-07-17,19,Venezia / Tessera,1,2.0000,39.4195,8.5953,26.8560,28.4121,28.0052,30.9226,27.1672,28.3578,27.9682,26.9388,27.1735,28.3461,27.9301,28.5303,28.1575
2023-07-17,20,Monte Settepani / Caragna,0,1381.0000,55.2369,8.5953,32.3623,31.2167,31.0823,33.7485,30.7772,31.3237,31.5466,31.7349,31.2803,31.2086,31.4708,31.6732,31.7677
2023-07-17,21,Mondovi,0,559.0000,72.5131,8.5953,32.0762,31.7794,32.0890,33.6107,31.8671,32.3831,32.7403,32.7694,32.3315,32.2624,32.6777,32.2914,32.5905
2023-07-17,22,Monte Malanotte,0,1741.0000,85.7364,8.5953,32.9699,32.1813,31.4508,33.5904,31.8382,32.3848,32.7233,32.4652,32.0253,32.3108,32.7058,32.2356,32.4998
2023-07-17,24,Genova / Sestri,1,2.0000,24.9535,8.5953,31.2373,31.3420,32.5392,33.8466,30.8809,31.5852,32.0119,30.9453,30.4794,31.5367,31.9847,32.4082,32.5617
2023-07-17,25,Albenga,0,45.0000,71.3337,8.5953,30.0543,30.7686,30.7316,33.6605,30.5798,31.2640,31.4058,31.3216,31.0602,31.2137,31.3759,31.3718,31.4864
2023-07-17,26,Passo Della Cisa,4,1039.0000,55.9905,8.5953,33.7014,32.4734,32.1493,33.6602,32.8990,32.8003,32.5860,32.7491,32.8295,32.7493,32.5512,32.8622,32.4500
2023-07-17,27,Sarzana / Luni,4,9.0000,94.6868,8.5953,31.4720,30.9890,31.5532,33.4923,31.6731,32.1575,31.9317,31.4213,31.4865,32.1635,31.9543,32.3010,31.8356
2023-07-17,28,Bologna / Borgo Panigale,0,51.0000,41.0210,8.5953,32.7122,32.2757,33.0963,32.2827,33.1550,33.5117,33.0309,33.1067,33.3336,33.5224,33.0855,33.5035,32.8855
2023-07-17,29,Ferrara / Fontana,4,9.0000,39.9528,8.5953,31.8606,31.8106,31.6506,31.4623,32.1094,32.6445,31.5462,31.7187,32.5644,32.6147,31.5124,32.8373,31.9002
2023-07-17,30,Monte Cimone,4,2165.0000,59.3732,8.5953,33.1570,32.5234,31.6243,32.5535,32.7777,32.7787,32.2539,32.5110,32.9209,32.7136,32.1862,32.8367,32.1626
2023-07-17,31,Ferrara,4,10.0000,41.7377,8.5953,31.9812,31.8306,31.5640,31.4892,32.5952,32.7341,31.6586,31.8155,32.6391,32.7177,31.6419,32.7961,31.8632
2023-07-17,32,Bologna / Borgo Panigale,0,36.0000,39.9528,8.5953,32.2190,32.2583,33.0825,32.2484,33.3900,33.5234,33.0336,33.1260,33.3593,33.5343,33.0878,33.5092,32.8822
2023-07-17,33,Punta Marina,1,2.0000,25.9357,8.5953,25.9608,29.0135,28.4555,28.7496,28.2478,28.9658,27.7133,26.8420,27.8434,28.9815,27.6700,29.1465,28.1094
2023-07-17,34,Forli,3,27.0000,33.4500,8.5953,30.3139,29.9892,29.4603,30.1628,30.8250,30.6349,28.7199,29.4317,30.8812,30.6749,28.7924,31.0293,29.5775
2023-07-17,35,Cervia,3,6.0000,25.9357,8.5953,28.9057,29.1515,28.6676,29.6408,29.9788,30.7121,28.6549,29.0713,30.6030,30.6521,28.5898,30.4429,28.8191
2023-07-17,36,Rimini,3,12.0000,52.7910,8.5953,28.0772,28.3031,27.7499,29.7079,28.2955,29.2010,27.7106,27.8847,28.9905,29.1766,27.6696,29.3353,27.7263
2023-07-17,37,Torino / Collegno,2,287.0000,74.9769,8.5953,34.7300,32.4859,34.1964,33.8362,34.0156,33.8032,34.0984,34.3122,33.9371,33.9148,34.1701,33.7007,33.9203
2023-07-17,38,Aosta / Pollein,0,546.0000,20.6866,8.5953,33.8906,33.4848,33.8879,34.2476,33.9527,34.1256,34.2908,34.4020,34.6829,34.0570,34.2798,34.1340,34.5873
2023-07-18,0,Grand St. Bernard / Grand Saint Bernard,3,2472.0000,20.6866,4.4766,34.9300,34.5166,34.7820,32.5041,34.7014,34.9194,34.4313,35.0998,35.1265,34.8538,34.3994,34.6805,34.5436
2023-07-18,1,Locarno-Magadino,3,197.0000,62.2060,4.4766,33.1791,34.0790,34.8911,34.4659,34.0212,34.3929,34.2615,34.4724,34.5712,34.4131,34.3365,34.3076,34.3925
2023-07-18,2,Lugano,3,273.0000,46.2864,4.4766,33.6190,34.1288,34.9473,34.4352,34.2494,34.4086,34.2463,34.0703,34.2178,34.4237,34.3157,34.5765,34.6341
2023-07-18,3,Paganella,2,2125.0000,86.1858,4.4766,34.4798,33.2650,33.2486,32.7232,33.1559,33.4542,32.8834,32.6605,33.0752,33.5158,32.9431,33.5822,33.0679
2023-07-18,4,Aviano,3,128.0000,53.5302,4.4766,29.2146,29.0507,30.3790,30.4155,29.3524,29.6608,29.7624,29.6738,29.4881,29.6818,29.7899,29.8388,29.8027
2023-07-18,5,Pian Rosa,4,3480.0000,33.9630,4.4766,36.9941,35.5364,34.9513,32.6337,35.1547,35.7424,35.3114,34.9516,34.8062,36.1709,35.7528,35.6195,35.3235
2023-07-18,6,Torino / Caselle,2,301.0000,62.2905,4.4766,31.9906,31.8968,32.5709,32.3400,31.8651,32.2313,32.3124,32.1318,31.7086,32.2699,32.3048,32.3084,32.4134
2023-07-18,7,Torino / Bric Della Croce,2,709.0000,72.5131,4.4766,33.1145,31.6324,32.7213,32.2881,32.3020,32.5911,32.7634,32.9838,32.5163,32.6900,32.8159,32.3245,32.4764
2023-07-18,8,Novara / Cameri,1,178.0000,49.0769,4.4766,34.6439,33.4279,33.9686,34.0517,33.7012,34.3388,34.0657,34.2792,34.4613,34.3830,34.0910,34.1901,33.9695
2023-07-18,9,Milano / Malpensa,1,234.0000,46.2864,4.4766,35.3551,33.6775,34.3976,34.1410,34.2456,34.8884,34.5500,34.9576,35.1923,34.9464,34.5896,34.6182,34.3321
2023-07-18,10,Bergamo / Orio Al Serio,2,238.0000,41.5983,4.4766,34.7082,34.2749,35.0183,34.2644,35.2131,35.4179,34.9937,35.0029,35.2070,35.4985,35.0401,35.2907,34.9378
2023-07-18,11,Milano / Linate,4,107.0000,41.5983,4.4766,34.8836,33.8419,34.4066,34.2633,34.5513,35.0828,34.5969,34.6234,35.0462,35.0967,34.6249,34.8203,34.4301
2023-07-18,12,Piacenza,2,134.0000,55.9905,4.4766,33.0221,33.3849,34.1834,33.6604,34.0591,34.1373,33.8086,33.9118,34.0266,34.1347,33.7659,34.1935,33.9161
2023-07-18,13,Brescia / Ghedi,2,102.0000,45.8189,4.4766,34.2050,34.0700,34.6883,33.6256,34.6686,35.3319,34.7045,34.4915,34.9359,35.3794,34.7287,35.1797,34.6201
2023-07-18,14,Verona / Rivoltella,2,64.0000,25.9799,4.4766,32.1393,33.5062,33.8168,33.1314,34.2368,34.6158,33.8069,33.6554,34.2929,34.6579,33.8325,34.5567,33.8450
2023-07-18,15,Verona / Villafranca,1,67.0000,25.9799,4.4766,32.4446,33.3110,32.8828,32.0251,33.8075,34.0332,32.9189,33.1183,34.2053,34.0649,32.9231,34.0330,33.0472
2023-07-18,17,Treviso / Istrana,1,45.0000,37.0588,4.4766,30.2010,29.2758,29.1384,30.3694,29.5965,29.8819,29.3383,29.3724,29.9760,29.9081,29.3583,29.8957,29.2655
2023-07-18,18,Treviso / S. Angelo,1,18.0000,38.0901,4.4766,30.5494,28.9645,28.8182,30.2644,28.7798,29.8219,29.2823,28.9367,29.5323,29.8461,29.3015,29.7774,29.1189
2023-07-18,19,Venezia / Tessera,1,2.0000,39.4195,4.4766,27.6738,27.8068,27.2200,29.7698,26.6444,27.8316,27.1528,26.5360,27.2317,27.8285,27.1425,27.9938,27.2037
2023-07-18,20,Monte Settepani / Caragna,0,1381.0000,55.2369,4.4766,31.7642,30.8074,31.1419,32.7155,30.2288,31.3110,31.1633,31.3749,31.1931,31.1170,30.9980,31.3162,31.3456
2023-07-18,21,Mondovi,0,559.0000,72.5131,4.4766,32.5643,31.0370,31.5992,32.1667,31.0619,31.7454,31.7019,31.8411,31.6201,31.5816,31.5757,31.5674,31.6904
2023-07-18,22,Monte Malanotte,0,1741.0000,85.7364,4.4766,32.6778,31.8201,31.8480,32.1538,31.6174,32.1097,32.0502,32.2262,32.0100,31.9628,31.9392,32.2148,32.3226
2023-07-18,24,Genova / Sestri,1,2.0000,24.9535,4.4766,31.6769,31.0881,31.5429,33.4114,30.1737,31.9737,31.8670,31.0032,31.1287,31.9996,31.8868,31.7843,31.6417
2023-07-18,25,Albenga,0,45.0000,71.3337,4.4766,30.1857,30.3704,30.4524,32.4947,29.8809,30.7232,30.5837,30.2371,30.0508,30.6838,30.5801,30.8044,30.8433
2023-07-18,26,Passo Della Cisa,4,1039.0000,55.9905,4.4766,33.3292,33.1209,32.3412,32.9832,33.2099,33.4659,32.6503,32.5442,33.1315,33.4361,32.6168,33.3334,32.6275
2023-07-18,27,Sarzana / Luni,4,9.0000,94.6868,4.4766,31.7196,31.6976,31.7102,32.7971,31.5448,32.7687,32.0195,31.7259,32.1972,32.7704,32.0356,32.6442,31.9657
2023-07-18,28,Bologna / Borgo Panigale,0,51.0000,41.0210,4.4766,31.6339,32.0855,32.0737,30.5438,32.3687,32.8209,32.0853,32.0564,32.5691,32.8324,32.1169,32.8086,32.0009
2023-07-18,29,Ferrara / Fontana,4,9.0000,39.9528,4.4766,30.6967,31.1055,30.4423,29.9706,30.7940,31.5126,30.4158,30.4771,31.2327,31.5077,30.4101,31.6828,30.6748
2023-07-18,30,Monte Cimone,4,2165.0000,59.3732,4.4766,33.3970,33.3864,31.9958,31.1461,32.7031,33.3920,32.3883,32.1797,32.9472,33.3694,32.3435,33.4640,32.5313
2023-07-18,31,Ferrara,4,10.0000,41.7377,4.4766,30.6811,31.1126,30.6432,29.9919,31.5424,31.7058,30.6299,30.7040,31.4429,31.7091,30.6359,31.8376,30.8356
2023-07-18,32,Bologna / Borgo Panigale,0,36.0000,39.9528,4.4766,31.0952,32.0539,32.0121,30.5093,32.2928,32.7727,32.0334,31.9934,32.5054,32.7840,32.0642,32.7707,31.9577
2023-07-18,33,Punta Marina,1,2.0000,25.9357,4.4766,25.4642,27.9911,27.1353,28.1866,26.6449,27.8158,26.9297,26.2224,26.5101,27.7943,26.9266,28.0623,26.9450
2023-07-18,34,Forli,3,27.0000,33.4500,4.4766,28.8322,29.0527,28.7087,29.0780,29.6396,29.8287,28.3859,28.7804,29.6048,29.8149,28.3773,29.8880,28.5622
2023-07-18,35,Cervia,3,6.0000,25.9357,4.4766,28.4700,28.0387,27.4950,28.7895,27.8728,28.5700,26.9875,27.1462,27.9776,28.5445,26.9585,28.8524,27.4284
2023-07-18,36,Rimini,3,12.0000,52.7910,4.4766,25.1795,27.3154,26.3676,28.8560,26.1500,27.4345,26.0418,26.0601,26.7898,27.4322,26.0293,27.6457,26.2439
2023-07-18,37,Torino / Collegno,2,287.0000,74.9769,4.4766,33.0647,31.6707,32.8436,32.2551,32.5147,32.4681,32.6078,32.8786,32.4286,32.5400,32.6343,32.4186,32.5526
2023-07-18,38,Aosta / Pollein,0,546.0000,20.6866,4.4766,33.2387,34.0028,34.5472,32.4916,33.8538,34.5069,34.7041,34.5072,33.9224,34.4488,34.6624,34.3773,34.7650
2023-07-19,0,Grand St. Bernard / Grand Saint Bernard,3,2472.0000,20.6866,5.4455,31.7351,32.2246,32.0266,31.2338,32.7850,32.7135,31.3132,31.2893,32.7934,32.6540,31.3208,32.4972,31.9149
2023-07-19,1,Locarno-Magadino,3,197.0000,62.2060,5.4455,30.9555,31.6709,32.6365,32.8926,32.3751,31.9035,31.9038,31.9810,32.1108,31.9463,31.9870,32.1950,32.3169
2023-07-19,2,Lugano,3,273.0000,46.2864,5.4455,31.7231,31.3759,32.5888,32.8153,32.2694,32.2720,32.2654,32.4438,32.6975,32.3104,32.3733,32.2492,32.3500
2023-07-19,3,Paganella,2,2125.0000,86.1858,5.4455,32.3968,31.5868,30.7524,30.1728,31.7827,31.6829,30.9937,30.6882,31.3838,31.6951,31.0021,31.8093,30.9594
2023-07-19,4,Aviano,3,128.0000,53.5302,5.4455,27.8915,28.8987,29.2390,28.5651,29.2688,29.5694,28.3465,28.7046,29.9971,29.6056,28.4162,29.7801,28.9120
2023-07-19,5,Pian Rosa,4,3480.0000,33.9630,5.4455,35.5866,32.8792,32.4221,31.3089,33.0209,33.4003,32.1350,32.1959,33.4052,34.4694,33.3263,33.1056,32.1036
2023-07-19,6,Torino / Caselle,2,301.0000,62.2905,5.4455,31.0120,30.1826,30.9758,31.4078,30.8857,31.4937,30.8295,31.1059,31.7035,31.6242,30.9013,31.4014,30.8989
2023-07-19,7,Torino / Bric Della Croce,2,709.0000,72.5131,5.4455,33.1401,30.6289,31.9749,31.4491,32.6387,32.3112,31.6911,31.9915,32.5412,32.4832,31.8092,32.2733,31.7667
2023-07-19,8,Novara / Cameri,1,178.0000,49.0769,5.4455,31.9641,30.5305,32.3575,32.2388,32.2565,32.1246,31.9091,31.8356,32.2776,32.1604,31.9067,32.2261,32.1355
2023-07-19,9,Milano / Malpensa,1,234.0000,46.2864,5.4455,32.7918,30.7118,32.4035,32.3623,32.4677,32.4184,32.1702,32.2062,32.6712,32.4557,32.1704,32.3341,32.2107
2023-07-19,10,Bergamo / Orio Al Serio,2,238.0000,41.5983,5.4455,32.9387,31.4039,32.5181,32.3111,33.0705,32.6633,32.2063,32.2841,32.8127,32.7630,32.2297,32.7824,32.4306
2023-07-19,11,Milano / Linate,4,107.0000,41.5983,5.4455,33.4382,31.1785,32.9635,32.4524,33.0363,33.5404,33.3355,33.2697,33.7076,33.5657,33.3899,32.9710,32.7024
2023-07-19,12,Piacenza,2,134.0000,55.9905,5.4455,32.4693,31.0428,32.1765,32.0576,32.0811,32.4435,32.0067,32.0453,32.4539,32.4499,31.9427,32.2773,31.9239
2023-07-19,13,Brescia / Ghedi,2,102.0000,45.8189,5.4455,32.3288,31.4174,32.6456,31.6476,32.8378,33.3127,32.5817,32.6343,33.3586,33.4226,32.6380,33.0438,32.4618
2023-07-19,14,Verona / Rivoltella,2,64.0000,25.9799,5.4455,29.1409,30.7482,31.3185,31.1687,31.7931,31.4334,30.4369,30.0190,30.9991,31.4614,30.4062,32.0572,31.3363
2023-07-19,15,Verona / Villafranca,1,67.0000,25.9799,5.4455,31.1682,30.8431,30.9916,30.4588,32.1421,32.4842,31.3032,31.3534,32.6121,32.5621,31.3460,32.2724,31.1435
2023-07-19,17,Treviso / Istrana,1,45.0000,37.0588,5.4455,28.4941,28.7480,28.2482,29.0225,29.5529,29.7359,28.5681,28.5777,29.9702,29.7815,28.5868,29.7557,28.6213
2023-07-19,18,Treviso / S. Angelo,1,18.0000,38.0901,5.4455,28.7587,28.4938,28.3380,28.9318,29.6582,30.0915,28.9281,28.7473,30.1285,30.1434,28.9573,29.9224,28.7298
2023-07-19,19,Venezia / Tessera,1,2.0000,39.4195,5.4455,27.0946,27.3372,26.3449,28.5871,26.9892,28.4347,27.1390,26.6665,28.1555,28.5226,27.1992,27.6838,26.3180
2023-07-19,20,Monte Settepani / Caragna,0,1381.0000,55.2369,5.4455,30.8833,30.3544,29.5817,31.6218,29.3365,30.7393,30.4355,30.4541,30.8081,30.6743,30.4344,30.5120,30.3942
2023-07-19,21,Mondovi,0,559.0000,72.5131,5.4455,29.5352,30.8251,30.3992,31.4504,30.4413,31.1277,30.9466,30.6217,30.9262,31.0595,30.9552,31.0794,31.0758
2023-07-19,22,Monte Malanotte,0,1741.0000,85.7364,5.4455,31.1188,31.5684,31.0244,31.4403,31.4893,31.8308,31.6247,31.5587,31.8744,31.6872,31.5540,31.9815,31.9578
2023-07-19,23,Passo Dei Giovi,0,468.0000,24.9535,5.4455,31.3541,30.6251,30.6312,32.0775,30.5033,31.3596,30.9189,30.8380,31.2776,31.2135,30.8250,31.0756,30.8292
2023-07-19,24,Genova / Sestri,1,2.0000,24.9535,5.4455,30.6079,29.9684,31.2579,32.0436,29.9513,31.2313,31.0971,30.6224,30.8561,31.2358,31.0807,31.2869,31.1628
2023-07-19,25,Albenga,0,45.0000,71.3337,5.4455,29.4837,29.6480,29.6326,31.5633,29.6731,30.8107,30.5165,30.3401,30.6895,30.7014,30.4805,30.4587,30.3522
2023-07-19,27,Sarzana / Luni,4,9.0000,94.6868,5.4455,30.3475,29.5792,30.4656,31.6999,30.8477,31.4337,30.7602,30.3554,30.9947,31.4402,30.7931,31.2192,30.6481
2023-07-19,28,Bologna / Borgo Panigale,0,51.0000,41.0210,5.4455,30.1669,29.8189,30.7584,29.3092,31.3913,31.6140,30.6428,30.6781,31.5804,31.6206,30.6503,31.3346,30.4655
2023-07-19,29,Ferrara / Fontana,4,9.0000,39.9528,5.4455,29.3098,29.1202,29.3783,28.9902,30.2808,30.9492,29.5807,29.8878,31.0662,30.9673,29.6114,30.6119,29.4565
2023-07-19,30,Monte Cimone,4,2165.0000,59.3732,5.4455,31.6988,31.0747,29.3313,29.7069,29.8738,30.9986,29.9512,29.4266,30.3903,30.9962,29.9334,31.0537,30.1951
2023-07-19,31,Ferrara,4,10.0000,41.7377,5.4455,29.0846,29.1100,29.3723,29.0081,30.6374,30.9770,29.6161,29.9576,31.1308,31.0011,29.6542,30.6062,29.4498
2023-07-19,32,Bologna / Borgo Panigale,0,36.0000,39.9528,5.4455,30.0408,29.8007,30.7081,29.2839,31.3523,31.5878,30.6049,30.6694,31.5810,31.5893,30.6065,31.3159,30.4371
2023-07-19,33,Punta Marina,1,2.0000,25.9357,5.4455,24.2976,26.5749,25.4751,27.7918,25.9934,26.8426,25.0770,24.5352,26.1927,26.8739,25.0550,26.7303,25.0764
2023-07-19,34,Forli,3,27.0000,33.4500,5.4455,27.9062,27.9021,27.7706,28.3345,29.0442,29.4575,27.8950,28.1023,29.4227,29.4063,27.8653,29.1004,27.8073
2023-07-19,35,Cervia,3,6.0000,25.9357,5.4455,27.1467,26.8790,26.6481,28.1986,27.6373,28.3293,26.6455,26.9313,28.3332,28.2967,26.6343,28.1604,26.7582
2023-07-19,36,Rimini,3,12.0000,52.7910,5.4455,23.4664,26.2900,26.1481,28.2618,26.4105,27.2039,25.4401,25.4284,26.8991,27.1759,25.4347,27.4917,26.1026
2023-07-19,37,Torino / Collegno,2,287.0000,74.9769,5.4455,32.1772,30.4521,31.4089,31.4176,32.1707,31.8696,31.2015,31.4229,32.0120,32.0122,31.2893,31.8677,31.3382
2023-07-19,38,Aosta / Pollein,0,546.0000,20.6866,5.4455,29.7553,31.5283,31.9106,31.2584,32.1494,32.3285,32.1144,32.3548,32.5775,32.1749,31.9733,32.2271,32.4405
2023-07-20,0,Grand St. Bernard / Grand Saint Bernard,3,2472.0000,20.6866,6.9369,32.3826,33.2117,34.8250,31.5311,33.7935,33.8802,34.4814,34.2752,33.8714,33.7379,34.5285,33.5103,34.6176
2023-07-20,1,Locarno-Magadino,3,197.0000,62.2060,6.9369,29.6943,29.7657,31.5266,31.1189,30.8134,30.1592,30.5366,30.5847,30.3595,30.2239,30.6609,30.4338,31.2308
2023-07-20,2,Lugano,3,273.0000,46.2864,6.9369,30.8283,29.5538,31.5900,31.1212,30.7263,30.4546,31.0103,31.2934,30.9699,30.5262,31.1501,30.5741,31.3539
2023-07-20,3,Paganella,2,2125.0000,86.1858,6.9369,32.4525,30.5121,30.8756,29.8981,31.0649,30.6668,30.5006,30.4829,30.6639,30.7131,30.5337,31.0321,30.7812
2023-07-20,4,Aviano,3,128.0000,53.5302,6.9369,29.4565,29.5705,29.7030,29.2467,29.5631,30.1038,29.1161,29.1319,30.1907,30.1265,29.1305,30.2953,29.4210
2023-07-20,5,Pian Rosa,4,3480.0000,33.9630,6.9369,35.1508,32.7656,32.6865,31.5422,32.7358,33.0591,32.7554,32.5653,32.8286,34.0160,33.5737,32.9572,32.7577
2023-07-20,6,Torino / Caselle,2,301.0000,62.2905,6.9369,31.3916,30.1617,31.5322,31.0844,30.9069,31.0264,31.3109,31.4333,31.1721,31.1138,31.3472,31.1109,31.5173
2023-07-20,7,Torino / Bric Della Croce,2,709.0000,72.5131,6.9369,30.5555,30.0557,31.6457,30.9461,31.1967,31.1026,31.4181,31.4369,31.1746,31.2139,31.4748,31.2014,31.5869
2023-07-20,8,Novara / Cameri,1,178.0000,49.0769,6.9369,32.3222,29.2435,31.1812,31.3749,30.4255,30.9492,31.3351,31.3628,31.2505,31.0221,31.3901,30.6754,31.0617
2023-07-20,9,Milano / Malpensa,1,234.0000,46.2864,6.9369,31.6386,29.2950,31.4730,31.3445,30.7397,31.1552,31.5441,31.7555,31.6368,31.2248,31.5967,30.8956,31.2769
2023-07-20,10,Bergamo / Orio Al Serio,2,238.0000,41.5983,6.9369,31.2820,29.3949,31.4581,30.9419,31.1771,30.8285,31.2490,31.3501,31.0526,30.9360,31.2890,30.8343,31.1937
2023-07-20,11,Milano / Linate,4,107.0000,41.5983,6.9369,31.8652,29.2545,31.1253,31.1532,30.5715,30.8815,31.2865,31.3454,31.1776,30.8979,31.3198,30.6110,30.9816
2023-07-20,12,Piacenza,2,134.0000,55.9905,6.9369,30.6465,29.2001,30.8109,30.7877,29.9332,30.0650,30.4801,30.2721,30.0200,30.0611,30.4283,30.0948,30.4530
2023-07-20,13,Brescia / Ghedi,2,102.0000,45.8189,6.9369,31.2981,29.2389,30.9107,30.6231,30.0578,30.5476,30.7138,30.7709,30.6735,30.6149,30.7346,30.4716,30.6211
2023-07-20,14,Verona / Rivoltella,2,64.0000,25.9799,6.9369,27.6515,28.6613,29.5253,30.3167,29.1120,28.9228,28.9367,28.4022,28.4279,28.9326,28.8998,29.4586,29.4943
2023-07-20,15,Verona / Villafranca,1,67.0000,25.9799,6.9369,29.9499,28.9976,29.8051,29.8100,29.7400,30.1362,29.9148,30.1001,30.2794,30.1914,29.9556,29.9708,29.7207
2023-07-20,16,Padova,3,13.0000,37.0588,6.9369,29.3104,28.3492,28.7214,28.7901,29.2403,29.9761,29.2091,29.2106,29.9234,29.9062,29.1292,29.6789,28.9508
2023-07-20,17,Treviso / Istrana,1,45.0000,37.0588,6.9369,29.0575,28.8980,29.7219,29.0628,29.8264,29.9829,29.6854,29.9071,30.2516,30.0146,29.7017,30.1192,29.7621
2023-07-20,19,Venezia / Tessera,1,2.0000,39.4195,6.9369,25.6046,27.4906,27.2672,28.5149,27.0948,27.8241,27.3515,26.7769,27.2437,27.8576,27.3604,27.7082,27.1901
2023-07-20,20,Monte Settepani / Caragna,0,1381.0000,55.2369,6.9369,30.6403,28.9166,28.4665,30.7587,28.2311,29.5385,29.3662,29.4639,29.6014,29.3223,29.2098,29.2087,29.2715
2023-07-20,21,Mondovi,0,559.0000,72.5131,6.9369,30.1436,29.6503,29.6482,30.7170,29.9370,30.2379,30.0467,30.1624,30.3803,30.0913,29.9643,30.2319,30.2882
2023-07-20,22,Monte Malanotte,0,1741.0000,85.7364,6.9369,30.4760,30.4319,29.7415,30.6984,30.3135,30.6009,30.4112,30.6245,30.8313,30.4533,30.3250,30.7494,30.8053
2023-07-20,23,Passo Dei Giovi,0,468.0000,24.9535,6.9369,29.8313,28.9430,29.4560,30.7664,28.7736,29.6582,29.6649,29.5934,29.5186,29.4986,29.5711,29.4156,29.5907
2023-07-20,24,Genova / Sestri,1,2.0000,24.9535,6.9369,29.5916,28.4821,30.4752,30.4460,28.6835,29.8319,30.2983,29.7010,29.4503,29.8479,30.3054,29.8567,30.3001
2023-07-20,26,Passo Della Cisa,4,1039.0000,55.9905,6.9369,30.4323,29.5107,29.6801,30.3464,29.6905,30.0204,30.1348,30.2231,30.0768,29.9693,30.1099,29.8021,29.8378
2023-07-20,27,Sarzana / Luni,4,9.0000,94.6868,6.9369,29.5644,28.2150,29.4824,30.1377,28.9154,29.6124,29.6614,29.5824,29.4741,29.5856,29.6536,29.6323,29.6125
2023-07-20,28,Bologna / Borgo Panigale,0,51.0000,41.0210,6.9369,30.7462,28.9683,30.5405,29.1198,30.3664,30.4885,30.2886,30.6795,30.6022,30.5038,30.3182,30.4261,30.0314
2023-07-20,29,Ferrara / Fontana,4,9.0000,39.9528,6.9369,29.0406,28.2009,28.6767,28.5170,28.6122,29.5007,28.8335,28.9863,29.3831,29.4996,28.8293,29.3687,28.6295
2023-07-20,30,Monte Cimone,4,2165.0000,59.3732,6.9369,31.6988,30.2489,29.7497,29.6869,30.5295,30.2796,30.1646,30.3726,30.3716,30.2299,30.1170,30.4657,30.1949
2023-07-20,31,Ferrara,4,10.0000,41.7377,6.9369,29.2347,28.1951,28.6504,28.5344,28.9004,29.5531,28.8888,29.0176,29.4145,29.5602,28.8944,29.3625,28.6229
2023-07-20,32,Bologna / Borgo Panigale,0,36.0000,39.9528,6.9369,30.5035,28.9598,30.4990,29.0913,30.4893,30.4639,30.2485,30.6506,30.5844,30.4795,30.2781,30.4120,30.0042
2023-07-20,33,Punta Marina,1,2.0000,25.9357,6.9369,23.6254,26.5446,25.3264,26.7798,25.2957,26.4828,25.0525,24.6556,25.6839,26.4698,25.0232,26.6448,25.1791
2023-07-20,35,Cervia,3,6.0000,25.9357,6.9369,25.8751,27.1029,26.6042,27.3872,27.3732,27.6916,26.1254,26.1742,26.9671,27.6661,26.1023,28.0566,26.7881
2023-07-20,36,Rimini,3,12.0000,52.7910,6.9369,24.3334,26.8820,26.4490,27.4257,26.7686,27.2650,25.7488,25.5275,26.2981,27.2575,25.7399,27.7265,26.4611
2023-07-20,37,Torino / Collegno,2,287.0000,74.9769,6.9369,31.5376,30.3106,31.8830,30.9685,31.6093,31.5176,31.7851,31.8741,31.6408,31.6366,31.8524,31.4727,31.8412
2023-07-21,0,Grand St. Bernard / Grand Saint Bernard,3,2472.0000,20.6866,5.2870,34.2445,33.8526,35.3687,33.1836,33.9119,33.8514,34.9951,34.9510,33.4908,33.8298,35.0704,34.0279,35.3315
2023-07-21,1,Locarno-Magadino,3,197.0000,62.2060,5.2870,31.0750,30.6528,31.8607,31.5622,30.8037,30.9075,31.3434,31.1988,30.6472,30.9372,31.4207,30.9177,31.5152
2023-07-21,2,Lugano,3,273.0000,46.2864,5.2870,30.4715,30.3313,31.5398,31.5121,30.7550,30.5435,30.9178,30.5327,30.0594,30.5660,30.9866,30.8385,31.3922
2023-07-21,3,Paganella,2,2125.0000,86.1858,5.2870,32.5533,31.1665,31.3813,30.3983,31.0430,31.5175,31.0431,30.9406,31.1058,31.5917,31.1120,31.5121,31.1184
2023-07-21,5,Pian Rosa,4,3480.0000,33.9630,5.2870,35.4093,33.0924,33.4584,33.0198,32.6968,33.1120,33.5755,33.3822,32.4438,33.7160,34.1086,33.2229,33.6480
2023-07-21,6,Torino / Caselle,2,301.0000,62.2905,5.2870,31.7242,30.9988,32.5779,33.0690,31.2019,31.6799,32.3088,32.3926,31.1129,31.7611,32.3554,31.7490,32.3013
2023-07-21,7,Torino / Bric Della Croce,2,709.0000,72.5131,5.2870,34.3648,30.8026,32.7374,33.0381,31.7377,31.8611,32.4441,32.8075,31.5758,31.9690,32.5165,31.8910,32.3995
2023-07-21,8,Novara / Cameri,1,178.0000,49.0769,5.2870,31.5595,29.8472,31.2551,31.2498,30.2513,30.9585,31.4123,31.5277,30.7667,31.0069,31.4533,30.8138,31.2520
2023-07-21,9,Milano / Malpensa,1,234.0000,46.2864,5.2870,31.7666,29.9221,31.6169,31.2741,30.6191,31.3630,31.7511,32.1416,31.4430,31.4236,31.8038,31.1248,31.5057
2023-07-21,10,Bergamo / Orio Al Serio,2,238.0000,41.5983,5.2870,31.3119,30.1461,31.2371,31.2191,30.9036,31.2366,31.2849,31.4391,31.0003,31.3162,31.3340,31.0915,31.1368
2023-07-21,12,Piacenza,2,134.0000,55.9905,5.2870,30.0537,29.3324,30.6620,30.4730,29.9926,30.0542,30.3391,30.4742,29.7233,30.0452,30.3040,30.1440,30.3351
2023-07-21,13,Brescia / Ghedi,2,102.0000,45.8189,5.2870,30.6118,30.1838,31.3510,30.6973,30.8655,31.3050,31.1977,31.2980,31.0748,31.3228,31.1961,31.2516,31.1573
2023-07-21,15,Verona / Villafranca,1,67.0000,25.9799,5.2870,30.7286,30.4974,31.3255,30.2983,30.8994,31.3014,31.1790,31.3662,31.2921,31.3317,31.1764,31.2921,31.2859
2023-07-21,16,Padova,3,13.0000,37.0588,5.2870,31.1579,30.3901,30.5678,30.3787,31.2204,31.7927,31.1051,30.9924,31.4276,31.7261,31.0363,31.4491,30.7999
2023-07-21,17,Treviso / Istrana,1,45.0000,37.0588,5.2870,30.1460,30.5414,31.1207,30.5947,30.9033,31.1867,30.9946,31.0820,31.0266,31.2192,30.9885,31.1762,31.1278
2023-07-21,18,Treviso / S. Angelo,1,18.0000,38.0901,5.2870,30.0464,30.4040,31.0996,30.5385,30.5953,31.3710,31.1690,31.3068,31.2650,31.3964,31.1567,31.3236,31.2601
2023-07-21,19,Venezia / Tessera,1,2.0000,39.4195,5.2870,28.0954,29.3517,29.7795,30.2313,29.0915,29.4505,29.1598,28.6851,28.6762,29.4671,29.1298,29.5846,29.4666
2023-07-21,20,Monte Settepani / Caragna,0,1381.0000,55.2369,5.2870,30.8356,29.6556,29.8717,32.2042,28.8652,29.8846,30.3677,30.5420,29.4044,29.7488,30.2882,29.8449,30.2852
2023-07-21,21,Mondovi,0,559.0000,72.5131,5.2870,31.2437,30.4635,31.3519,33.0452,30.4234,30.9942,31.6834,31.8933,30.7240,30.8531,31.6172,30.8904,31.5141
2023-07-21,22,Monte Malanotte,0,1741.0000,85.7364,5.2870,31.6461,30.9350,31.0292,33.0514,30.7838,30.9875,31.6411,31.6861,30.5239,30.9014,31.6348,31.0899,31.6820
2023-07-21,23,Passo Dei Giovi,0,468.0000,24.9535,5.2870,30.3270,29.3169,30.1871,30.6551,29.4016,29.8696,30.0578,30.3189,29.3660,29.7128,29.9390,29.9219,30.1196
2023-07-21,24,Genova / Sestri,1,2.0000,24.9535,5.2870,29.1554,29.1007,29.7761,30.4199,27.9119,29.2773,29.9123,28.3727,27.1407,29.2655,29.9072,29.5413,30.0357
2023-07-21,26,Passo Della Cisa,4,1039.0000,55.9905,5.2870,30.4485,29.2027,29.2394,29.8461,29.0481,29.5263,29.4880,29.1447,28.5007,29.4849,29.4682,29.4399,29.4042
2023-07-21,27,Sarzana / Luni,4,9.0000,94.6868,5.2870,28.8129,28.1170,28.8640,29.7088,27.8320,29.1766,29.1403,28.6923,28.0307,29.1840,29.1653,29.0720,29.0354
2023-07-21,28,Bologna / Borgo Panigale,0,51.0000,41.0210,5.2870,31.1139,29.6194,30.8916,29.5003,30.7097,31.0489,30.8756,30.9778,30.5913,31.0575,30.8989,30.7526,30.5619
2023-07-21,29,Ferrara / Fontana,4,9.0000,39.9528,5.2870,30.3742,29.7901,30.3298,29.5449,29.9905,30.7118,30.1899,30.5208,30.3872,30.6976,30.1726,30.7008,30.3082
2023-07-21,30,Monte Cimone,4,2165.0000,59.3732,5.2870,30.1087,29.5211,29.0923,29.4628,28.9477,29.6421,29.4709,29.3774,28.9507,29.6164,29.4487,29.6309,29.4883
2023-07-21,32,Bologna / Borgo Panigale,0,36.0000,39.9528,5.2870,30.3939,29.6234,30.8634,29.4906,30.7059,31.0544,30.8767,30.9945,30.6112,31.0623,30.8990,30.7504,30.5548
2023-07-21,33,Punta Marina,1,2.0000,25.9357,5.2870,27.0930,28.2362,28.0507,28.7719,27.1743,28.1504,27.7386,27.1283,26.9218,28.1377,27.6964,28.3211,27.9367
2023-07-21,34,Forli,3,27.0000,33.4500,5.2870,29.7369,28.9344,29.7208,29.1479,29.5327,29.9801,29.3807,29.7740,29.7300,29.9692,29.3821,29.8635,29.3390
2023-07-21,35,Cervia,3,6.0000,25.9357,5.2870,29.0972,28.4251,29.0081,29.1033,28.4232,29.3783,28.7209,28.3800,28.2877,29.3355,28.6805,29.3447,28.7276
2023-07-21,36,Rimini,3,12.0000,52.7910,5.2870,27.4833,28.1650,28.9144,29.2236,28.0532,28.7969,28.1332,27.9137,27.8229,28.7821,28.1212,29.1496,28.5301
2023-07-21,37,Torino / Collegno,2,287.0000,74.9769,5.2870,33.3732,31.0633,32.9613,33.0988,31.9478,32.1016,32.6938,33.0559,31.8145,32.2066,32.7643,32.1018,32.6228
2023-07-22,0,Grand St. Bernard / Grand Saint Bernard,3,2472.0000,20.6866,6.6120,32.9538,32.3561,33.8986,32.5726,33.3809,33.1149,33.2390,32.7696,32.1834,33.0010,33.1659,32.7693,33.0624
2023-07-22,1,Locarno-Magadino,3,197.0000,62.2060,6.6120,29.8951,29.0558,30.2038,31.0846,29.4514,29.4119,29.6955,29.7251,29.3041,29.4670,29.7914,29.4633,29.8355
2023-07-22,2,Lugano,3,273.0000,46.2864,6.6120,31.3305,29.0171,30.6342,31.0557,30.0347,29.7926,30.0465,30.3508,29.9656,29.8545,30.1516,29.9395,30.2985
2023-07-22,3,Paganella,2,2125.0000,86.1858,6.6120,29.7738,29.0094,29.7651,30.3323,29.0265,29.2377,29.3527,29.0574,28.5125,29.2808,29.3836,29.3516,29.5231
2023-07-22,4,Aviano,3,128.0000,53.5302,6.6120,31.3655,28.5162,30.8701,31.1585,29.9401,30.1357,30.2353,30.6967,30.0635,30.1609,30.2522,30.2822,30.3688
2023-07-22,5,Pian Rosa,4,3480.0000,33.9630,6.6120,33.0893,31.3870,32.0400,32.4822,30.9466,31.5685,31.6703,31.0939,30.5328,31.8457,31.8734,31.5883,31.7738
2023-07-22,6,Torino / Caselle,2,301.0000,62.2905,6.6120,32.6821,31.7559,33.1741,32.4200,32.4059,32.9507,33.1674,33.3549,32.6630,33.0940,33.2563,32.7842,32.9804
2023-07-22,7,Torino / Bric Della Croce,2,709.0000,72.5131,6.6120,33.0477,31.6261,33.1631,32.3759,32.7437,32.9258,33.1361,33.5230,32.8260,33.0575,33.2151,32.8078,32.9719
2023-07-22,8,Novara / Cameri,1,178.0000,49.0769,6.6120,31.1774,29.7577,31.5016,31.3504,30.8703,31.3205,31.6063,31.6598,31.1781,31.3684,31.6315,31.1281,31.4552
2023-07-22,9,Milano / Malpensa,1,234.0000,46.2864,6.6120,31.9518,29.6609,31.3787,31.2919,30.7091,31.2298,31.5991,31.6812,31.1415,31.2957,31.6439,30.9514,31.3358
2023-07-22,10,Bergamo / Orio Al Serio,2,238.0000,41.5983,6.6120,31.1373,29.3242,30.9953,30.5947,30.6866,30.7718,30.8946,31.0592,30.5636,30.8615,30.9425,30.6195,30.7888
2023-07-22,11,Milano / Linate,4,107.0000,41.5983,6.6120,30.5826,29.4755,30.9466,30.9432,30.6093,30.9453,31.1421,31.4304,31.0780,30.9507,31.1678,30.7405,30.9922
2023-07-22,12,Piacenza,2,134.0000,55.9905,6.6120,30.2327,29.7347,30.6564,30.4231,30.5720,30.4445,30.2808,30.2521,29.8261,30.4534,30.2507,30.7602,30.5706
2023-07-22,14,Verona / Rivoltella,2,64.0000,25.9799,6.6120,30.9852,29.7087,30.6501,30.5011,30.2203,30.7117,30.5773,30.4449,30.1091,30.7111,30.5644,30.6711,30.6609
2023-07-22,15,Verona / Villafranca,1,67.0000,25.9799,6.6120,30.5210,29.9277,31.2287,30.7958,30.2041,30.9036,31.1698,31.2868,30.5427,30.9358,31.1772,30.8530,31.1302
2023-07-22,16,Padova,3,13.0000,37.0588,6.6120,30.9761,29.2297,30.4266,30.9623,29.7768,30.7231,30.7403,30.7624,30.1863,30.6712,30.6844,30.3491,30.4133
2023-07-22,17,Treviso / Istrana,1,45.0000,37.0588,6.6120,29.9118,28.6907,30.3419,31.0420,29.1422,29.7198,30.3273,30.1510,29.1384,29.7600,30.3369,29.6953,30.2830
2023-07-22,18,Treviso / S. Angelo,1,18.0000,38.0901,6.6120,30.4404,28.6165,30.4700,31.0314,29.1935,29.8439,30.4588,30.1589,29.1539,29.8689,30.4530,29.9008,30.5147
2023-07-22,19,Venezia / Tessera,1,2.0000,39.4195,6.6120,27.1892,27.6468,28.5638,30.9342,26.7066,27.8433,28.5328,28.0032,26.8022,27.8615,28.5155,27.8808,28.5561
2023-07-22,20,Monte Settepani / Caragna,0,1381.0000,55.2369,6.6120,31.2048,29.7081,28.7390,31.7430,28.9350,30.0852,29.5416,29.6658,29.4953,29.9621,29.4203,30.0364,29.4437
2023-07-22,21,Mondovi,0,559.0000,72.5131,6.6120,31.5524,30.7555,30.7611,32.3313,30.9637,31.5846,31.2041,31.3759,31.1973,31.3868,31.0293,31.4359,31.0892
2023-07-22,22,Monte Malanotte,0,1741.0000,85.7364,6.6120,31.7832,30.7983,30.4185,32.3290,31.0920,31.3963,30.9821,30.8609,30.6783,31.1873,30.7920,31.4225,31.0350
2023-07-22,23,Passo Dei Giovi,0,468.0000,24.9535,6.6120,29.8678,29.5370,28.7783,30.5187,29.4392,30.2448,29.5798,29.9491,29.7975,30.0561,29.3829,30.0615,29.2736
2023-07-22,24,Genova / Sestri,1,2.0000,24.9535,6.6120,27.9684,29.1404,30.1765,30.0632,28.6101,29.3506,29.4362,28.1643,27.2707,29.3052,29.3906,30.2464,30.2761
2023-07-22,25,Albenga,0,45.0000,71.3337,6.6120,30.7976,29.4873,29.2228,31.8241,29.4995,30.1908,29.8640,30.0264,29.9183,30.1166,29.8021,30.3048,29.7395
2023-07-22,26,Passo Della Cisa,4,1039.0000,55.9905,6.6120,30.1131,29.7341,29.6792,29.7067,29.9477,30.1597,29.9042,29.8567,29.5174,30.0972,29.8735,30.1833,29.9626
2023-07-22,27,Sarzana / Luni,4,9.0000,94.6868,6.6120,27.4641,28.3985,29.0130,29.4109,28.3534,29.0020,28.8020,28.0779,27.7985,29.0096,28.8351,29.5002,29.2793
2023-07-22,28,Bologna / Borgo Panigale,0,51.0000,41.0210,6.6120,31.1607,30.1900,31.5173,30.4488,30.7987,31.4325,31.6357,32.0804,31.2035,31.4126,31.6466,31.2755,31.4263
2023-07-22,29,Ferrara / Fontana,4,9.0000,39.9528,6.6120,31.6987,30.0226,31.3629,30.6759,30.2343,31.1189,31.1512,31.4960,30.8948,31.0938,31.1375,31.1240,31.3041
2023-07-22,31,Ferrara,4,10.0000,41.7377,6.6120,31.4256,30.0343,31.3612,30.6923,30.7200,31.1855,31.2190,31.5830,30.9806,31.1742,31.2191,31.1370,31.3189
2023-07-22,32,Bologna / Borgo Panigale,0,36.0000,39.9528,6.6120,30.9300,30.1945,31.4555,30.4439,30.9360,31.3771,31.5885,32.0312,31.1445,31.3549,31.5968,31.2326,31.3899
2023-07-22,33,Punta Marina,1,2.0000,25.9357,6.6120,29.5363,28.8180,29.8411,30.4359,27.8476,28.9387,29.7283,29.3686,27.8644,28.9575,29.7208,28.9490,29.7077
2023-07-22,34,Forli,3,27.0000,33.4500,6.6120,30.8607,29.1262,30.7946,30.5534,29.9677,29.9684,30.1878,30.6430,29.5793,30.0089,30.2329,30.1922,30.3450
2023-07-22,35,Cervia,3,6.0000,25.9357,6.6120,31.4277,28.8637,30.8185,30.6377,29.4081,30.5210,30.8038,30.8797,29.7194,30.4491,30.7394,30.1351,30.3406
2023-07-22,36,Rimini,3,12.0000,52.7910,6.6120,30.4398,28.3857,30.3404,30.8069,29.1996,29.8525,30.1105,30.2331,29.1728,29.8013,30.0668,29.7515,29.9547
2023-07-22,37,Torino / Collegno,2,287.0000,74.9769,6.6120,33.6186,31.9182,33.3844,32.4132,32.9875,33.2324,33.4434,33.6945,33.0065,33.3307,33.4901,33.0386,33.2148
2023-07-22,38,Aosta / Pollein,0,546.0000,20.6866,6.6120,32.4021,32.0495,32.4635,32.5516,32.1421,32.7908,33.0124,32.6695,31.9997,32.7119,32.9737,32.6938,33.1197
2023-07-23,0,Grand St. Bernard / Grand Saint Bernard,3,2472.0000,20.6866,5.2500,28.5477,29.1746,30.1950,30.7923,29.4548,29.6615,30.2715,30.3951,29.5535,29.6160,30.2747,29.4150,30.0221
2023-07-23,2,Lugano,3,273.0000,46.2864,5.2500,28.8432,28.8948,29.7272,30.2139,29.7242,29.5774,29.2133,29.3188,29.5761,29.6419,29.3407,29.7323,29.6042
2023-07-23,3,Paganella,2,2125.0000,86.1858,5.2500,27.2084,27.5202,28.1067,28.6243,27.8870,28.0819,27.8065,27.7434,27.7165,28.1779,27.8968,28.0327,27.8796
2023-07-23,4,Aviano,3,128.0000,53.5302,5.2500,31.6871,28.8460,31.0006,30.9648,29.9521,30.4185,30.5340,30.8232,30.3525,30.4403,30.5501,30.4708,30.5554
2023-07-23,5,Pian Rosa,4,3480.0000,33.9630,5.2500,29.8770,28.4464,29.3911,30.7351,28.6393,28.7639,28.6759,28.7354,28.1859,29.0788,28.9599,28.6868,28.5947
2023-07-23,6,Torino / Caselle,2,301.0000,62.2905,5.2500,32.0690,30.3718,31.8115,30.8590,31.0108,31.6939,31.7128,32.1118,31.5872,31.8320,31.8067,31.4807,31.3563
2023-07-23,7,Torino / Bric Della Croce,2,709.0000,72.5131,5.2500,32.0580,30.3369,31.6695,30.8747,31.5202,31.6549,31.6013,32.0360,31.5346,31.7793,31.6836,31.4817,31.2780
2023-07-23,9,Milano / Malpensa,1,234.0000,46.2864,5.2500,31.4629,29.6157,30.7545,30.0914,30.8983,31.2882,30.9211,31.1008,31.2253,31.3560,30.9689,30.9793,30.6701
2023-07-23,10,Bergamo / Orio Al Serio,2,238.0000,41.5983,5.2500,29.4042,29.3810,30.1497,29.4513,30.6136,30.5559,30.0671,30.3114,30.4819,30.6349,30.1027,30.4799,30.0967
2023-07-23,11,Milano / Linate,4,107.0000,41.5983,5.2500,30.0182,29.3706,29.7299,29.7712,30.5233,30.6619,30.0099,30.2540,30.6902,30.6722,30.0441,30.4513,29.9056
2023-07-23,12,Piacenza,2,134.0000,55.9905,5.2500,27.8227,28.4952,28.7558,28.8882,29.1842,28.9014,28.2491,28.1613,28.2341,28.8939,28.1999,29.2447,28.6642
2023-07-23,13,Brescia / Ghedi,2,102.0000,45.8189,5.2500,29.4202,29.3317,30.2521,29.0986,30.4154,30.5924,30.0185,30.0505,30.2927,30.5897,29.9863,30.6279,30.1851
2023-07-23,14,Verona / Rivoltella,2,64.0000,25.9799,5.2500,29.3126,29.1812,30.1702,29.1460,30.8209,30.6359,30.0150,30.0523,30.3755,30.6481,30.0126,30.5753,30.1185
2023-07-23,15,Verona / Villafranca,1,67.0000,25.9799,5.2500,29.4596,29.2799,29.7128,29.7713,30.0767,30.4245,29.6609,29.7379,30.2410,30.4631,29.6617,30.4341,29.8300
2023-07-23,17,Treviso / Istrana,1,45.0000,37.0588,5.2500,29.9816,28.4884,29.9731,30.6445,29.6443,29.7659,29.9553,29.8377,29.5608,29.8138,29.9709,29.7955,29.9606
2023-07-23,18,Treviso / S. Angelo,1,18.0000,38.0901,5.2500,30.9315,28.4920,29.9781,30.6665,29.6148,29.9437,30.1776,30.0060,29.6897,29.9824,30.1844,29.8754,30.0857
2023-07-23,19,Venezia / Tessera,1,2.0000,39.4195,5.2500,27.3559,27.4332,27.6813,30.5975,26.5849,27.4861,27.7788,27.2824,26.8524,27.4907,27.7463,27.6245,27.8801
2023-07-23,20,Monte Settepani / Caragna,0,1381.0000,55.2369,5.2500,28.4545,28.8549,27.7008,30.2234,27.9963,29.3166,28.5733,28.7012,28.6855,29.2188,28.4653,29.0402,28.3140
2023-07-23,21,Mondovi,0,559.0000,72.5131,5.2500,30.4374,29.7555,29.7734,30.8818,30.0324,30.3163,29.8580,29.9505,29.8759,30.1458,29.7050,30.3998,29.9891
2023-07-23,22,Monte Malanotte,0,1741.0000,85.7364,5.2500,28.5757,29.1518,28.3065,30.8747,29.1398,29.4874,28.9767,28.7505,28.6807,29.3592,28.8611,29.4543,28.9928
2023-07-23,23,Passo Dei Giovi,0,468.0000,24.9535,5.2500,28.2127,28.0869,26.4564,28.8207,27.5508,28.3749,27.2676,27.6803,27.8533,28.3047,27.1634,28.0595,26.9465
2023-07-23,24,Genova / Sestri,1,2.0000,24.9535,5.2500,26.1576,28.0408,27.9733,28.1880,26.9433,28.1092,27.6325,26.3010,25.8204,28.0768,27.5856,28.5825,28.1854
2023-07-23,25,Albenga,0,45.0000,71.3337,5.2500,29.1350,29.2151,28.3813,30.2866,29.0305,29.7654,29.2940,29.3026,29.2852,29.7163,29.2547,29.6533,28.9643
2023-07-23,26,Passo Della Cisa,4,1039.0000,55.9905,5.2500,26.8690,27.5551,26.9098,27.9961,27.7921,27.9042,27.1636,27.0475,27.1237,27.8638,27.1334,27.8434,27.1934
2023-07-23,27,Sarzana / Luni,4,9.0000,94.6868,5.2500,26.2666,27.2570,27.5285,27.5427,27.2566,28.0050,27.3854,26.5472,26.5246,28.0150,27.4193,28.3089,27.7207
2023-07-23,28,Bologna / Borgo Panigale,0,51.0000,41.0210,5.2500,30.3506,29.0069,30.5399,29.1939,30.6101,30.7449,30.4183,30.7558,30.4989,30.7541,30.4935,30.5383,30.2497
2023-07-23,29,Ferrara / Fontana,4,9.0000,39.9528,5.2500,30.7392,29.1988,30.4826,29.8289,29.7562,30.4605,30.4361,30.6387,30.0558,30.4312,30.4179,30.3733,30.4016
2023-07-23,30,Monte Cimone,4,2165.0000,59.3732,5.2500,25.8630,27.0498,26.6696,28.6975,27.0379,27.4557,27.0615,26.7881,26.6484,27.3990,27.0100,27.3674,27.0870
2023-07-23,31,Ferrara,4,10.0000,41.7377,5.2500,30.3366,29.2218,30.5089,29.8621,30.1091,30.5777,30.5419,30.7801,30.2114,30.5695,30.5453,30.4155,30.4355
2023-07-23,32,Bologna / Borgo Panigale,0,36.0000,39.9528,5.2500,30.9347,29.0217,30.5907,29.1863,30.7471,30.8069,30.4958,30.8588,30.5850,30.8153,30.5691,30.5787,30.3020
2023-07-23,33,Punta Marina,1,2.0000,25.9357,5.2500,28.8489,28.2262,29.2937,29.7041,27.7669,28.2806,28.9226,28.0586,26.9397,28.2851,28.9018,28.3605,28.9469
2023-07-23,34,Forli,3,27.0000,33.4500,5.2500,30.7777,28.5215,29.9079,29.8238,29.4544,29.3019,29.4246,30.1026,29.4956,29.3270,29.4527,29.5158,29.5180
2023-07-23,35,Cervia,3,6.0000,25.9357,5.2500,30.8826,28.4881,30.2139,30.1560,29.1620,30.0662,30.2745,30.0997,29.3718,29.9964,30.2090,29.7375,29.8084
2023-07-23,36,Rimini,3,12.0000,52.7910,5.2500,30.0437,28.4160,30.3764,30.6474,30.0143,30.4094,30.6133,30.3814,29.6709,30.3324,30.5404,29.9494,30.0209
2023-07-23,37,Torino / Collegno,2,287.0000,74.9769,5.2500,32.6071,30.4998,31.8821,30.8890,31.8619,31.8217,31.8006,32.2293,31.7208,31.9234,31.8599,31.6424,31.4704
2023-07-23,38,Aosta / Pollein,0,546.0000,20.6866,5.2500,30.5324,29.3395,29.5242,30.7983,30.0982,29.8859,29.5870,29.5636,29.4858,29.8191,29.5651,30.0284,30.0315
2023-07-24,1,Locarno-Magadino,3,197.0000,62.2060,19.0816,30.0339,31.3470,31.1094,30.1728,31.1577,31.6960,30.8695,31.1542,32.0270,31.6924,30.9213,31.5101,30.7836
2023-07-24,2,Lugano,3,273.0000,46.2864,19.0816,31.6119,31.3913,31.1734,30.1465,31.5786,32.1328,31.2508,31.3753,32.2992,32.1228,31.2878,31.8735,31.1026
2023-07-24,3,Paganella,2,2125.0000,86.1858,19.0816,29.6391,28.6818,28.9871,30.2547,28.7005,28.8438,28.9056,28.5768,28.5789,28.8826,28.9466,28.8943,28.8549
2023-07-24,4,Aviano,3,128.0000,53.5302,19.0816,32.3334,30.5673,31.8819,31.2587,30.6010,31.0352,31.3617,31.7184,30.8413,31.0566,31.3788,31.3342,31.5265
2023-07-24,6,Torino / Caselle,2,301.0000,62.2905,19.0816,31.1732,30.3540,30.8872,31.0083,30.9241,31.3677,30.8804,31.1225,31.4874,31.4692,30.9598,31.1279,30.3897
2023-07-24,7,Torino / Bric Della Croce,2,709.0000,72.5131,19.0816,31.8063,30.3173,30.7164,30.9385,31.2790,31.1634,30.5764,30.8340,31.1861,31.2271,30.6185,31.1188,30.3104
2023-07-24,8,Novara / Cameri,1,178.0000,49.0769,19.0816,31.2253,30.7625,31.2618,30.4325,31.5138,31.7160,30.9685,30.9344,31.7924,31.7107,30.9481,31.9573,31.2611
2023-07-24,9,Milano / Malpensa,1,234.0000,46.2864,19.0816,31.1484,30.9682,31.1610,30.3754,31.5802,31.9081,31.1388,31.1372,32.0575,31.9277,31.1416,31.9684,31.2394
2023-07-24,10,Bergamo / Orio Al Serio,2,238.0000,41.5983,19.0816,30.3780,30.4471,30.9180,29.7874,31.7020,31.4937,30.6774,31.0738,32.0213,31.5382,30.7009,31.6256,30.8931
2023-07-24,11,Milano / Linate,4,107.0000,41.5983,19.0816,29.7639,30.4495,30.7187,29.9178,31.4771,31.4624,30.7101,30.7072,31.5975,31.4519,30.7169,31.6621,30.8750
2023-07-24,12,Piacenza,2,134.0000,55.9905,19.0816,28.2858,28.9179,29.0143,29.3132,29.5168,29.1351,28.4826,28.4000,28.8885,29.1475,28.4934,29.6785,28.9267
2023-07-24,13,Brescia / Ghedi,2,102.0000,45.8189,19.0816,29.3778,29.3918,29.9969,29.7898,29.7613,30.1845,29.7056,29.8933,30.4158,30.1559,29.6707,30.4078,29.9443
2023-07-24,14,Verona / Rivoltella,2,64.0000,25.9799,19.0816,30.1637,29.1507,29.9862,29.9529,30.1076,30.0178,29.6620,29.9373,30.3567,29.9974,29.6478,30.2302,29.9040
2023-07-24,15,Verona / Villafranca,1,67.0000,25.9799,19.0816,29.7094,28.8879,30.0603,30.4048,29.4276,29.9582,30.1640,30.2022,30.0161,29.9853,30.1985,29.9351,29.8378
2023-07-24,16,Padova,3,13.0000,37.0588,19.0816,30.9925,28.8112,30.5097,30.8952,29.8834,30.2608,30.5317,30.8746,30.1425,30.2287,30.4920,30.0559,30.1711
2023-07-24,17,Treviso / Istrana,1,45.0000,37.0588,19.0816,30.8959,29.1720,30.4576,31.0295,29.3522,29.8326,30.6509,30.6536,29.7171,29.8730,30.6930,29.7988,30.3120
2023-07-24,18,Treviso / S. Angelo,1,18.0000,38.0901,19.0816,30.1078,29.0578,30.2649,30.9822,28.8471,29.5087,30.3282,30.0440,29.1095,29.5128,30.3354,29.8130,30.3462
2023-07-24,19,Venezia / Tessera,1,2.0000,39.4195,19.0816,27.6524,28.2793,28.7820,30.7923,26.5836,28.5224,29.3975,28.3303,27.3197,28.5420,29.4222,28.3547,28.9158
2023-07-24,20,Monte Settepani / Caragna,0,1381.0000,55.2369,19.0816,27.4779,29.7495,28.0164,30.4538,28.7460,29.6940,29.0089,28.7056,29.1903,29.7104,29.0177,29.5968,28.6679
2023-07-24,22,Monte Malanotte,0,1741.0000,85.7364,19.0816,29.8756,30.2654,28.9079,30.8219,29.5499,30.2623,29.7717,29.0488,29.3888,30.2264,29.7364,30.2862,29.5800
2023-07-24,23,Passo Dei Giovi,0,468.0000,24.9535,19.0816,28.8697,29.3670,27.5463,29.5204,28.6540,29.1462,27.8353,28.3556,29.3795,29.1294,27.7928,29.3612,28.0951
2023-07-24,24,Genova / Sestri,1,2.0000,24.9535,19.0816,26.8687,28.8144,28.3792,29.1166,28.2135,28.7233,27.8363,27.4748,27.8737,28.7037,27.8639,29.4455,28.5880
2023-07-24,25,Albenga,0,45.0000,71.3337,19.0816,28.3718,29.7439,28.7973,30.4671,29.5137,29.8639,29.6772,29.6309,29.7624,29.8520,29.6656,30.1582,29.2650
2023-07-24,26,Passo Della Cisa,4,1039.0000,55.9905,19.0816,27.9744,28.3682,27.3398,28.6175,28.5526,28.3816,27.7256,27.2040,27.7089,28.3528,27.7195,28.5370,27.6913
2023-07-24,27,Sarzana / Luni,4,9.0000,94.6868,19.0816,26.9764,27.3960,27.1124,28.3324,27.5326,27.5958,27.3386,27.0927,27.2788,27.5981,27.3529,28.2904,27.4655
2023-07-24,28,Bologna / Borgo Panigale,0,51.0000,41.0210,19.0816,28.9756,28.3829,29.3205,29.4646,29.1027,28.9744,28.9100,28.9067,28.7550,28.9590,28.9198,29.2380,29.1014
2023-07-24,29,Ferrara / Fontana,4,9.0000,39.9528,19.0816,30.3432,28.9252,29.7511,30.2632,29.3051,29.8314,29.8063,30.0686,29.8452,29.8075,29.7966,29.7547,29.6151
2023-07-24,31,Ferrara,4,10.0000,41.7377,19.0816,30.6273,28.9245,29.6996,30.2995,29.7854,29.8437,29.8233,30.0595,29.8320,29.8271,29.8211,29.7327,29.6002
2023-07-24,32,Bologna / Borgo Panigale,0,36.0000,39.9528,19.0816,28.9577,28.3951,29.2909,29.4626,29.1370,28.9465,28.8864,28.9027,28.7450,28.9302,28.8950,29.2220,29.0908
2023-07-24,33,Punta Marina,1,2.0000,25.9357,19.0816,29.2640,29.2715,29.4465,29.9061,28.0580,29.5573,29.4470,28.2467,28.0516,29.6003,29.4677,29.3551,29.2153
2023-07-24,34,Forli,3,27.0000,33.4500,19.0816,29.6127,29.0173,30.2392,29.6311,29.9186,29.5088,29.3551,30.1719,29.6078,29.5417,29.3954,29.9401,29.8685
2023-07-24,35,Cervia,3,6.0000,25.9357,19.0816,29.7101,29.3141,30.5053,29.8440,29.6251,30.4544,30.2597,30.2731,29.6587,30.4141,30.2259,30.2619,30.2037
2023-07-24,36,Rimini,3,12.0000,52.7910,19.0816,30.1206,29.6274,30.5795,29.9913,29.5108,30.4215,30.2878,30.1676,29.7461,30.4026,30.2721,30.4907,30.4351
2023-07-24,37,Torino / Collegno,2,287.0000,74.9769,19.0816,31.2924,30.2827,30.9553,30.9652,31.3481,31.3441,30.8171,31.1623,31.4843,31.4228,30.8734,31.1977,30.4311
2023-07-24,38,Aosta / Pollein,0,546.0000,20.6866,19.0816,30.3735,30.1409,29.7445,31.2072,30.1890,30.5269,29.9089,30.2901,30.9429,30.4959,29.9459,30.5436,30.1649
2023-07-25,0,Grand St. Bernard / Grand Saint Bernard,3,2472.0000,20.6866,31.6859,29.7681,29.9753,30.9452,31.5040,30.7944,30.3246,30.4091,30.4646,30.6003,30.3261,30.4779,30.2564,30.4804
2023-07-25,1,Locarno-Magadino,3,197.0000,62.2060,31.6859,29.9986,30.1499,30.3359,30.0534,30.4177,30.2199,30.0842,30.2042,30.3611,30.2287,30.0988,30.4243,30.2188
2023-07-25,2,Lugano,3,273.0000,46.2864,31.6859,30.3192,29.9164,30.5304,30.0964,30.6070,30.4790,30.0323,30.1454,30.6632,30.5247,30.1012,30.7297,30.4872
2023-07-25,3,Paganella,2,2125.0000,86.1858,31.6859,29.8767,28.1618,28.2882,29.1856,28.7958,28.2431,28.1570,28.2651,28.3685,28.2532,28.1629,28.6607,28.1315
2023-07-25,5,Pian Rosa,4,3480.0000,33.9630,31.6859,31.8062,30.3090,30.4281,31.4226,30.3211,30.6454,30.4990,30.8109,31.1509,31.4036,31.2066,30.4976,30.1450
2023-07-25,6,Torino / Caselle,2,301.0000,62.2905,31.6859,30.1474,29.8589,30.9163,31.0043,30.6647,30.6373,30.7323,30.7798,30.7492,30.7141,30.7693,30.7870,30.7356
2023-07-25,7,Torino / Bric Della Croce,2,709.0000,72.5131,31.6859,31.2607,30.0283,31.3100,30.8651,31.3506,31.0843,31.1479,31.4091,31.4560,31.1886,31.2109,31.1640,31.0910
2023-07-25,8,Novara / Cameri,1,178.0000,49.0769,31.6859,30.4361,29.5726,31.0225,30.6850,31.1988,30.5312,30.6352,30.7265,30.9060,30.5376,30.6437,30.9354,30.9352
2023-07-25,9,Milano / Malpensa,1,234.0000,46.2864,31.6859,29.6671,29.5162,30.4817,30.5786,30.6101,30.5909,30.6630,30.7812,30.9973,30.6042,30.6804,30.5629,30.5364
2023-07-25,10,Bergamo / Orio Al Serio,2,238.0000,41.5983,31.6859,28.8480,28.8951,29.6452,30.0072,29.7196,29.7412,29.7443,30.1831,30.3881,29.7960,29.7350,29.8589,29.6115
2023-07-25,11,Milano / Linate,4,107.0000,41.5983,31.6859,31.5403,29.5715,30.6727,30.7044,30.5466,31.0104,30.6743,30.7346,31.2141,31.0171,30.7221,31.0107,30.6451
2023-07-25,12,Piacenza,2,134.0000,55.9905,31.6859,31.6316,29.3529,30.7527,30.8813,30.3478,30.8519,30.9327,30.8913,31.1403,30.8709,30.9002,30.5518,30.3880
2023-07-25,13,Brescia / Ghedi,2,102.0000,45.8189,31.6859,29.1860,28.4556,29.4052,30.0365,29.4678,29.5274,29.1644,29.2962,29.8688,29.6092,29.1955,29.7105,29.2912
2023-07-25,14,Verona / Rivoltella,2,64.0000,25.9799,31.6859,28.9771,28.2479,29.2184,30.0067,29.6241,29.0227,28.4189,28.5669,29.3653,29.0793,28.4263,29.6728,29.1214
2023-07-25,15,Verona / Villafranca,1,67.0000,25.9799,31.6859,28.1227,28.2498,28.9250,30.3196,28.9632,29.0784,29.6020,29.5778,29.2348,29.0678,29.6935,29.2837,28.9674
2023-07-25,16,Padova,3,13.0000,37.0588,31.6859,30.3626,29.2793,29.9620,30.1116,30.5313,30.0113,29.7975,29.6483,29.7524,30.0046,29.7757,30.5787,30.0943
2023-07-25,17,Treviso / Istrana,1,45.0000,37.0588,31.6859,29.0093,29.0128,29.2534,29.7360,29.4152,29.6449,30.2715,30.6178,29.9581,29.6284,30.2695,29.6499,29.4078
2023-07-25,18,Treviso / S. Angelo,1,18.0000,38.0901,31.6859,28.9039,29.1622,29.8642,29.7377,29.8720,29.9738,30.5053,30.9163,30.3422,29.9549,30.4962,30.3369,30.0665
2023-07-25,19,Venezia / Tessera,1,2.0000,39.4195,31.6859,30.2273,29.3937,29.4267,29.7741,29.0360,30.3856,30.6807,30.6268,30.2651,30.4030,30.7003,29.6929,29.3071
2023-07-25,20,Monte Settepani / Caragna,0,1381.0000,55.2369,31.6859,28.4019,29.6582,28.8612,30.7350,28.9462,30.1316,29.7889,28.6384,29.7584,30.0840,29.8367,29.6880,29.4591
2023-07-25,21,Mondovi,0,559.0000,72.5131,31.6859,31.2167,30.3412,30.6284,30.6797,30.9724,31.1954,30.9321,30.0232,31.0660,31.0325,30.8652,31.0715,30.8535
2023-07-25,22,Monte Malanotte,0,1741.0000,85.7364,31.6859,31.3043,30.2740,29.7561,30.6661,30.7199,30.8244,30.5396,29.4046,30.4625,30.6831,30.4916,30.6411,30.4200
2023-07-25,23,Passo Dei Giovi,0,468.0000,24.9535,31.6859,31.0413,29.8216,30.2926,30.8678,30.0134,31.0744,30.8152,30.9687,31.9334,30.9604,30.8018,30.4241,30.2478
2023-07-25,24,Genova / Sestri,1,2.0000,24.9535,31.6859,30.2192,29.5171,30.7575,30.4843,29.8537,30.6390,30.3565,30.6904,31.1178,30.6701,30.3260,30.7501,30.7240
2023-07-25,25,Albenga,0,45.0000,71.3337,31.6859,28.4537,29.2558,29.0815,30.6397,29.3176,30.2442,29.9005,28.8984,30.0127,30.1123,29.8674,29.8017,29.5740
2023-07-25,26,Passo Della Cisa,4,1039.0000,55.9905,31.6859,29.5356,28.8817,28.8368,30.2172,29.5460,29.6844,29.7544,30.1251,30.2160,29.6366,29.7476,29.1784,29.0203
2023-07-25,27,Sarzana / Luni,4,9.0000,94.6868,31.6859,28.4428,27.8517,28.4462,29.9708,28.0827,29.2568,29.0567,29.1544,29.5409,29.2391,29.0744,28.9879,28.7568
2023-07-25,28,Bologna / Borgo Panigale,0,51.0000,41.0210,31.6859,30.0135,29.5850,30.4241,30.5263,30.7327,30.7846,30.0733,30.0010,30.9327,30.7780,30.1192,30.8903,30.3586
2023-07-25,29,Ferrara / Fontana,4,9.0000,39.9528,31.6859,30.2307,29.9681,30.7440,30.6759,30.5303,31.0103,30.5487,30.8338,31.5218,30.9984,30.5608,31.3033,30.7605
2023-07-25,30,Monte Cimone,4,2165.0000,59.3732,31.6859,28.8727,28.6030,28.0682,30.4037,29.3750,29.4840,29.0528,29.5697,30.1200,29.4273,29.0170,28.9875,28.5790
2023-07-25,31,Ferrara,4,10.0000,41.7377,31.6859,30.1510,29.9647,30.8299,30.6791,30.9311,30.9853,30.5406,30.8320,31.5015,30.9723,30.5513,31.3642,30.8240
2023-07-25,32,Bologna / Borgo Panigale,0,36.0000,39.9528,31.6859,30.0387,29.5959,30.3952,30.5250,30.8113,30.7818,30.0722,30.0041,30.9330,30.7741,30.1154,30.8894,30.3524
2023-07-25,33,Punta Marina,1,2.0000,25.9357,31.6859,29.3912,29.9457,29.6461,30.4808,29.6701,30.7058,29.8131,30.0330,30.9903,30.7493,29.8092,30.1262,29.1131
2023-07-25,34,Forli,3,27.0000,33.4500,31.6859,30.9534,29.9864,30.8521,30.4935,31.4563,31.3947,30.3398,30.5803,31.4665,31.3840,30.3284,31.2590,30.6720
2023-07-25,35,Cervia,3,6.0000,25.9357,31.6859,29.9922,29.7606,30.4317,30.5398,30.2585,31.1132,29.9203,29.5349,30.5457,31.0987,29.9084,30.9244,30.3348
2023-07-25,36,Rimini,3,12.0000,52.7910,31.6859,27.2972,29.0961,29.5543,30.5866,28.6573,29.5265,28.1854,27.5862,28.7212,29.5150,28.1765,30.0331,29.4514
2023-07-25,37,Torino / Collegno,2,287.0000,74.9769,31.6859,30.7782,29.9281,31.5418,30.9065,31.4813,31.0139,31.0950,31.2677,31.2619,31.1198,31.1596,31.2753,31.2163
2023-07-25,38,Aosta / Pollein,0,546.0000,20.6866,31.6859,30.7222,29.9615,30.1413,31.4434,30.7755,30.6894,30.2819,30.2096,31.0176,30.6029,30.2497,30.6731,30.6091
2023-07-26,0,Grand St. Bernard / Grand Saint Bernard,3,2472.0000,20.6866,9.0549,28.8368,28.9466,29.5180,31.6617,29.2865,29.4946,29.5612,29.5090,29.3810,29.4893,29.6021,29.1758,29.3124
2023-07-26,1,Locarno-Magadino,3,197.0000,62.2060,9.0549,31.2391,30.8411,31.7505,32.3962,31.6127,31.0657,31.0830,31.2207,31.3166,31.1310,31.2141,31.2599,31.4878
2023-07-26,2,Lugano,3,273.0000,46.2864,9.0549,30.7735,30.6756,31.7807,32.3568,31.3104,31.0379,31.0750,31.0392,31.1328,31.0957,31.1946,31.3861,31.6198
2023-07-26,3,Paganella,2,2125.0000,86.1858,9.0549,29.8340,28.3376,29.2334,29.2332,28.9869,28.7332,28.7302,28.9441,28.8768,28.8085,28.7859,28.7992,28.7086
2023-07-26,4,Aviano,3,128.0000,53.5302,9.0549,32.4722,28.8110,30.2129,30.2525,29.4672,30.0895,30.1343,30.5309,30.0493,30.0762,30.1087,29.9604,29.8118
2023-07-26,5,Pian Rosa,4,3480.0000,33.9630,9.0549,29.6371,29.4738,29.5457,31.7046,29.1819,29.6704,29.6824,29.4409,29.2570,30.1376,30.1412,29.6109,29.6622
2023-07-26,6,Torino / Caselle,2,301.0000,62.2905,9.0549,32.3351,30.3514,31.7495,32.0507,31.2937,31.5442,31.5504,31.8104,31.6918,31.6514,31.6123,31.4197,31.3092
2023-07-26,7,Torino / Bric Della Croce,2,709.0000,72.5131,9.0549,32.0153,30.4701,31.5393,32.1570,31.4609,31.4823,31.4763,31.5866,31.4536,31.5720,31.5227,31.3809,31.2466
2023-07-26,8,Novara / Cameri,1,178.0000,49.0769,9.0549,32.8469,31.1311,32.3693,32.1648,32.1311,32.5360,32.4853,32.5289,32.5432,32.5892,32.5179,32.3529,32.3423
2023-07-26,9,Milano / Malpensa,1,234.0000,46.2864,9.0549,32.7559,31.1627,32.4272,32.2101,32.3884,32.6921,32.6196,32.8009,32.8527,32.7579,32.6646,32.4136,32.3829
2023-07-26,10,Bergamo / Orio Al Serio,2,238.0000,41.5983,9.0549,32.5359,30.6139,31.6547,31.9837,32.0936,31.8884,31.6733,32.0610,32.4024,31.9786,31.7195,31.7054,31.4549
2023-07-26,11,Milano / Linate,4,107.0000,41.5983,9.0549,32.3730,31.0997,32.6954,32.0747,32.6825,32.6465,32.7747,32.8114,32.8031,32.6507,32.7960,32.4668,32.5907
2023-07-26,12,Piacenza,2,134.0000,55.9905,9.0549,32.0619,31.1015,31.5391,31.4189,32.1790,31.8572,31.3357,31.4935,31.9437,31.8538,31.2856,32.0030,31.4045
2023-07-26,13,Brescia / Ghedi,2,102.0000,45.8189,9.0549,30.9516,30.2641,31.3578,31.5596,31.3815,31.2575,30.9534,31.0967,31.3692,31.2549,30.9135,31.4208,31.0708
2023-07-26,14,Verona / Rivoltella,2,64.0000,25.9799,9.0549,31.1697,29.8649,31.0094,31.1693,31.2231,31.1068,30.8226,31.0181,31.2301,31.1139,30.7979,31.0385,30.7139
2023-07-26,16,Padova,3,13.0000,37.0588,9.0549,30.2699,29.3049,30.2301,30.3226,30.2380,30.7547,30.4695,30.6590,30.4926,30.7101,30.4171,30.5106,30.2158
2023-07-26,17,Treviso / Istrana,1,45.0000,37.0588,9.0549,29.9772,28.8260,30.4609,30.2944,29.6694,29.7315,30.3676,30.3689,29.5146,29.7439,30.3509,29.7422,30.3390
2023-07-26,18,Treviso / S. Angelo,1,18.0000,38.0901,9.0549,30.3073,28.7559,30.5320,30.2872,29.5541,29.6841,30.3416,30.2017,29.3303,29.6707,30.2995,29.9179,30.5511
2023-07-26,19,Venezia / Tessera,1,2.0000,39.4195,9.0549,26.7115,27.9025,28.7559,30.1454,27.0871,27.9736,28.5370,27.3376,26.4783,27.9780,28.5021,28.1026,28.6789
2023-07-26,20,Monte Settepani / Caragna,0,1381.0000,55.2369,9.0549,30.2980,30.6670,29.8470,31.9284,30.0933,30.9753,30.3947,30.1702,30.3976,30.8765,30.3034,30.9381,30.4145
2023-07-26,21,Mondovi,0,559.0000,72.5131,9.0549,31.3510,30.6440,30.5603,32.2679,30.8894,31.1804,30.8774,30.8749,30.9462,31.0560,30.7813,31.0838,30.8182
2023-07-26,22,Monte Malanotte,0,1741.0000,85.7364,9.0549,30.9128,30.3472,29.7507,32.2659,30.5024,30.8041,30.4578,30.1545,30.2495,30.6801,30.3567,30.6781,30.3687
2023-07-26,23,Passo Dei Giovi,0,468.0000,24.9535,9.0549,31.2869,31.2176,30.5113,31.2887,31.5575,31.6676,30.8809,31.0355,31.3980,31.5205,30.7124,31.6104,30.8479
2023-07-26,24,Genova / Sestri,1,2.0000,24.9535,9.0549,30.2759,31.1679,31.7339,30.8897,30.8021,31.7699,31.3453,30.3954,30.4536,31.7591,31.3285,32.2372,31.8519
2023-07-26,26,Passo Della Cisa,4,1039.0000,55.9905,9.0549,29.7963,30.8525,30.6423,30.7198,31.2302,30.9006,30.6158,30.4258,30.4819,30.8632,30.6007,31.1744,30.8904
2023-07-26,27,Sarzana / Luni,4,9.0000,94.6868,9.0549,29.0029,30.3710,30.8299,30.4074,30.3196,31.2678,30.9423,30.4418,30.5107,31.2706,30.9686,31.4211,31.0920
2023-07-26,28,Bologna / Borgo Panigale,0,51.0000,41.0210,9.0549,31.0815,30.3306,30.8670,30.7160,31.3718,31.4086,30.8027,31.1181,31.3225,31.4092,30.8593,31.3594,30.8484
2023-07-26,29,Ferrara / Fontana,4,9.0000,39.9528,9.0549,30.2550,30.1571,30.8041,30.3966,30.6061,31.0800,30.6085,30.8438,30.9514,31.0534,30.5841,31.1492,30.9327
2023-07-26,30,Monte Cimone,4,2165.0000,59.3732,9.0549,28.8744,29.5738,28.8945,30.6806,29.3916,29.7699,29.4909,29.4644,29.5348,29.7321,29.4623,29.6972,29.4380
2023-07-26,32,Bologna / Borgo Panigale,0,36.0000,39.9528,9.0549,30.5034,30.3247,30.8070,30.6962,31.3345,31.4138,30.8097,31.1278,31.3300,31.4134,30.8646,31.3253,30.8159
2023-07-26,33,Punta Marina,1,2.0000,25.9357,9.0549,27.7572,28.6268,28.9054,29.5578,27.4587,28.6123,28.6433,27.2436,26.7837,28.6221,28.6124,28.7188,28.7998
2023-07-26,34,Forli,3,27.0000,33.4500,9.0549,30.1622,29.2450,29.8909,30.3520,30.3014,30.0491,29.2772,30.0876,30.1124,30.0908,29.3322,30.2486,29.5715
2023-07-26,35,Cervia,3,6.0000,25.9357,9.0549,30.7376,28.8666,30.0134,30.3165,29.9911,30.6548,29.9353,29.8980,29.8199,30.5805,29.8582,30.3053,29.6167
2023-07-26,36,Rimini,3,12.0000,52.7910,9.0549,30.5367,28.7288,29.5814,30.6591,29.1439,29.9179,29.3186,29.1473,29.0732,29.8820,29.2769,29.9358,29.2551
2023-07-26,38,Aosta / Pollein,0,546.0000,20.6866,9.0549,30.1511,29.3198,29.9523,31.7087,30.3564,29.9726,29.5617,29.7261,29.8897,29.8765,29.5331,30.1560,30.1689
2023-07-27,0,Grand St. Bernard / Grand Saint Bernard,3,2472.0000,20.6866,6.8172,28.4051,28.2242,29.1360,29.9860,28.7070,28.6584,28.6722,28.8202,28.5739,28.5879,28.6607,28.4485,28.6766
2023-07-27,2,Lugano,3,273.0000,46.2864,6.8172,29.1187,29.4260,29.3616,30.7499,29.9241,29.6647,28.8180,28.8016,29.6338,29.6871,28.9189,29.8603,29.4129
2023-07-27,3,Paganella,2,2125.0000,86.1858,6.8172,30.5070,30.7711,31.1887,30.8959,31.2422,31.1366,31.0160,31.1623,31.1120,31.1905,31.0417,30.9732,30.9120
2023-07-27,4,Aviano,3,128.0000,53.5302,6.8172,33.1001,31.4782,32.7041,32.4943,31.9908,32.1378,32.1101,32.2686,31.7653,32.1581,32.1458,32.2260,32.2782
2023-07-27,5,Pian Rosa,4,3480.0000,33.9630,6.8172,28.8828,28.3863,28.3671,30.0605,28.1555,28.5295,28.4106,28.4048,28.0158,29.1255,28.9886,28.5073,28.4339
2023-07-27,6,Torino / Caselle,2,301.0000,62.2905,6.8172,30.4693,28.7539,29.6307,30.1893,29.2357,29.3944,29.3127,29.5130,29.2499,29.4629,29.3420,29.4036,29.3731
2023-07-27,7,Torino / Bric Della Croce,2,709.0000,72.5131,6.8172,29.6300,28.6939,29.5326,30.2359,29.6484,29.4181,29.3658,29.5646,29.2564,29.4895,29.4007,29.3449,29.3305
2023-07-27,8,Novara / Cameri,1,178.0000,49.0769,6.8172,30.6924,30.1147,31.0421,30.7849,31.0946,31.2363,30.9896,31.1128,31.1612,31.2738,31.0114,31.1689,30.9575
2023-07-27,9,Milano / Malpensa,1,234.0000,46.2864,6.8172,29.8226,30.0937,30.6404,30.8125,30.7962,31.1672,30.8722,31.1552,31.2654,31.2110,30.9008,30.9177,30.6535
2023-07-27,11,Milano / Linate,4,107.0000,41.5983,6.8172,31.1837,30.6631,30.7737,30.7809,31.9036,31.5847,30.8262,30.9101,31.6129,31.5906,30.8513,31.6072,31.0402
2023-07-27,12,Piacenza,2,134.0000,55.9905,6.8172,30.7757,30.9682,31.2940,30.5371,31.8791,31.7420,31.1134,31.2222,31.7183,31.7369,31.0555,31.7227,31.2372
2023-07-27,13,Brescia / Ghedi,2,102.0000,45.8189,6.8172,31.3049,31.0651,31.9470,30.7463,32.0315,32.1799,31.7762,31.9991,32.3139,32.2176,31.7768,32.0875,31.7716
2023-07-27,14,Verona / Rivoltella,2,64.0000,25.9799,6.8172,30.0674,30.8023,31.8318,30.9525,32.1033,31.9507,31.5942,31.6771,31.9313,31.9871,31.5944,31.8894,31.6423
2023-07-27,15,Verona / Villafranca,1,67.0000,25.9799,6.8172,31.7861,31.1545,31.1416,31.5011,31.9616,32.0734,31.1004,31.3223,31.9290,32.1268,31.1080,31.8937,31.2000
2023-07-27,16,Padova,3,13.0000,37.0588,6.8172,32.5106,30.8555,32.1597,31.8774,31.9476,32.2793,32.1029,32.1760,31.8532,32.2151,32.0494,32.0234,31.9023
2023-07-27,17,Treviso / Istrana,1,45.0000,37.0588,6.8172,31.7873,30.8972,31.6565,32.1837,31.4631,31.6088,31.7299,31.7565,31.3374,31.6570,31.7628,31.5060,31.5793
2023-07-27,18,Treviso / S. Angelo,1,18.0000,38.0901,6.8172,31.8582,30.8379,31.5837,32.1728,31.1958,31.8787,32.0242,31.6616,31.2250,31.9386,32.0697,31.6117,31.7040
2023-07-27,19,Venezia / Tessera,1,2.0000,39.4195,6.8172,30.7634,30.0950,30.5305,31.9540,29.3141,30.2497,30.3782,29.4917,28.9806,30.2669,30.3795,30.3298,30.3877
2023-07-27,20,Monte Settepani / Caragna,0,1381.0000,55.2369,6.8172,28.4130,28.3883,27.8773,30.0511,27.8142,28.5525,28.2831,28.1955,28.2944,28.5141,28.2844,28.3972,28.2259
2023-07-27,21,Mondovi,0,559.0000,72.5131,6.8172,29.3213,28.2766,28.4611,30.2429,28.3190,28.7605,28.6092,28.1915,28.1455,28.6711,28.5641,28.6298,28.5652
2023-07-27,22,Monte Malanotte,0,1741.0000,85.7364,6.8172,28.8023,28.0214,27.6318,30.2340,27.8944,28.3021,28.1343,27.6798,27.6519,28.2256,28.1000,28.2015,28.1219
2023-07-27,23,Passo Dei Giovi,0,468.0000,24.9535,6.8172,29.3028,29.7313,29.3258,29.9300,30.0221,30.0267,29.4913,29.3273,29.7534,29.9546,29.4484,29.8738,29.4691
2023-07-27,25,Albenga,0,45.0000,71.3337,6.8172,28.5378,28.2224,27.9233,30.0266,28.2515,28.6576,28.4042,27.9332,28.0121,28.6216,28.4183,28.4460,28.2892
2023-07-27,26,Passo Della Cisa,4,1039.0000,55.9905,6.8172,29.4040,30.6894,30.2575,30.0248,31.3628,31.0028,30.3475,30.2566,30.6682,30.9613,30.3107,30.9257,30.4491
2023-07-27,27,Sarzana / Luni,4,9.0000,94.6868,6.8172,31.3642,30.4160,30.5144,29.6720,30.4484,31.3016,30.7186,30.2603,30.5607,31.2883,30.7205,31.1842,30.7509
2023-07-27,29,Ferrara / Fontana,4,9.0000,39.9528,6.8172,32.2586,31.5338,32.1316,31.3556,32.0976,32.3313,31.9535,32.2728,32.1815,32.3190,31.9350,32.3413,32.0191
2023-07-27,30,Monte Cimone,4,2165.0000,59.3732,6.8172,29.5328,31.0119,30.2910,31.1115,31.0848,31.3798,30.7877,30.9049,31.2119,31.3471,30.7435,31.1439,30.6909
2023-07-27,31,Ferrara,4,10.0000,41.7377,6.8172,31.9906,31.5183,32.1451,31.3689,32.6003,32.4552,32.0874,32.4671,32.3684,32.4522,32.0794,32.3609,32.0447
2023-07-27,32,Bologna / Borgo Panigale,0,36.0000,39.9528,6.8172,32.7690,31.9645,32.4664,31.2582,33.2542,33.2392,32.4379,32.8478,33.1914,33.2494,32.5026,33.0113,32.3591
2023-07-27,33,Punta Marina,1,2.0000,25.9357,6.8172,29.7036,30.5158,29.9426,31.4004,29.4101,30.4330,29.6075,28.8133,28.8432,30.4216,29.5827,30.5813,29.7828
2023-07-27,35,Cervia,3,6.0000,25.9357,6.8172,30.5887,30.8938,31.6924,31.9844,31.4838,31.6984,31.1279,31.1969,30.6338,31.6633,31.0938,31.8320,31.3024
2023-07-27,36,Rimini,3,12.0000,52.7910,6.8172,30.1828,30.7349,31.0214,32.3586,30.3582,31.0182,30.4809,30.2836,29.7464,31.0122,30.4746,31.2685,30.7501
2023-07-27,38,Aosta / Pollein,0,546.0000,20.6866,6.8172,29.1268,28.3600,28.8065,30.0143,29.0004,29.0622,28.9890,29.1789,28.7580,28.9594,28.8872,28.9348,29.0373
2023-07-28,0,Grand St. Bernard / Grand Saint Bernard,3,2472.0000,20.6866,21.0904,29.0579,28.1349,29.2802,30.5295,28.7770,28.4337,29.0549,29.0453,28.9130,28.4561,29.1019,28.3891,29.1209
2023-07-28,2,Lugano,3,273.0000,46.2864,21.0904,29.9086,29.1862,30.4115,31.4597,29.6863,29.8588,29.9901,29.9905,30.2474,29.8858,30.0827,29.8927,30.2696
2023-07-28,3,Paganella,2,2125.0000,86.1858,21.0904,29.9547,31.1074,31.1751,30.8999,31.1420,31.0944,30.9675,30.4829,30.9000,31.1259,31.0193,31.2997,30.8853
2023-07-28,4,Aviano,3,128.0000,53.5302,21.0904,30.5266,29.7724,30.3122,30.9780,29.9971,30.3155,30.2635,30.5575,30.3555,30.3384,30.2653,30.6859,30.0096
2023-07-28,5,Pian Rosa,4,3480.0000,33.9630,21.0904,30.1254,27.7410,28.7337,30.5864,27.5813,28.1013,28.5319,28.4581,28.0840,28.6427,29.0539,27.9378,28.3587
2023-07-28,6,Torino / Caselle,2,301.0000,62.2905,21.0904,29.6162,28.1927,29.7066,30.4022,28.9975,29.3454,29.8508,30.0371,29.6854,29.4450,29.9017,29.0419,29.3745
2023-07-28,7,Torino / Bric Della Croce,2,709.0000,72.5131,21.0904,29.8278,28.2159,29.8283,30.3442,29.4804,29.2946,29.7598,29.8619,29.5106,29.3801,29.8008,29.2406,29.4817
2023-07-28,8,Novara / Cameri,1,178.0000,49.0769,21.0904,31.5162,29.1655,30.6845,31.0235,30.1673,30.6604,30.8289,30.8899,30.8848,30.7247,30.8676,30.3553,30.5171
2023-07-28,9,Milano / Malpensa,1,234.0000,46.2864,21.0904,31.2252,29.3036,30.6793,31.1268,30.2123,30.8038,30.9727,31.1588,31.1693,30.8791,31.0196,30.3994,30.5578
2023-07-28,10,Bergamo / Orio Al Serio,2,238.0000,41.5983,21.0904,31.9332,30.5476,32.2423,31.7701,32.4277,32.1706,31.9170,32.3815,32.8374,32.2639,31.9783,31.9845,31.8585
2023-07-28,11,Milano / Linate,4,107.0000,41.5983,21.0904,31.2251,29.9773,31.1246,31.3657,31.0585,31.3683,31.2647,31.1836,31.4979,31.3652,31.2791,31.0768,31.1075
2023-07-28,12,Piacenza,2,134.0000,55.9905,21.0904,30.9514,30.5527,30.8544,31.0596,31.2063,31.4964,30.5046,30.3812,31.3782,31.5173,30.4673,31.3745,30.7613
2023-07-28,13,Brescia / Ghedi,2,102.0000,45.8189,21.0904,31.5437,31.1103,31.8514,31.9995,31.5811,32.1276,31.5299,31.7394,32.4337,32.1169,31.4940,32.0883,31.6740
2023-07-28,14,Verona / Rivoltella,2,64.0000,25.9799,21.0904,31.6004,31.2809,31.6632,31.8880,31.7210,32.1219,31.5074,31.6710,32.3530,32.1181,31.4966,32.0455,31.5973
2023-07-28,15,Verona / Villafranca,1,67.0000,25.9799,21.0904,31.3627,31.2330,31.1805,31.8180,31.5636,32.0154,31.4128,31.4267,32.2742,32.0428,31.4352,31.8136,31.2234
2023-07-28,16,Padova,3,13.0000,37.0588,21.0904,29.8731,29.8522,30.3382,30.7450,30.7912,30.5402,30.2011,30.4961,30.4718,30.5214,30.1679,30.9425,30.2569
2023-07-28,17,Treviso / Istrana,1,45.0000,37.0588,21.0904,30.7326,29.6708,30.0559,30.6609,30.7070,30.0113,29.5781,29.6045,30.4730,29.9464,29.5379,30.6612,30.0739
2023-07-28,18,Treviso / S. Angelo,1,18.0000,38.0901,21.0904,29.6641,29.3369,29.5760,30.5671,29.7232,29.6146,29.2165,29.1179,29.9662,29.5526,29.1802,30.3539,29.7677
2023-07-28,19,Venezia / Tessera,1,2.0000,39.4195,21.0904,26.6994,28.2626,27.6465,30.1367,27.2625,28.1779,27.7538,26.6982,27.6865,28.1687,27.7785,28.3826,27.7303
2023-07-28,20,Monte Settepani / Caragna,0,1381.0000,55.2369,21.0904,26.6973,27.6914,27.2100,30.0419,27.0872,27.9738,27.4461,27.7902,28.1915,27.9067,27.3902,28.0423,27.7298
2023-07-28,21,Mondovi,0,559.0000,72.5131,21.0904,29.3446,28.1801,28.5991,30.1802,28.8903,28.8060,28.5703,28.5671,28.7336,28.6275,28.4154,28.9009,28.8309
2023-07-28,22,Monte Malanotte,0,1741.0000,85.7364,21.0904,29.6684,28.1289,27.7344,30.1579,28.5239,28.4490,28.1728,27.9560,28.1556,28.3141,28.0577,28.5390,28.4287
2023-07-28,23,Passo Dei Giovi,0,468.0000,24.9535,21.0904,29.1719,29.1651,28.6393,30.1413,28.9457,29.7583,28.8666,29.2065,29.9870,29.6596,28.7420,29.4140,28.8192
2023-07-28,24,Genova / Sestri,1,2.0000,24.9535,21.0904,27.7780,28.7717,28.2231,29.7412,27.9129,29.0938,28.1929,27.6459,28.2555,29.1427,28.1991,29.1760,28.6718
2023-07-28,25,Albenga,0,45.0000,71.3337,21.0904,26.9095,27.5649,26.8404,30.0092,26.9700,27.7482,27.5238,27.7890,27.9576,27.7354,27.5217,27.8299,27.5403
2023-07-28,26,Passo Della Cisa,4,1039.0000,55.9905,21.0904,29.0639,30.7974,30.3779,30.6025,31.3820,31.3675,30.3254,30.2444,31.2270,31.3247,30.2866,31.0992,30.5909
2023-07-28,27,Sarzana / Luni,4,9.0000,94.6868,21.0904,30.1735,30.7645,31.1507,30.1946,31.1465,31.5066,30.9047,31.1212,31.6478,31.5055,30.9200,31.8977,31.3592
2023-07-28,28,Bologna / Borgo Panigale,0,51.0000,41.0210,21.0904,31.5118,31.4311,32.0120,31.2448,32.5749,32.6149,31.8449,31.8281,33.0452,32.6038,31.8915,32.6357,31.8138
2023-07-28,29,Ferrara / Fontana,4,9.0000,39.9528,21.0904,31.7724,30.8548,31.1761,30.8954,31.5534,31.6055,31.0651,31.2485,31.7757,31.5666,31.0291,31.9419,31.2108
2023-07-28,30,Monte Cimone,4,2165.0000,59.3732,21.0904,29.7883,31.5224,30.7001,31.2134,32.0722,31.8293,30.6272,30.8181,32.1568,31.8020,30.5943,31.7648,31.1692
2023-07-28,31,Ferrara,4,10.0000,41.7377,21.0904,31.7686,30.8364,31.1576,30.9127,31.9680,31.6081,31.0460,31.2266,31.7752,31.5762,31.0178,31.9486,31.2139
2023-07-28,32,Bologna / Borgo Panigale,0,36.0000,39.9528,21.0904,32.0720,31.4214,31.9644,31.2267,32.7470,32.6253,31.8696,31.8670,33.0733,32.6159,31.9168,32.6009,31.7831
2023-07-28,33,Punta Marina,1,2.0000,25.9357,21.0904,27.4323,29.0002,28.7276,29.4475,28.1717,28.9706,28.9969,27.2134,27.9330,28.9847,29.0661,29.0879,28.4986
2023-07-28,34,Forli,3,27.0000,33.4500,21.0904,31.2619,30.5362,30.8217,30.5590,31.7061,31.4383,30.6318,31.4005,31.5604,31.4374,30.6346,31.6104,30.5996
2023-07-28,36,Rimini,3,12.0000,52.7910,21.0904,30.1659,29.5526,29.8104,30.6747,29.8444,29.8789,29.2921,29.3805,29.5092,29.8734,29.2790,30.6519,29.6114
2023-07-28,37,Torino / Collegno,2,287.0000,74.9769,21.0904,29.9012,28.2165,29.9377,30.3429,29.7105,29.5360,30.0306,30.2043,29.8372,29.6437,30.0927,29.2763,29.5552
2023-07-28,38,Aosta / Pollein,0,546.0000,20.6866,21.0904,28.7731,27.9718,29.2153,30.5214,28.9042,28.5428,29.1369,29.6141,28.9307,28.4184,29.1125,28.6652,29.4938
2023-07-29,0,Grand St. Bernard / Grand Saint Bernard,3,2472.0000,20.6866,8.2266,24.3132,24.0682,26.2929,27.5101,25.7256,24.8867,25.7512,25.5567,24.7462,24.7479,25.6334,24.4781,25.4229
2023-07-29,1,Locarno-Magadino,3,197.0000,62.2060,8.2266,29.3240,27.6850,28.9446,31.2447,28.8437,28.2089,28.2183,28.2031,28.3545,28.2897,28.3497,28.3504,28.6052
2023-07-29,2,Lugano,3,273.0000,46.2864,8.2266,29.4137,27.6222,29.0151,31.1813,28.8486,28.0451,27.9968,27.9866,28.2039,28.0827,28.0896,28.5272,28.7431
2023-07-29,3,Paganella,2,2125.0000,86.1858,8.2266,29.1667,29.6793,30.1980,29.0813,30.2832,30.2128,29.9775,30.0183,30.2531,30.2973,30.0315,30.1703,29.9162
2023-07-29,4,Aviano,3,128.0000,53.5302,8.2266,30.6716,29.2332,30.2201,30.2261,30.1107,30.4162,29.7049,29.8972,30.2606,30.4581,29.7533,30.6295,29.8807
2023-07-29,6,Torino / Caselle,2,301.0000,62.2905,8.2266,28.6518,25.7084,27.2594,27.8258,26.4679,26.8528,26.9174,27.0517,26.8431,26.9799,26.9673,26.8192,26.9062
2023-07-29,7,Torino / Bric Della Croce,2,709.0000,72.5131,8.2266,27.7245,25.7731,27.6179,27.8986,27.6789,27.4176,27.3349,27.5596,27.4742,27.5820,27.4275,27.2358,27.1873
2023-07-29,8,Novara / Cameri,1,178.0000,49.0769,8.2266,30.6870,27.9633,30.4535,30.2106,30.1532,30.1877,30.3689,30.6905,30.5460,30.2810,30.4420,29.8757,30.0227
2023-07-29,9,Milano / Malpensa,1,234.0000,46.2864,8.2266,30.4582,28.0561,29.8037,30.4025,29.5215,29.9295,30.1909,30.5514,30.3381,30.0280,30.2724,29.4120,29.6033
2023-07-29,10,Bergamo / Orio Al Serio,2,238.0000,41.5983,8.2266,30.3771,29.5937,31.2305,31.0647,31.6317,30.9316,30.9492,31.0273,31.1520,31.0401,30.9985,30.9321,30.9758
2023-07-29,11,Milano / Linate,4,107.0000,41.5983,8.2266,30.9345,29.2485,30.5387,30.6101,31.0995,31.0834,30.7483,30.8267,31.2839,31.0978,30.7820,30.7214,30.5915
2023-07-29,12,Piacenza,2,134.0000,55.9905,8.2266,28.9838,29.9067,30.2866,29.4297,30.9839,31.0022,30.2463,30.2389,30.9418,31.0019,30.1756,30.8225,30.2490
2023-07-29,13,Brescia / Ghedi,2,102.0000,45.8189,8.2266,32.0641,30.7361,32.1781,30.7449,32.5205,32.2180,31.8874,32.1685,32.5524,32.2653,31.8835,32.1782,31.9099
2023-07-29,14,Verona / Rivoltella,2,64.0000,25.9799,8.2266,29.5229,30.4762,31.4176,30.4068,31.9189,31.6789,31.3236,31.4237,31.8365,31.7231,31.3168,31.5821,31.3003
2023-07-29,15,Verona / Villafranca,1,67.0000,25.9799,8.2266,31.7749,30.8266,31.0008,30.2136,32.0697,32.1748,31.0118,31.3784,32.3557,32.2372,31.0232,31.9657,31.0886
2023-07-29,16,Padova,3,13.0000,37.0588,8.2266,30.7939,29.2483,30.2820,29.7704,30.9182,30.9208,30.1855,30.4061,30.7844,30.8493,30.1127,30.9463,30.1360
2023-07-29,17,Treviso / Istrana,1,45.0000,37.0588,8.2266,29.9906,29.2602,30.0808,30.0899,30.6680,30.4692,30.2434,30.0452,30.2831,30.5095,30.2888,30.5126,30.1369
2023-07-29,19,Venezia / Tessera,1,2.0000,39.4195,8.2266,26.6809,27.5352,27.4358,29.5423,27.2429,27.6732,27.4686,26.0103,26.1934,27.6846,27.4920,27.7892,27.3635
2023-07-29,20,Monte Settepani / Caragna,0,1381.0000,55.2369,8.2266,24.1386,25.5631,24.8620,28.2533,25.3390,25.9246,25.4739,25.3469,25.5618,25.8508,25.4429,25.6870,25.5701
2023-07-29,21,Mondovi,0,559.0000,72.5131,8.2266,25.7389,25.3422,25.4589,27.8386,25.5891,26.1936,25.9808,25.7855,25.8394,26.0244,25.8765,25.8344,25.9334
2023-07-29,22,Monte Malanotte,0,1741.0000,85.7364,8.2266,24.4399,24.5564,24.1988,27.8020,24.9060,25.2628,25.0141,24.8346,24.9103,25.0899,24.9004,24.9755,25.0401
2023-07-29,23,Passo Dei Giovi,0,468.0000,24.9535,8.2266,26.6433,27.5620,26.9599,28.7748,27.6958,27.8736,27.0157,27.1036,27.6947,27.7968,26.9503,27.7736,27.3010
2023-07-29,24,Genova / Sestri,1,2.0000,24.9535,8.2266,27.7004,27.2460,27.3687,27.9886,27.2327,28.6202,27.5075,26.8454,27.6584,28.6563,27.5219,28.4194,27.4912
2023-07-29,25,Albenga,0,45.0000,71.3337,8.2266,24.2302,25.3257,24.6920,27.9393,25.3672,25.8593,25.4280,24.8801,25.0810,25.8230,25.4562,25.5980,25.5021
2023-07-29,26,Passo Della Cisa,4,1039.0000,55.9905,8.2266,26.8770,28.7017,27.6662,28.3339,28.9806,28.9490,27.9491,27.7720,28.5996,28.9075,27.9102,28.8917,28.1329
2023-07-29,28,Bologna / Borgo Panigale,0,51.0000,41.0210,8.2266,30.8777,29.4900,29.9745,28.6095,31.1224,30.9729,29.9616,30.1384,30.9081,30.9907,30.0234,30.8082,29.8287
2023-07-29,29,Ferrara / Fontana,4,9.0000,39.9528,8.2266,29.4865,29.0934,29.6781,28.6318,30.1325,29.9742,29.2611,29.3779,29.8080,29.9469,29.2252,30.2724,29.6502
2023-07-29,30,Monte Cimone,4,2165.0000,59.3732,8.2266,26.2010,28.0967,26.6573,28.5797,27.5724,28.3270,27.7352,27.4775,27.9330,28.3245,27.7266,27.9696,27.3557
2023-07-29,31,Ferrara,4,10.0000,41.7377,8.2266,29.5804,29.1199,29.7697,28.6729,30.5426,30.1321,29.4311,29.5723,29.9909,30.1152,29.4073,30.3574,29.7327
2023-07-29,32,Bologna / Borgo Panigale,0,36.0000,39.9528,8.2266,30.4579,29.4689,29.9943,28.5857,31.2821,30.9500,29.9466,30.1299,30.8905,30.9677,30.0071,30.8260,29.8481
2023-07-29,33,Punta Marina,1,2.0000,25.9357,8.2266,23.8647,26.2941,25.9818,27.4145,25.9807,26.1101,25.7473,25.1964,25.0520,26.0950,25.7541,26.4028,25.6979
2023-07-29,34,Forli,3,27.0000,33.4500,8.2266,28.6640,27.7835,27.7932,28.2395,29.2604,28.9270,27.4855,28.0808,28.8060,28.9028,27.4684,28.9571,27.6742
2023-07-29,35,Cervia,3,6.0000,25.9357,8.2266,27.2431,26.6190,26.4522,28.2589,27.4843,27.2641,25.6467,25.7332,26.5017,27.2343,25.6166,27.8363,26.4429
2023-07-29,36,Rimini,3,12.0000,52.7910,8.2266,26.0744,26.4470,26.0245,28.6712,26.9548,26.8625,25.5316,25.3994,26.0307,26.8549,25.5139,27.3740,25.9936
2023-07-29,37,Torino / Collegno,2,287.0000,74.9769,8.2266,27.9329,25.6918,27.3755,27.8065,27.4097,27.1127,27.0856,27.3216,27.1795,27.2460,27.1465,27.0001,26.9996
2023-07-29,38,Aosta / Pollein,0,546.0000,20.6866,8.2266,26.2427,24.3345,24.8622,27.5591,25.3308,25.4490,25.5289,25.8980,25.4871,25.2765,25.3974,25.1341,25.5033
2023-07-30,0,Grand St. Bernard / Grand Saint Bernard,3,2472.0000,20.6866,6.7783,25.7729,25.5812,26.9162,28.7441,26.3418,26.0799,26.5474,26.4922,25.9867,25.9771,26.5116,25.8559,26.5117
2023-07-30,2,Lugano,3,273.0000,46.2864,6.7783,28.6815,27.1134,28.5421,29.4704,27.9619,27.5959,28.2213,28.1343,27.6760,27.6369,28.3023,27.7582,28.3955
2023-07-30,3,Paganella,2,2125.0000,86.1858,6.7783,27.5768,27.3799,27.2936,26.5947,27.8421,27.5167,27.2504,27.1287,27.2996,27.5351,27.2600,27.5286,27.2925
2023-07-30,4,Aviano,3,128.0000,53.5302,6.7783,28.0306,27.8064,28.2030,27.2221,28.4511,28.3096,27.2537,27.4244,28.0176,28.3448,27.2796,28.6868,27.9675
2023-07-30,5,Pian Rosa,4,3480.0000,33.9630,6.7783,26.4854,25.3374,26.0576,28.8627,25.3612,25.5072,26.1165,26.4025,25.5045,26.2422,26.7270,25.4945,26.0074
2023-07-30,6,Torino / Caselle,2,301.0000,62.2905,6.7783,28.4011,27.1407,28.6396,29.1285,27.7429,28.0344,28.4557,28.7172,28.1483,28.1092,28.4840,27.9627,28.4126
2023-07-30,7,Torino / Bric Della Croce,2,709.0000,72.5131,6.7783,28.8466,27.3808,29.1466,29.2267,28.7170,28.4563,28.8222,28.9393,28.4271,28.5666,28.8834,28.4629,28.8740
2023-07-30,8,Novara / Cameri,1,178.0000,49.0769,6.7783,29.9997,27.6770,29.4479,29.8957,28.7376,28.8153,29.2266,29.1706,28.7379,28.8439,29.2424,28.8752,29.3173
2023-07-30,9,Milano / Malpensa,1,234.0000,46.2864,6.7783,30.2150,27.6432,29.3336,29.8574,28.7038,28.8665,29.3260,29.4921,29.0145,28.8966,29.3468,28.7555,29.2263
2023-07-30,10,Bergamo / Orio Al Serio,2,238.0000,41.5983,6.7783,28.8685,27.4718,29.2936,28.9887,29.1668,28.4962,28.8183,29.1561,28.8516,28.5813,28.8477,28.7088,29.0588
2023-07-30,11,Milano / Linate,4,107.0000,41.5983,6.7783,29.7456,27.9705,29.8540,29.4399,29.4414,29.4778,30.0446,30.2239,29.6547,29.4951,30.0775,29.2155,29.7349
2023-07-30,12,Piacenza,2,134.0000,55.9905,6.7783,29.0905,27.8473,29.0718,28.8242,28.9162,28.7183,28.8769,28.7562,28.4743,28.7115,28.8220,28.6969,28.8788
2023-07-30,13,Brescia / Ghedi,2,102.0000,45.8189,6.7783,29.6296,27.6009,29.0994,28.5416,28.8752,28.8754,28.8647,28.8830,28.8012,28.9434,28.8933,28.8437,28.9218
2023-07-30,14,Verona / Rivoltella,2,64.0000,25.9799,6.7783,27.6988,27.1544,27.9228,28.1194,28.2793,27.5277,27.3544,27.0950,27.1375,27.5356,27.3228,28.0054,27.9727
2023-07-30,15,Verona / Villafranca,1,67.0000,25.9799,6.7783,28.4134,27.6062,29.0233,27.9562,28.8368,28.8983,29.0627,29.5073,28.9663,28.9525,29.1072,28.7589,28.8260
2023-07-30,16,Padova,3,13.0000,37.0588,6.7783,28.7653,27.6514,28.4379,27.6442,29.1958,29.2611,28.6542,28.7655,28.9119,29.1945,28.5784,29.0012,28.5913
2023-07-30,17,Treviso / Istrana,1,45.0000,37.0588,6.7783,26.8435,28.0760,28.5862,27.4511,28.9645,28.8654,28.7058,28.8251,28.7579,28.8976,28.7135,28.8912,28.7209
2023-07-30,19,Venezia / Tessera,1,2.0000,39.4195,6.7783,27.1551,27.2246,27.6796,27.3693,27.1862,27.9415,27.7970,26.9249,26.8029,27.9944,27.8254,27.5310,27.3475
2023-07-30,20,Monte Settepani / Caragna,0,1381.0000,55.2369,6.7783,26.3585,26.9843,27.0842,29.1708,26.6949,27.5855,27.8134,27.6266,27.2179,27.4534,27.7579,27.2252,27.5819
2023-07-30,21,Mondovi,0,559.0000,72.5131,6.7783,27.8163,26.9257,27.4143,29.2875,27.3651,27.6794,27.9085,27.7752,27.4047,27.5603,27.8604,27.3992,27.7758
2023-07-30,22,Monte Malanotte,0,1741.0000,85.7364,6.7783,26.8831,26.3099,26.1471,29.2777,26.4740,26.9671,27.1928,27.0747,26.7005,26.8611,27.1626,26.5567,26.9286
2023-07-30,23,Passo Dei Giovi,0,468.0000,24.9535,6.7783,28.5502,27.7419,28.5394,28.9327,28.2638,28.4403,28.6997,28.7676,28.2984,28.2743,28.6107,28.1635,28.5170
2023-07-30,24,Genova / Sestri,1,2.0000,24.9535,6.7783,28.8644,27.5585,28.5773,28.4915,27.6388,28.5460,28.5895,28.0159,27.7796,28.5590,28.5833,28.5014,28.6612
2023-07-30,25,Albenga,0,45.0000,71.3337,6.7783,28.0856,26.9933,27.2443,29.1124,27.1901,27.7463,27.9658,27.6692,27.2733,27.6745,27.9589,27.4555,27.8098
2023-07-30,26,Passo Della Cisa,4,1039.0000,55.9905,6.7783,27.4209,27.0899,27.6586,27.9397,27.4857,27.4363,27.6055,27.4146,26.9602,27.3780,27.5779,27.4967,27.7132
2023-07-30,27,Sarzana / Luni,4,9.0000,94.6868,6.7783,28.4007,27.2101,28.6287,27.6644,28.3145,28.5113,28.6453,28.1803,27.7446,28.4940,28.6501,28.4973,28.6894
2023-07-30,28,Bologna / Borgo Panigale,0,51.0000,41.0210,6.7783,28.7222,27.2667,29.0392,27.6867,28.7202,28.6658,28.7619,28.9003,28.4313,28.6727,28.7818,28.5248,28.5906
2023-07-30,29,Ferrara / Fontana,4,9.0000,39.9528,6.7783,29.2107,27.0290,28.2201,27.6708,27.9661,28.3031,28.1715,28.3447,27.9946,28.3107,28.1812,28.1982,28.0905
2023-07-30,30,Monte Cimone,4,2165.0000,59.3732,6.7783,26.0431,26.5863,26.0845,27.5643,25.7470,26.6840,26.7680,26.1907,25.7737,26.6841,26.7812,26.5427,26.6545
2023-07-30,32,Bologna / Borgo Panigale,0,36.0000,39.9528,6.7783,28.6895,27.2626,29.0478,27.6749,28.7456,28.6941,28.7962,28.9424,28.4660,28.7006,28.8152,28.5343,28.6028
2023-07-30,33,Punta Marina,1,2.0000,25.9357,6.7783,25.5578,25.3069,25.4958,26.8304,24.8110,25.3398,25.3865,24.3211,23.4823,25.3393,25.3971,25.4372,25.2426
2023-07-30,34,Forli,3,27.0000,33.4500,6.7783,27.5967,26.4061,27.7402,27.0920,27.2993,27.4155,27.5102,27.9721,27.0266,27.3962,27.5025,27.2840,27.3641
2023-07-30,35,Cervia,3,6.0000,25.9357,6.7783,26.5575,25.5734,27.1324,27.0552,26.3109,26.4006,26.5160,26.7339,25.6318,26.3731,26.4965,26.6976,26.7713
2023-07-30,36,Rimini,3,12.0000,52.7910,6.7783,23.8668,25.3040,26.1809,27.1190,25.3056,25.4716,25.5839,25.4978,24.3435,25.4681,25.5888,25.9808,26.0469
2023-07-30,37,Torino / Collegno,2,287.0000,74.9769,6.7783,28.9079,27.3091,29.2011,29.1740,28.8731,28.5205,28.8913,29.0328,28.5057,28.6212,28.9452,28.4628,28.8758
2023-07-30,38,Aosta / Pollein,0,546.0000,20.6866,6.7783,26.9799,25.8730,26.3334,28.7950,26.4669,26.4611,26.5446,26.6933,26.2964,26.3528,26.4404,26.4781,26.8710
2023-07-31,0,Grand St. Bernard / Grand Saint Bernard,3,2472.0000,20.6866,8.1920,31.8966,31.8929,33.4078,33.1459,32.9244,32.2054,32.8496,33.0346,32.7244,32.2050,32.8721,32.2236,32.9593
2023-07-31,1,Locarno-Magadino,3,197.0000,62.2060,8.1920,31.7668,30.0727,31.7164,32.6373,31.1550,30.3319,31.1084,31.4406,30.8861,30.4033,31.2045,30.6510,31.4314
2023-07-31,2,Lugano,3,273.0000,46.2864,8.1920,31.2908,29.9358,31.4750,32.5812,30.8473,30.3404,31.1202,31.2034,30.6376,30.4038,31.2123,30.5749,31.3682
2023-07-31,3,Paganella,2,2125.0000,86.1858,8.1920,31.0314,29.8043,30.5636,30.0658,30.3617,30.3530,30.4286,30.4743,30.2150,30.4496,30.5134,30.3180,30.3052
2023-07-31,4,Aviano,3,128.0000,53.5302,8.1920,30.1303,30.0345,30.8067,30.4558,30.5758,30.9076,30.5899,30.8482,30.6339,30.9045,30.5761,30.9453,30.5304
2023-07-31,6,Torino / Caselle,2,301.0000,62.2905,8.1920,32.2476,30.9565,32.3521,32.5139,32.0373,32.0107,32.4093,32.9326,32.5533,32.1123,32.4681,31.9656,32.2128
2023-07-31,7,Torino / Bric Della Croce,2,709.0000,72.5131,8.1920,32.4588,30.6254,32.0421,32.3109,31.9751,31.5758,32.0069,32.4323,32.0028,31.6628,32.0553,31.6678,31.8956
2023-07-31,8,Novara / Cameri,1,178.0000,49.0769,8.1920,32.6841,30.3459,32.5832,32.3092,32.0109,31.9692,32.4915,32.5760,32.1614,32.0228,32.5234,31.8448,32.3679
2023-07-31,9,Milano / Malpensa,1,234.0000,46.2864,8.1920,33.3871,30.4088,32.4435,32.3721,31.8715,32.0015,32.5484,32.6875,32.2552,32.0715,32.5961,31.7494,32.2947
2023-07-31,10,Bergamo / Orio Al Serio,2,238.0000,41.5983,8.1920,32.3491,29.8134,32.1829,32.1635,32.1090,31.5212,31.9871,32.5189,32.0706,31.6381,32.0613,31.3801,31.7736
2023-07-31,11,Milano / Linate,4,107.0000,41.5983,8.1920,31.5149,29.8329,31.9329,32.0907,31.4965,31.2903,32.0452,31.8837,31.3074,31.2988,32.0670,31.1185,31.8209
2023-07-31,12,Piacenza,2,134.0000,55.9905,8.1920,30.4736,28.8400,30.4799,30.9685,29.9922,29.7050,30.1142,30.1388,29.6121,29.7086,30.0858,29.8751,30.1021
2023-07-31,13,Brescia / Ghedi,2,102.0000,45.8189,8.1920,32.0735,29.5146,31.6944,31.4551,31.3495,31.1680,31.4870,31.9492,31.5156,31.1643,31.4645,31.0494,31.2627
2023-07-31,14,Verona / Rivoltella,2,64.0000,25.9799,8.1920,30.2383,29.4099,30.7932,31.0500,30.7065,30.5964,30.9021,30.9879,30.5241,30.6159,30.9131,30.4340,30.6175
2023-07-31,15,Verona / Villafranca,1,67.0000,25.9799,8.1920,31.2958,29.5585,31.0392,30.6857,30.7901,30.7532,30.7246,30.9187,30.6833,30.7868,30.7153,30.8163,30.9104
2023-07-31,16,Padova,3,13.0000,37.0588,8.1920,30.4364,29.3297,30.1666,30.0473,30.7109,30.7918,30.3743,30.4688,30.3751,30.7273,30.3032,30.6925,30.2982
2023-07-31,17,Treviso / Istrana,1,45.0000,37.0588,8.1920,30.2479,29.8031,30.3134,30.2239,30.7231,30.6794,30.3548,30.3787,30.4644,30.6899,30.3342,30.7268,30.4675
2023-07-31,18,Treviso / S. Angelo,1,18.0000,38.0901,8.1920,30.8830,29.5740,30.2683,30.1743,30.4189,30.5319,30.1824,29.9022,30.0161,30.5152,30.1349,30.8097,30.5167
2023-07-31,19,Venezia / Tessera,1,2.0000,39.4195,8.1920,26.4895,27.9841,27.9459,29.8146,27.5546,27.9899,27.5423,26.0056,26.1455,27.9825,27.4956,28.2211,27.8618
2023-07-31,20,Monte Settepani / Caragna,0,1381.0000,55.2369,8.1920,29.6163,28.8709,28.3701,31.5950,28.7344,28.9368,29.0616,29.4003,28.9528,28.8518,29.0158,29.0955,29.1355
2023-07-31,22,Monte Malanotte,0,1741.0000,85.7364,8.1920,30.3067,29.6696,29.3538,31.9518,30.1352,29.9367,30.2033,30.6757,30.2151,29.8068,30.1336,30.0365,30.2241
2023-07-31,23,Passo Dei Giovi,0,468.0000,24.9535,8.1920,29.9061,28.6232,28.3714,30.9148,29.0944,28.8255,28.8578,29.1380,28.7236,28.7290,28.7913,28.8318,28.7643
2023-07-31,24,Genova / Sestri,1,2.0000,24.9535,8.1920,28.0684,28.4144,29.7435,30.4423,28.6808,28.5339,29.3433,28.2647,27.2817,28.4910,29.3355,29.3360,29.7837
2023-07-31,25,Albenga,0,45.0000,71.3337,8.1920,27.5848,28.7600,28.3493,31.5993,28.8451,29.0095,29.1211,28.9996,28.6936,28.9819,29.1200,29.1159,29.1744
2023-07-31,26,Passo Della Cisa,4,1039.0000,55.9905,8.1920,28.8482,28.0671,28.2441,29.9781,28.3767,28.3827,28.6185,28.7477,28.2112,28.3280,28.5967,28.3660,28.5014
2023-07-31,27,Sarzana / Luni,4,9.0000,94.6868,8.1920,28.7062,27.4576,28.5780,29.6812,28.9880,28.7416,28.8634,28.5999,28.1371,28.7479,28.8881,28.8005,28.8521
2023-07-31,28,Bologna / Borgo Panigale,0,51.0000,41.0210,8.1920,30.2049,28.8514,29.9466,29.6800,30.3406,30.5790,30.2248,30.4863,30.4309,30.5897,30.2590,30.2036,29.8726
2023-07-31,29,Ferrara / Fontana,4,9.0000,39.9528,8.1920,29.3286,28.7339,29.6346,29.5537,29.6592,29.9834,29.4754,29.6698,29.7129,29.9550,29.4440,30.0091,29.6582
2023-07-31,31,Ferrara,4,10.0000,41.7377,8.1920,29.5687,28.7578,29.6308,29.5835,30.1953,30.1073,29.6133,29.8317,29.8645,30.1005,29.6058,30.0218,29.6734
2023-07-31,32,Bologna / Borgo Panigale,0,36.0000,39.9528,8.1920,29.9076,28.8529,29.9497,29.6573,30.4704,30.5963,30.2347,30.5215,30.4703,30.6073,30.2687,30.2215,29.8835
2023-07-31,33,Punta Marina,1,2.0000,25.9357,8.1920,25.2720,27.0584,26.8394,28.1147,26.7035,26.9591,26.3080,24.9606,25.1920,26.9519,26.2539,27.1774,26.6173
2023-07-31,34,Forli,3,27.0000,33.4500,8.1920,28.5709,28.4125,28.5949,28.7871,29.5408,29.4341,28.4313,29.1010,29.1459,29.4400,28.4601,29.4045,28.6143
2023-07-31,35,Cervia,3,6.0000,25.9357,8.1920,28.9744,27.6989,28.2337,28.6617,29.0899,29.3807,28.3066,28.6930,28.6990,29.3039,28.2322,29.1296,28.2182
2023-07-31,36,Rimini,3,12.0000,52.7910,8.1920,27.1794,27.5307,27.7681,28.8381,28.3927,28.6428,27.6323,27.7413,27.7430,28.6061,27.5957,28.6356,27.7296
2023-07-31,37,Torino / Collegno,2,287.0000,74.9769,8.1920,33.4752,30.9412,32.6014,32.3654,32.6227,32.0086,32.4070,32.8956,32.5005,32.1147,32.4728,32.1710,32.3896
2023-08-01,0,Grand St. Bernard / Grand Saint Bernard,3,2472.0000,20.6866,8.2710,27.9919,28.3205,28.1812,28.9409,29.4993,28.7593,26.8749,26.7256,28.3384,28.7154,26.9008,28.6943,27.4339
2023-08-01,1,Locarno-Magadino,3,197.0000,62.2060,8.2710,27.1971,26.9154,27.8346,29.5314,27.5149,27.2257,27.1028,26.7936,27.0262,27.2793,27.2392,27.4001,27.5521
2023-08-01,2,Lugano,3,273.0000,46.2864,8.2710,26.8741,26.9134,27.8798,29.4911,27.5778,27.3913,27.3062,27.1127,27.3309,27.4539,27.4449,27.5787,27.7663
2023-08-01,3,Paganella,2,2125.0000,86.1858,8.2710,30.5210,28.7131,29.4252,29.8304,29.0596,29.2464,29.6069,29.7875,29.2931,29.3279,29.6484,29.0642,29.3130
2023-08-01,4,Aviano,3,128.0000,53.5302,8.2710,30.4399,29.8632,31.2032,31.2828,30.4042,30.6144,30.8551,30.9944,30.2731,30.6369,30.8928,30.7982,31.1329
2023-08-01,5,Pian Rosa,4,3480.0000,33.9630,8.2710,29.0369,28.1743,27.3406,28.9090,27.8258,28.3266,27.0558,27.0392,27.9838,28.9850,27.7975,28.3451,27.2727
2023-08-01,6,Torino / Caselle,2,301.0000,62.2905,8.2710,27.9495,27.5673,27.5720,28.6630,28.3706,28.4881,27.5433,27.7446,28.5245,28.5818,27.5832,28.4364,27.5927
2023-08-01,7,Torino / Bric Della Croce,2,709.0000,72.5131,8.2710,28.4124,27.4106,27.9451,28.5668,29.0026,28.6692,27.7711,27.9713,28.6893,28.7918,27.8398,28.7013,27.8438
2023-08-01,8,Novara / Cameri,1,178.0000,49.0769,8.2710,28.6804,27.2411,28.2997,28.5131,28.4729,28.7335,28.5084,28.7414,28.9536,28.8017,28.5612,28.4988,28.3187
2023-08-01,9,Milano / Malpensa,1,234.0000,46.2864,8.2710,28.9589,27.2703,28.4708,28.6849,28.6006,28.9250,28.7082,29.1405,29.3527,29.0012,28.7683,28.6088,28.4412
2023-08-01,10,Bergamo / Orio Al Serio,2,238.0000,41.5983,8.2710,29.2797,27.4466,29.1645,29.7336,29.3277,29.0169,29.0920,29.5233,29.4261,29.1334,29.1514,28.8100,28.8139
2023-08-01,12,Piacenza,2,134.0000,55.9905,8.2710,28.5542,26.8317,28.1324,28.6856,27.6873,27.7623,28.0123,27.9952,27.5961,27.7638,27.9644,27.6513,27.7260
2023-08-01,13,Brescia / Ghedi,2,102.0000,45.8189,8.2710,29.8387,27.7651,29.7313,29.9531,29.1588,29.1879,29.4631,29.8951,29.5357,29.2232,29.4546,29.0402,29.2212
2023-08-01,14,Verona / Rivoltella,2,64.0000,25.9799,8.2710,29.5982,27.8371,29.6408,30.0900,29.1913,29.2313,29.5665,29.9528,29.5204,29.2810,29.5758,28.9563,29.1950
2023-08-01,16,Padova,3,13.0000,37.0588,8.2710,30.9973,29.1868,30.6199,30.7236,30.3766,30.4322,30.6809,30.9840,30.2858,30.3816,30.6477,30.2176,30.6084
2023-08-01,17,Treviso / Istrana,1,45.0000,37.0588,8.2710,31.5555,29.6024,30.8032,30.9841,30.3368,30.6622,31.0871,30.8634,30.3240,30.7135,31.1216,30.4361,30.8548
2023-08-01,18,Treviso / S. Angelo,1,18.0000,38.0901,8.2710,31.0520,29.5116,30.9471,30.9637,30.3484,30.6884,31.0898,30.6776,30.1628,30.7124,31.0983,30.7058,31.1092
2023-08-01,19,Venezia / Tessera,1,2.0000,39.4195,8.2710,27.8396,28.4581,29.1902,30.6747,28.2274,28.6609,29.1563,27.6845,27.0347,28.6871,29.1691,28.7006,29.1548
2023-08-01,20,Monte Settepani / Caragna,0,1381.0000,55.2369,8.2710,26.1947,26.4004,25.4587,28.0804,26.2521,26.7633,26.0934,26.1814,26.3057,26.6071,25.9400,26.8074,26.2388
2023-08-01,21,Mondovi,0,559.0000,72.5131,8.2710,25.4238,26.9317,26.7260,28.3866,27.4182,27.7276,27.1328,27.2298,27.4480,27.5450,26.9694,27.6506,27.1851
2023-08-01,22,Monte Malanotte,0,1741.0000,85.7364,8.2710,26.8866,27.1439,26.2423,28.3681,27.5668,27.6725,27.0592,26.7689,26.9753,27.4879,26.8855,27.5726,27.0884
2023-08-01,23,Passo Dei Giovi,0,468.0000,24.9535,8.2710,27.0303,26.3385,26.0098,27.7778,26.7373,27.0489,26.5195,26.8236,26.7293,26.8388,26.3087,26.9336,26.4354
2023-08-01,24,Genova / Sestri,1,2.0000,24.9535,8.2710,25.2642,26.1244,27.1440,27.5317,26.5377,26.7181,26.5909,25.5686,25.3576,26.6846,26.5655,27.4206,27.1939
2023-08-01,25,Albenga,0,45.0000,71.3337,8.2710,23.7080,26.0085,25.3138,28.1251,26.0240,26.5829,26.0357,25.9659,26.0806,26.5223,25.9974,26.5734,26.0190
2023-08-01,26,Passo Della Cisa,4,1039.0000,55.9905,8.2710,28.2301,26.7812,27.3284,28.5883,27.0853,27.3672,27.5335,27.5453,27.1281,27.2932,27.4923,27.2597,27.3691
2023-08-01,27,Sarzana / Luni,4,9.0000,94.6868,8.2710,27.8959,26.3225,27.2394,28.2902,27.0310,27.6084,27.6916,27.2767,26.9152,27.6110,27.7161,27.5147,27.5558
2023-08-01,28,Bologna / Borgo Panigale,0,51.0000,41.0210,8.2710,31.0901,28.4226,30.7255,30.0617,30.0798,30.2031,30.6929,31.0134,30.1329,30.2164,30.7278,29.8124,30.2051
2023-08-01,29,Ferrara / Fontana,4,9.0000,39.9528,8.2710,30.7164,28.5690,30.3831,30.0593,29.5246,29.7325,30.1984,30.3683,29.5746,29.7006,30.1645,29.7299,30.0874
2023-08-01,30,Monte Cimone,4,2165.0000,59.3732,8.2710,28.5962,27.8368,28.0575,29.8702,28.0660,28.1748,28.5440,28.4783,27.9461,28.1365,28.5251,28.0776,28.4535
2023-08-01,31,Ferrara,4,10.0000,41.7377,8.2710,30.8078,28.5880,30.4027,30.0886,29.8709,29.8520,30.3013,30.4899,29.7111,29.8306,30.2771,29.7661,30.1226
2023-08-01,32,Bologna / Borgo Panigale,0,36.0000,39.9528,8.2710,31.5465,28.4338,30.7373,30.0520,30.1893,30.2048,30.6940,31.0147,30.1343,30.2181,30.7286,29.8337,30.2244
2023-08-01,33,Punta Marina,1,2.0000,25.9357,8.2710,26.0607,27.6083,28.0088,28.8699,27.3759,27.5041,27.7680,26.5887,25.7831,27.4992,27.7591,27.7320,27.8830
2023-08-01,34,Forli,3,27.0000,33.4500,8.2710,30.6510,28.7694,29.8255,29.6454,30.1377,30.0557,29.7853,30.3623,29.8459,30.0376,29.7768,29.9802,29.8747
2023-08-01,35,Cervia,3,6.0000,25.9357,8.2710,28.7355,28.1134,28.8303,29.5283,28.8663,29.1714,28.6042,28.7640,28.3894,29.1250,28.5629,29.3465,29.0537
2023-08-01,36,Rimini,3,12.0000,52.7910,8.2710,27.8576,28.1894,28.6198,29.7738,28.6839,28.8731,28.3674,28.3762,28.0667,28.8570,28.3531,29.2334,28.9400
2023-08-01,37,Torino / Collegno,2,287.0000,74.9769,8.2710,28.1767,27.5774,27.6127,28.5992,28.7221,28.6801,27.7342,27.9503,28.7164,28.7842,27.7850,28.5344,27.6546
2023-08-01,38,Aosta / Pollein,0,546.0000,20.6866,8.2710,25.7088,28.0707,27.5268,28.9110,28.6888,28.5433,28.0464,27.9255,27.9783,28.4855,28.0245,28.5282,28.3194
2023-08-02,0,Grand St. Bernard / Grand Saint Bernard,3,2472.0000,20.6866,14.6429,25.1912,26.1317,25.5389,27.1771,27.1359,26.6896,24.6462,24.7469,27.0094,26.6876,24.7229,26.4721,24.9767
2023-08-02,1,Locarno-Magadino,3,197.0000,62.2060,14.6429,27.5695,27.7897,27.3832,31.0181,28.3559,28.3579,27.1068,27.3270,28.6418,28.3877,27.2532,28.1419,27.3483
2023-08-02,2,Lugano,3,273.0000,46.2864,14.6429,28.6736,28.1737,28.4282,30.9300,29.3230,29.2362,27.9836,28.1805,29.4858,29.2768,28.1293,29.1660,28.3646
2023-08-02,3,Paganella,2,2125.0000,86.1858,14.6429,31.0102,31.2893,30.5498,30.6029,31.7483,31.8874,30.8788,30.9041,32.0180,31.9710,30.9787,31.5771,30.5042
2023-08-02,4,Aviano,3,128.0000,53.5302,14.6429,31.6950,31.3661,31.3633,31.3136,31.9209,32.0713,31.1511,31.4176,32.0683,32.1076,31.1798,32.5939,31.2962
2023-08-02,5,Pian Rosa,4,3480.0000,33.9630,14.6429,26.7140,26.4576,25.1946,27.3370,25.8758,26.8851,25.1268,25.1530,26.9561,27.3574,25.7073,26.6267,25.1193
2023-08-02,6,Torino / Caselle,2,301.0000,62.2905,14.6429,26.9420,27.2005,27.3020,26.8804,27.9642,28.2705,27.0798,27.3961,28.7661,28.3561,27.1224,28.3370,27.1735
2023-08-02,7,Torino / Bric Della Croce,2,709.0000,72.5131,14.6429,26.9530,26.9963,27.0029,26.7826,28.2549,28.0858,26.9980,27.3168,28.5308,28.1619,27.0326,28.1114,26.9423
2023-08-02,8,Novara / Cameri,1,178.0000,49.0769,14.6429,29.2151,28.5211,28.9821,29.2272,29.5175,30.0327,29.2751,29.3412,30.2539,30.0901,29.3016,29.7329,29.0344
2023-08-02,9,Milano / Malpensa,1,234.0000,46.2864,14.6429,28.9878,28.6908,29.7217,29.5350,30.1955,30.5218,29.8068,29.9692,30.8621,30.5757,29.8266,30.2586,29.5920
2023-08-02,10,Bergamo / Orio Al Serio,2,238.0000,41.5983,14.6429,30.4878,29.9233,30.8486,31.0991,31.8648,31.4097,30.7019,30.9896,31.8393,31.4888,30.7363,31.3394,30.5795
2023-08-02,11,Milano / Linate,4,107.0000,41.5983,14.6429,30.2537,29.1865,29.6494,30.1344,30.8566,30.8800,29.9948,29.9698,30.9431,30.8833,30.0288,30.5362,29.6740
2023-08-02,12,Piacenza,2,134.0000,55.9905,14.6429,29.3343,28.6620,29.1599,29.3284,29.6808,29.3913,28.7146,29.0078,29.7101,29.3978,28.6822,29.7548,28.8840
2023-08-02,13,Brescia / Ghedi,2,102.0000,45.8189,14.6429,31.4280,30.6670,31.3213,31.2055,32.0025,31.8787,31.0588,31.4499,32.3690,31.8652,31.0151,32.0021,31.1074
2023-08-02,14,Verona / Rivoltella,2,64.0000,25.9799,14.6429,31.5085,31.1089,31.5891,31.2018,32.7789,32.5606,31.6471,32.0326,33.0643,32.5562,31.6306,32.4275,31.4607
2023-08-02,15,Verona / Villafranca,1,67.0000,25.9799,14.6429,31.5890,31.5118,31.8355,31.4961,32.8675,32.6233,31.6905,31.7254,32.6627,32.6563,31.6930,32.7192,31.9001
2023-08-02,16,Padova,3,13.0000,37.0588,14.6429,31.0409,31.6008,31.3891,31.2618,32.9239,32.5721,31.5743,31.5788,32.2723,32.5330,31.5214,32.9105,31.6892
2023-08-02,17,Treviso / Istrana,1,45.0000,37.0588,14.6429,31.3453,31.9576,31.5615,31.3792,32.7742,32.6117,31.6372,31.4927,32.4877,32.5654,31.5978,32.8448,31.8412
2023-08-02,18,Treviso / S. Angelo,1,18.0000,38.0901,14.6429,30.8707,31.4968,31.3870,31.2738,32.3055,32.0092,31.0562,30.7491,31.7341,31.9437,30.9970,32.7404,31.7155
2023-08-02,20,Monte Settepani / Caragna,0,1381.0000,55.2369,14.6429,23.5684,24.6849,22.7097,27.1782,24.6164,24.6029,23.2651,23.2312,24.0138,24.5528,23.1995,24.9355,23.5653
2023-08-02,21,Mondovi,0,559.0000,72.5131,14.6429,24.6083,25.3981,24.2414,26.5515,25.8641,25.7899,24.5897,24.5902,25.4103,25.6538,24.4341,25.9785,24.7826
2023-08-02,22,Monte Malanotte,0,1741.0000,85.7364,14.6429,24.1770,25.1277,23.1121,26.5230,25.2213,25.3711,24.1860,23.9132,24.7054,25.2623,24.0567,25.3157,24.0912
2023-08-02,23,Passo Dei Giovi,0,468.0000,24.9535,14.6429,26.1017,26.7087,25.0611,28.2409,26.9742,26.9219,25.5960,25.9177,26.5997,26.8061,25.4343,27.0357,25.5865
2023-08-02,24,Genova / Sestri,1,2.0000,24.9535,14.6429,23.6367,25.8769,25.6885,27.7741,25.8351,25.8408,24.9402,23.9281,24.5401,25.8053,24.9386,26.8143,25.8434
2023-08-02,25,Albenga,0,45.0000,71.3337,14.6429,22.0284,24.0563,22.2804,26.8760,23.9935,24.3085,23.7124,23.7475,24.1090,24.2854,23.6928,24.4338,23.0893
2023-08-02,26,Passo Della Cisa,4,1039.0000,55.9905,14.6429,28.1875,28.0106,27.1687,28.9041,28.4861,28.4719,27.6222,27.6804,28.3339,28.4035,27.5745,28.4493,27.3890
2023-08-02,27,Sarzana / Luni,4,9.0000,94.6868,14.6429,27.6978,27.2917,27.3847,28.3838,28.6195,28.2234,27.5034,27.0663,27.5989,28.2297,27.5384,28.7083,27.6028
2023-08-02,28,Bologna / Borgo Panigale,0,51.0000,41.0210,14.6429,30.3763,29.9255,30.8301,30.2906,31.5848,31.6886,30.9240,31.0476,31.7028,31.6916,30.9866,31.4996,30.6224
2023-08-02,29,Ferrara / Fontana,4,9.0000,39.9528,14.6429,31.0451,30.3349,30.9593,30.4745,31.9803,31.5058,30.3261,30.4063,31.3748,31.4564,30.2688,31.9877,30.9384
2023-08-02,30,Monte Cimone,4,2165.0000,59.3732,14.6429,28.3490,29.0208,27.6796,30.0575,29.3309,29.4901,28.4642,28.3888,29.3414,29.4432,28.4079,29.2543,28.2817
2023-08-02,31,Ferrara,4,10.0000,41.7377,14.6429,30.9793,30.3855,31.1809,30.5268,32.2959,31.7106,30.5332,30.6105,31.5743,31.6757,30.4935,32.1618,31.1013
2023-08-02,32,Bologna / Borgo Panigale,0,36.0000,39.9528,14.6429,30.4948,29.9204,30.7550,30.2714,31.7483,31.7013,30.9393,31.0700,31.7260,31.7049,31.0014,31.4571,30.5784
2023-08-02,33,Punta Marina,1,2.0000,25.9357,14.6429,25.5195,27.3946,26.8337,28.6221,26.8916,27.2130,27.2739,26.3481,26.8843,27.2249,27.3283,27.5023,26.8958
2023-08-02,34,Forli,3,27.0000,33.4500,14.6429,29.8474,28.8813,29.2883,29.7083,30.2789,30.3552,29.0739,29.9445,30.4291,30.3382,29.0695,30.3363,29.0988
2023-08-02,35,Cervia,3,6.0000,25.9357,14.6429,29.7028,28.0244,28.3574,29.6059,29.1806,28.8905,27.5488,27.9494,28.3792,28.8509,27.5092,29.5207,28.2161
2023-08-02,36,Rimini,3,12.0000,52.7910,14.6429,28.9138,27.9699,28.0813,30.0338,29.0897,28.5570,27.7896,28.0250,28.2669,28.5445,27.7690,29.3221,28.0250
2023-08-02,37,Torino / Collegno,2,287.0000,74.9769,14.6429,28.1519,27.1089,27.4887,26.7467,28.7359,28.3885,27.2601,27.7148,28.9905,28.4941,27.3266,28.4833,27.3129
2023-08-02,38,Aosta / Pollein,0,546.0000,20.6866,14.6429,24.6108,26.4176,25.7540,27.1524,27.2035,27.0850,25.7570,25.9269,27.0898,27.0138,25.7623,27.1397,26.3444
2023-08-03,0,Grand St. Bernard / Grand Saint Bernard,3,2472.0000,20.6866,7.1324,26.6583,26.5999,27.1785,27.2871,27.3300,27.2623,26.7378,26.5111,26.8163,27.1224,26.6686,26.9055,26.8045
2023-08-03,1,Locarno-Magadino,3,197.0000,62.2060,7.1324,28.2317,27.9779,28.1025,30.2430,28.6969,28.1149,27.8379,27.8669,28.1716,28.1433,27.9054,28.3861,28.1657
2023-08-03,2,Lugano,3,273.0000,46.2864,7.1324,27.5880,28.2339,28.4850,30.2450,28.8854,28.6381,28.0795,27.9725,28.6118,28.6808,28.2025,28.9010,28.6509
2023-08-03,3,Paganella,2,2125.0000,86.1858,7.1324,30.1145,30.5681,30.0827,30.5078,30.7709,30.8118,29.9976,30.0680,30.8306,30.8542,30.0370,30.9073,30.0002
2023-08-03,4,Aviano,3,128.0000,53.5302,7.1324,30.4314,30.2554,30.3472,30.7104,30.9568,30.8519,29.3363,29.3883,30.4320,30.8885,29.3950,31.2951,30.0765
2023-08-03,5,Pian Rosa,4,3480.0000,33.9630,7.1324,27.0534,26.4203,26.5049,27.3971,26.2049,26.6651,26.3274,26.5146,26.5571,27.5785,27.2009,26.6068,26.3481
2023-08-03,6,Torino / Caselle,2,301.0000,62.2905,7.1324,27.7286,26.9954,27.6260,28.3463,27.2542,27.8675,27.7549,27.7327,27.7272,27.9417,27.7631,27.6658,27.6445
2023-08-03,7,Torino / Bric Della Croce,2,709.0000,72.5131,7.1324,28.3762,26.9444,28.8344,28.6486,28.7301,28.2863,28.2517,28.3516,28.2557,28.4236,28.3214,28.4619,28.4841
2023-08-03,8,Novara / Cameri,1,178.0000,49.0769,7.1324,29.8794,28.3401,29.5946,29.4140,29.7418,30.0876,29.7901,29.9190,30.2031,30.1690,29.8595,29.7728,29.5678
2023-08-03,9,Milano / Malpensa,1,234.0000,46.2864,7.1324,29.9813,28.5198,29.7007,29.5783,29.9216,30.2510,29.8611,30.2603,30.6419,30.3105,29.9099,29.9610,29.6690
2023-08-03,10,Bergamo / Orio Al Serio,2,238.0000,41.5983,7.1324,30.4021,30.1206,31.0803,30.5851,31.5617,31.0961,30.5159,30.6256,31.2743,31.1648,30.5249,31.4035,30.9669
2023-08-03,12,Piacenza,2,134.0000,55.9905,7.1324,30.6531,29.2608,30.4451,30.2213,30.0379,30.3189,30.3016,30.2235,30.1772,30.3298,30.2528,30.1570,30.0924
2023-08-03,13,Brescia / Ghedi,2,102.0000,45.8189,7.1324,32.3388,31.4354,32.4167,30.8663,32.8580,32.9239,32.1972,32.4067,33.1197,32.9968,32.2188,32.7979,32.2445
2023-08-03,14,Verona / Rivoltella,2,64.0000,25.9799,7.1324,29.4803,31.2842,31.8090,31.0034,32.7067,31.9532,30.8864,30.8093,31.8600,31.9800,30.8515,32.5070,31.7891
2023-08-03,15,Verona / Villafranca,1,67.0000,25.9799,7.1324,32.3811,32.2206,32.2380,31.4398,33.4167,33.8254,32.3872,32.9316,33.9959,33.8925,32.4055,33.5853,32.3810
2023-08-03,16,Padova,3,13.0000,37.0588,7.1324,31.2999,31.7434,31.7782,31.1162,32.9855,33.4804,31.9770,32.1611,33.1843,33.4090,31.9057,33.2221,31.9988
2023-08-03,17,Treviso / Istrana,1,45.0000,37.0588,7.1324,31.0438,31.3582,31.2083,31.0184,32.5359,32.5195,31.2230,31.3606,32.4808,32.5607,31.2173,32.5547,31.4338
2023-08-03,18,Treviso / S. Angelo,1,18.0000,38.0901,7.1324,31.4643,31.1912,31.2354,30.9474,32.2722,32.8908,31.6549,31.6085,32.6766,32.9510,31.6752,32.6403,31.5004
2023-08-03,19,Venezia / Tessera,1,2.0000,39.4195,7.1324,28.9029,30.1745,29.5455,30.6093,30.0074,30.9489,29.5683,28.4813,29.6532,31.0027,29.5738,30.5361,29.2585
2023-08-03,20,Monte Settepani / Caragna,0,1381.0000,55.2369,7.1324,25.8824,25.6597,25.6724,28.8513,25.9338,26.4213,26.1183,25.8340,25.9442,26.2101,25.9584,26.2107,26.1998
2023-08-03,21,Mondovi,0,559.0000,72.5131,7.1324,27.1531,26.0315,26.3011,28.9784,26.5105,26.8790,26.6959,26.4645,26.5058,26.7171,26.5989,26.6554,26.7154
2023-08-03,22,Monte Malanotte,0,1741.0000,85.7364,7.1324,26.5649,25.7242,25.6565,28.9713,26.6299,26.5374,26.3399,25.9401,25.9871,26.3016,26.1649,26.3372,26.3885
2023-08-03,23,Passo Dei Giovi,0,468.0000,24.9535,7.1324,28.3409,26.6788,27.3911,29.0374,27.0803,27.7357,27.3460,27.3794,27.5383,27.4621,27.1158,27.3989,27.3042
2023-08-03,24,Genova / Sestri,1,2.0000,24.9535,7.1324,26.8545,26.2090,27.6276,28.3458,26.3057,27.5931,27.9937,27.4905,26.9496,27.6357,28.0318,27.2943,27.6067
2023-08-03,25,Albenga,0,45.0000,71.3337,7.1324,26.4841,25.6739,25.7186,28.7847,25.9699,26.9392,26.6633,26.5829,26.6750,26.8407,26.6274,26.3378,26.3387
2023-08-03,26,Passo Della Cisa,4,1039.0000,55.9905,7.1324,29.9717,28.3433,28.5636,29.4056,28.7103,28.8566,28.6136,28.4138,28.4830,28.8034,28.5811,28.7133,28.5136
2023-08-03,27,Sarzana / Luni,4,9.0000,94.6868,7.1324,29.3216,27.9788,29.4221,28.8481,29.2624,29.2613,28.9805,28.7667,28.8563,29.2458,28.9862,29.4756,29.2593
2023-08-03,28,Bologna / Borgo Panigale,0,51.0000,41.0210,7.1324,32.6106,30.9909,31.6925,31.3108,32.5253,32.7139,31.7228,32.0836,32.6470,32.7230,31.7688,32.3691,31.4674
2023-08-03,30,Monte Cimone,4,2165.0000,59.3732,7.1324,28.8293,29.1989,28.8894,31.1340,29.4001,29.6079,29.2101,29.0792,29.3211,29.5689,29.1681,29.4573,29.0813
2023-08-03,31,Ferrara,4,10.0000,41.7377,7.1324,31.2664,31.3619,31.7639,31.0835,32.6473,32.7823,31.6582,31.8899,32.6929,32.7878,31.6630,32.6736,31.7564
2023-08-03,32,Bologna / Borgo Panigale,0,36.0000,39.9528,7.1324,32.5031,30.9950,31.6958,31.3017,32.6480,32.7426,31.7457,32.1205,32.6883,32.7516,31.7907,32.3923,31.4837
2023-08-03,33,Punta Marina,1,2.0000,25.9357,7.1324,25.7186,28.4513,27.8033,29.8951,28.0734,28.5317,27.2659,26.1904,26.8432,28.5378,27.2370,28.5618,27.4874
2023-08-03,34,Forli,3,27.0000,33.4500,7.1324,30.5660,29.5639,29.1585,30.6950,30.4375,30.7690,29.1470,29.5011,30.4325,30.7458,29.1387,30.4875,29.1709
2023-08-03,35,Cervia,3,6.0000,25.9357,7.1324,27.8450,28.4022,28.0218,30.5338,29.2385,29.2531,27.3761,27.3819,28.4532,29.2259,27.3557,29.5926,28.1039
2023-08-03,37,Torino / Collegno,2,287.0000,74.9769,7.1324,29.9382,27.0642,29.0811,28.5475,29.3872,28.7129,28.6538,28.9405,28.8634,28.8524,28.7278,28.6861,28.6920
2023-08-03,38,Aosta / Pollein,0,546.0000,20.6866,7.1324,26.7250,26.6086,26.7880,27.4132,27.3411,27.3557,27.0308,27.1286,26.9144,27.2235,26.8779,27.2880,27.3350
2023-08-04,0,Grand St. Bernard / Grand Saint Bernard,3,2472.0000,20.6866,20.2631,27.3694,27.7077,28.3449,29.4089,29.6395,28.0192,26.9567,26.8921,28.0172,28.0281,27.0175,28.1844,27.4217
2023-08-04,1,Locarno-Magadino,3,197.0000,62.2060,20.2631,25.6347,26.3004,26.4658,29.5329,26.9217,27.1524,26.5029,26.5955,27.5057,27.1842,26.6315,26.6596,26.3052
2023-08-04,2,Lugano,3,273.0000,46.2864,20.2631,28.4629,26.9002,28.2049,29.4968,28.4608,28.1483,27.4511,27.5728,28.5428,28.2145,27.6094,28.2257,27.8531
2023-08-04,3,Paganella,2,2125.0000,86.1858,20.2631,29.0614,28.8863,28.8681,29.9534,29.1237,29.5093,29.7016,29.5501,29.6540,29.5982,29.8124,29.2269,28.8550
2023-08-04,4,Aviano,3,128.0000,53.5302,20.2631,31.3595,29.8766,30.8253,31.3643,31.0670,31.2848,31.2382,31.4540,31.4728,31.2858,31.2129,31.4217,30.5624
2023-08-04,5,Pian Rosa,4,3480.0000,33.9630,20.2631,27.9568,27.0286,26.3489,29.3377,26.8428,27.3291,26.3196,26.2893,27.2906,27.7636,26.7884,27.2261,26.3147
2023-08-04,6,Torino / Caselle,2,301.0000,62.2905,20.2631,28.1238,27.6563,27.8637,28.5479,28.5888,28.8430,28.0565,28.6124,29.3276,28.9375,28.1049,28.6911,27.8230
2023-08-04,7,Torino / Bric Della Croce,2,709.0000,72.5131,20.2631,28.6725,27.7026,28.4482,28.2920,29.4362,28.9197,28.1291,28.6871,29.3267,28.9991,28.1639,29.1920,28.2458
2023-08-04,8,Novara / Cameri,1,178.0000,49.0769,20.2631,28.4944,27.3101,28.0232,28.4456,28.6999,29.1038,28.5394,28.5502,29.3944,29.1938,28.5944,28.6299,28.1207
2023-08-04,9,Milano / Malpensa,1,234.0000,46.2864,20.2631,28.8538,27.3794,28.6638,28.6156,29.2325,29.4115,28.9306,29.0632,29.8220,29.5016,28.9869,29.0457,28.5776
2023-08-04,10,Bergamo / Orio Al Serio,2,238.0000,41.5983,20.2631,29.5275,28.6170,29.6220,29.8871,30.5132,30.1952,29.7458,30.0865,30.8524,30.2858,29.7884,29.9660,29.4885
2023-08-04,11,Milano / Linate,4,107.0000,41.5983,20.2631,29.0692,28.1215,28.9799,29.0239,29.9535,30.0688,29.3701,29.4546,30.3070,30.0739,29.4032,29.6068,29.0146
2023-08-04,12,Piacenza,2,134.0000,55.9905,20.2631,28.4531,28.8256,28.9692,28.9527,30.1044,29.7789,28.8177,28.8622,29.8253,29.7861,28.7805,29.8135,28.9496
2023-08-04,13,Brescia / Ghedi,2,102.0000,45.8189,20.2631,30.8211,29.5930,30.9063,30.5093,31.3057,31.1200,30.6488,30.9784,31.5960,31.1041,30.6153,31.1508,30.6455
2023-08-04,14,Verona / Rivoltella,2,64.0000,25.9799,20.2631,30.5439,29.7247,30.6007,30.8400,31.3007,31.0899,30.6969,30.8277,31.3499,31.0849,30.6971,30.9360,30.4938
2023-08-04,15,Verona / Villafranca,1,67.0000,25.9799,20.2631,31.1273,29.8841,31.2280,31.7657,31.4197,31.4473,31.0717,31.2433,31.7183,31.5106,31.0849,31.3676,31.0481
2023-08-04,16,Padova,3,13.0000,37.0588,20.2631,31.7035,29.4434,30.0430,31.3721,30.8394,31.0894,30.7325,31.0333,31.2278,31.0849,30.7096,30.8874,30.0847
2023-08-04,17,Treviso / Istrana,1,45.0000,37.0588,20.2631,30.7552,29.2816,30.5804,31.2242,30.8753,29.5385,29.7525,29.4506,29.5391,29.4743,29.6982,30.5797,30.5730
2023-08-04,18,Treviso / S. Angelo,1,18.0000,38.0901,20.2631,28.7751,28.8643,30.1109,31.0906,30.3894,29.1886,29.3978,28.8652,28.9762,29.1318,29.3523,30.2512,30.2373
2023-08-04,19,Venezia / Tessera,1,2.0000,39.4195,20.2631,25.7634,27.7530,27.6893,30.5835,27.4203,27.8641,28.0857,26.9452,27.0509,27.8758,28.1110,27.9521,27.9022
2023-08-04,20,Monte Settepani / Caragna,0,1381.0000,55.2369,20.2631,23.9805,26.5099,24.6403,28.0081,26.2139,26.3387,25.3889,25.5913,26.4299,26.3218,25.3758,26.6819,25.5567
2023-08-04,21,Mondovi,0,559.0000,72.5131,20.2631,27.5104,27.9656,27.1083,27.9414,28.4266,28.3415,27.5625,27.5805,28.5713,28.1929,27.4246,28.5611,27.6836
2023-08-04,22,Monte Malanotte,0,1741.0000,85.7364,20.2631,27.9261,28.3089,26.7953,27.9260,28.6899,28.4795,27.7518,27.6012,28.4974,28.3221,27.6063,28.6671,27.7496
2023-08-04,24,Genova / Sestri,1,2.0000,24.9535,20.2631,24.2372,26.2281,25.6783,28.2547,26.2356,26.2779,24.6674,23.5107,25.0655,26.2618,24.6202,27.1933,26.0201
2023-08-04,25,Albenga,0,45.0000,71.3337,20.2631,24.6604,26.5056,25.0407,27.9872,26.5444,26.7369,26.4399,26.6208,26.9090,26.7186,26.4278,26.9677,25.8746
2023-08-04,26,Passo Della Cisa,4,1039.0000,55.9905,20.2631,28.1779,29.4591,28.0874,29.2985,30.2083,29.8202,28.8052,28.9885,29.7346,29.7883,28.7890,29.6963,28.6412
2023-08-04,27,Sarzana / Luni,4,9.0000,94.6868,20.2631,29.4292,28.8379,28.6566,29.1882,30.0712,29.4151,28.8821,29.3633,29.7306,29.4193,28.9057,30.1829,29.1181
2023-08-04,28,Bologna / Borgo Panigale,0,51.0000,41.0210,20.2631,32.4238,30.9525,32.1722,31.8391,32.7109,32.5022,31.8293,32.1200,32.7207,32.4405,31.8205,32.6481,31.9150
2023-08-04,29,Ferrara / Fontana,4,9.0000,39.9528,20.2631,31.6965,30.5964,31.8956,31.6335,32.1188,32.2896,31.7935,31.7293,32.1314,32.2391,31.7699,32.2485,31.6636
2023-08-04,30,Monte Cimone,4,2165.0000,59.3732,20.2631,30.8116,31.0118,29.8804,31.2481,31.4423,31.2933,30.8356,30.5396,30.9612,31.2566,30.8218,31.3302,30.5532
2023-08-04,31,Ferrara,4,10.0000,41.7377,20.2631,31.4955,30.5635,31.8284,31.6477,32.2466,32.3170,31.8263,31.7563,32.1499,32.2738,31.8104,32.1895,31.6079
2023-08-04,32,Bologna / Borgo Panigale,0,36.0000,39.9528,20.2631,32.5385,30.9550,32.1673,31.8370,33.0185,32.5359,31.8627,32.1555,32.7602,32.4745,31.8539,32.6575,31.9221
2023-08-04,33,Punta Marina,1,2.0000,25.9357,20.2631,27.7745,29.6196,29.2807,30.3985,29.6710,30.0067,29.3283,28.3265,29.0796,30.0734,29.3788,29.7850,28.9776
2023-08-04,34,Forli,3,27.0000,33.4500,20.2631,31.3774,31.2098,31.4600,31.6812,32.4783,32.3532,31.1926,31.5581,32.3701,32.3962,31.2338,32.4776,31.4740
2023-08-04,35,Cervia,3,6.0000,25.9357,20.2631,31.8658,30.8101,31.3261,31.5218,32.4504,32.5906,31.0188,31.4743,32.6206,32.5236,30.9446,32.4616,31.3515
2023-08-04,36,Rimini,3,12.0000,52.7910,20.2631,30.4768,30.9853,31.2576,31.9341,32.2872,31.8497,30.8597,30.9991,31.7278,31.8267,30.8270,32.4286,31.3227
2023-08-04,37,Torino / Collegno,2,287.0000,74.9769,20.2631,29.6645,27.8559,28.6953,28.3656,29.6004,29.1952,28.4300,29.0850,29.7143,29.3061,28.4994,29.3928,28.4759
2023-08-04,38,Aosta / Pollein,0,546.0000,20.6866,20.2631,26.5674,27.3546,27.2431,29.3094,28.4866,27.9405,27.3335,27.3057,28.7219,27.8621,27.3650,28.2269,27.9246
2023-08-05,1,Locarno-Magadino,3,197.0000,62.2060,4.6091,25.6590,26.5870,27.2323,29.5350,27.1943,26.8962,26.8292,26.8811,26.8779,26.9371,26.9556,26.8389,27.0751
2023-08-05,2,Lugano,3,273.0000,46.2864,4.6091,25.5071,26.7175,27.8225,29.4784,27.5554,27.1799,27.1084,27.0727,27.0927,27.2152,27.2245,27.4604,27.6951
2023-08-05,3,Paganella,2,2125.0000,86.1858,4.6091,30.6257,29.2280,30.1840,30.6864,29.9220,29.6734,30.1263,30.2564,29.5550,29.7626,30.1858,29.6946,30.1194
2023-08-05,4,Aviano,3,128.0000,53.5302,4.6091,31.6083,28.6639,31.0636,31.3608,29.7582,30.1901,30.8977,30.9825,29.9458,30.2171,30.9192,30.1313,30.7781
2023-08-05,5,Pian Rosa,4,3480.0000,33.9630,4.6091,29.4105,28.0206,27.6429,28.3500,27.7770,28.1959,27.2299,27.1202,27.7555,28.8753,28.0134,28.2072,27.4774
2023-08-05,6,Torino / Caselle,2,301.0000,62.2905,4.6091,28.6860,27.7099,28.5802,28.0588,28.6202,28.8350,28.3857,28.5511,28.8094,28.9524,28.4466,28.7530,28.2981
2023-08-05,7,Torino / Bric Della Croce,2,709.0000,72.5131,4.6091,29.7125,27.7072,28.8255,27.9598,29.4336,29.0610,28.5990,28.6859,28.9133,29.1976,28.6827,29.0108,28.5026
2023-08-05,8,Novara / Cameri,1,178.0000,49.0769,4.6091,29.4980,26.9255,28.3829,28.1423,28.6350,28.7946,28.4970,28.7941,29.1069,28.8619,28.5433,28.5120,28.2526
2023-08-05,9,Milano / Malpensa,1,234.0000,46.2864,4.6091,28.7800,26.9765,28.3035,28.3413,28.6141,28.9448,28.5578,28.8813,29.2880,29.0266,28.6174,28.5290,28.1959
2023-08-05,10,Bergamo / Orio Al Serio,2,238.0000,41.5983,4.6091,29.8811,28.3061,29.9591,29.8495,30.4581,29.8428,29.7639,29.9055,29.9107,29.9465,29.8135,29.7656,29.7199
2023-08-05,11,Milano / Linate,4,107.0000,41.5983,4.6091,29.8343,27.6464,28.9550,28.9450,29.5002,29.5027,29.1951,29.2851,29.4765,29.5202,29.2343,29.1533,28.8949
2023-08-05,12,Piacenza,2,134.0000,55.9905,4.6091,28.8467,28.5890,29.7352,28.7914,29.7196,29.3586,29.2575,29.2754,29.1110,29.3547,29.2064,29.5947,29.4126
2023-08-05,13,Brescia / Ghedi,2,102.0000,45.8189,4.6091,29.5672,29.2436,30.8481,30.3053,30.7464,30.4751,30.5783,30.6219,30.3493,30.4772,30.5497,30.5032,30.5997
2023-08-05,14,Verona / Rivoltella,2,64.0000,25.9799,4.6091,30.2188,29.2508,31.3245,30.6588,31.2959,30.8504,31.0563,31.2239,30.8286,30.8648,31.0537,30.8153,31.0142
2023-08-05,15,Verona / Villafranca,1,67.0000,25.9799,4.6091,31.3539,29.6329,30.8883,31.3112,30.9724,30.8595,30.7438,30.7562,30.7586,30.8973,30.7452,30.8947,30.8617
2023-08-05,16,Padova,3,13.0000,37.0588,4.6091,31.4381,28.8843,30.8917,31.5926,30.5704,30.5778,31.0109,31.0506,30.3369,30.5025,30.9392,30.2432,30.6670
2023-08-05,17,Treviso / Istrana,1,45.0000,37.0588,4.6091,31.4691,28.5889,30.9987,31.5388,30.0958,30.0246,30.8243,30.9212,30.0898,30.0789,30.8436,30.0560,30.7994
2023-08-05,18,Treviso / S. Angelo,1,18.0000,38.0901,4.6091,31.3500,28.5149,31.3366,31.4924,30.8048,30.5180,31.3121,31.3654,30.5452,30.5761,31.3341,30.3666,31.1399
2023-08-05,19,Venezia / Tessera,1,2.0000,39.4195,4.6091,27.8893,27.2622,28.1517,31.3035,26.9849,27.2953,28.1812,27.2302,26.2952,27.2931,28.1391,27.4446,28.2624
2023-08-05,20,Monte Settepani / Caragna,0,1381.0000,55.2369,4.6091,26.5825,26.8933,26.0325,27.9048,27.1238,27.2792,26.5681,26.5400,26.6899,27.1148,26.3985,27.3594,26.6873
2023-08-05,21,Mondovi,0,559.0000,72.5131,4.6091,26.9828,27.5079,27.3882,27.7955,28.1436,28.1553,27.7082,27.6757,27.7371,28.0178,27.5958,28.1288,27.7403
2023-08-05,22,Monte Malanotte,0,1741.0000,85.7364,4.6091,27.0059,27.8599,26.8647,27.7756,28.3331,28.2187,27.7220,27.3865,27.4657,28.0917,27.6117,28.1090,27.6727
2023-08-05,23,Passo Dei Giovi,0,468.0000,24.9535,4.6091,27.8479,27.1652,26.1067,27.9261,27.3624,27.7605,26.8561,27.0863,27.3179,27.6086,26.6762,27.5221,26.6071
2023-08-05,24,Genova / Sestri,1,2.0000,24.9535,4.6091,25.1903,26.8842,27.4054,27.7621,26.7544,27.2293,26.9732,25.9380,25.6551,27.1960,26.9447,27.8628,27.5381
2023-08-05,25,Albenga,0,45.0000,71.3337,4.6091,26.0088,26.7245,26.0506,27.8169,27.0564,27.3803,26.8702,26.9321,27.0373,27.3123,26.8184,27.3166,26.6766
2023-08-05,26,Passo Della Cisa,4,1039.0000,55.9905,4.6091,29.5453,29.4149,28.9892,29.1601,29.9286,29.8201,29.3219,29.2141,29.2499,29.7653,29.2859,29.8096,29.3484
2023-08-05,27,Sarzana / Luni,4,9.0000,94.6868,4.6091,28.3113,28.6754,28.7251,28.8700,29.1014,29.4334,28.9684,28.4335,28.4500,29.4424,29.0035,29.6857,29.2214
2023-08-05,28,Bologna / Borgo Panigale,0,51.0000,41.0210,4.6091,31.9708,30.3967,32.3880,30.9056,32.4295,32.4532,32.3500,32.7926,32.5203,32.4593,32.4064,32.1312,32.0648
2023-08-05,29,Ferrara / Fontana,4,9.0000,39.9528,4.6091,31.1970,29.6475,31.1201,31.0171,30.8320,30.9682,31.0129,31.2372,30.8917,30.9431,30.9934,30.9557,31.0892
2023-08-05,30,Monte Cimone,4,2165.0000,59.3732,4.6091,30.4716,30.6939,30.0235,30.7791,31.1056,31.0141,30.6962,30.4781,30.4613,30.9612,30.6509,30.9279,30.7239
2023-08-05,31,Ferrara,4,10.0000,41.7377,4.6091,31.3089,29.6505,31.1880,31.0453,31.2916,31.1306,31.1852,31.4234,31.0696,31.1284,31.1886,31.0014,31.1449
2023-08-05,32,Bologna / Borgo Panigale,0,36.0000,39.9528,4.6091,32.3917,30.3972,32.3156,30.8946,32.5683,32.4123,32.3136,32.6987,32.4236,32.4171,32.3679,32.0812,32.0183
2023-08-05,33,Punta Marina,1,2.0000,25.9357,4.6091,27.4269,28.3813,29.0972,30.3978,28.7710,28.4046,28.6182,27.7244,27.3616,28.3991,28.5614,28.5639,28.8192
2023-08-05,34,Forli,3,27.0000,33.4500,4.6091,31.2843,29.4725,30.7366,31.0649,31.3819,30.8096,30.3633,30.5926,30.6045,30.8369,30.4059,30.9944,30.6576
2023-08-05,35,Cervia,3,6.0000,25.9357,4.6091,31.0413,28.9867,30.2956,31.1194,31.0165,31.0957,30.6096,30.6636,30.6702,31.0007,30.5189,30.6473,30.2497
2023-08-05,36,Rimini,3,12.0000,52.7910,4.6091,29.5129,28.8390,29.6711,31.5281,29.8399,30.2458,29.7595,29.3372,29.3323,30.1931,29.7123,30.1086,29.7232
2023-08-05,37,Torino / Collegno,2,287.0000,74.9769,4.6091,29.7290,27.8939,29.2881,27.9834,30.0338,29.4765,28.9971,29.3764,29.6376,29.6150,29.0815,29.3788,28.8716
2023-08-05,38,Aosta / Pollein,0,546.0000,20.6866,4.6091,27.4276,28.1292,28.8304,28.3584,28.9535,28.8278,28.9710,28.7126,28.4626,28.7397,28.9167,28.8166,29.1992
2023-08-06,0,Grand St. Bernard / Grand Saint Bernard,3,2472.0000,20.6866,9.9171,26.0000,27.2005,27.5840,28.7819,27.8805,27.6608,27.2419,27.2358,27.5682,27.6480,27.2978,27.4379,27.2296
2023-08-06,1,Locarno-Magadino,3,197.0000,62.2060,9.9171,26.4236,26.7565,27.3411,30.0353,27.4149,27.1233,26.9366,26.9031,27.3553,27.1690,27.0523,27.1400,27.1964
2023-08-06,3,Paganella,2,2125.0000,86.1858,9.9171,29.6124,27.4796,28.6044,29.4241,28.7482,27.9244,28.1109,28.2558,28.0810,28.0073,28.1814,28.1329,28.3717
2023-08-06,4,Aviano,3,128.0000,53.5302,9.9171,30.4080,27.8537,30.2671,30.3643,29.2527,29.2334,29.9501,30.3020,29.4378,29.2299,29.9347,29.3786,29.9498
2023-08-06,5,Pian Rosa,4,3480.0000,33.9630,9.9171,27.3536,27.1545,27.1814,28.8410,27.1059,27.3965,26.6979,26.4690,27.2672,27.7773,27.0677,27.3465,26.7701
2023-08-06,6,Torino / Caselle,2,301.0000,62.2905,9.9171,28.9125,27.9535,28.1209,28.6062,28.6214,29.0482,28.4738,28.6327,29.2516,29.1435,28.5297,28.6996,27.9736
2023-08-06,7,Torino / Bric Della Croce,2,709.0000,72.5131,9.9171,28.6085,28.1541,28.1326,28.5468,28.9201,29.2236,28.5683,28.6298,29.3349,29.3014,28.6016,28.9046,28.0813
2023-08-06,8,Novara / Cameri,1,178.0000,49.0769,9.9171,28.8539,27.8690,28.9804,29.5871,29.1114,29.2840,29.0571,29.1435,29.5141,29.3340,29.0846,29.0801,28.9416
2023-08-06,9,Milano / Malpensa,1,234.0000,46.2864,9.9171,29.2911,27.8849,29.2918,29.6592,29.3747,29.4457,29.2187,29.3199,29.6981,29.4965,29.2448,29.2928,29.1672
2023-08-06,10,Bergamo / Orio Al Serio,2,238.0000,41.5983,9.9171,30.2518,28.5254,29.9219,29.7633,30.1857,29.9541,29.8175,30.3990,30.6716,30.0506,29.8723,29.7780,29.6876
2023-08-06,11,Milano / Linate,4,107.0000,41.5983,9.9171,30.2479,28.4566,30.0777,29.8092,30.3545,30.3041,30.2439,30.2691,30.8155,30.3162,30.2739,29.9620,29.9135
2023-08-06,12,Piacenza,2,134.0000,55.9905,9.9171,30.7758,29.0505,30.0778,29.8782,30.2040,29.7715,29.6172,29.6695,29.8534,29.7725,29.5811,30.0317,29.7415
2023-08-06,13,Brescia / Ghedi,2,102.0000,45.8189,9.9171,30.1658,29.2427,30.7550,30.1124,30.5517,30.6394,30.5192,30.9062,31.0594,30.6315,30.4888,30.5044,30.4642
2023-08-06,14,Verona / Rivoltella,2,64.0000,25.9799,9.9171,31.2319,29.1826,30.7981,30.3840,30.8113,30.7237,30.5958,31.0189,31.1488,30.7233,30.5850,30.5127,30.5386
2023-08-06,15,Verona / Villafranca,1,67.0000,25.9799,9.9171,30.3504,29.3908,30.6609,31.1547,30.2574,30.5617,30.9477,30.9440,30.5949,30.6187,30.9772,30.2321,30.6018
2023-08-06,16,Padova,3,13.0000,37.0588,9.9171,30.5086,28.5525,30.3495,30.8614,29.9436,30.2736,30.6171,31.0118,30.4895,30.2304,30.5688,29.8284,30.2004
2023-08-06,17,Treviso / Istrana,1,45.0000,37.0588,9.9171,30.1379,27.8972,29.7266,30.6177,29.4088,29.0528,29.7096,29.7441,29.1972,29.0826,29.7065,29.0622,29.6641
2023-08-06,18,Treviso / S. Angelo,1,18.0000,38.0901,9.9171,30.1489,27.7968,29.7446,30.5893,29.1378,29.0795,29.7234,29.6652,29.1334,29.0806,29.6919,29.1921,29.8013
2023-08-06,19,Venezia / Tessera,1,2.0000,39.4195,9.9171,27.0951,26.6882,27.3427,30.5572,26.1102,26.9122,27.5410,26.2849,25.7448,26.9388,27.5277,26.9095,27.5196
2023-08-06,20,Monte Settepani / Caragna,0,1381.0000,55.2369,9.9171,27.1289,28.3902,27.2141,28.8185,28.5567,28.6715,27.8014,27.7515,28.3825,28.5670,27.6866,28.7912,27.9739
2023-08-06,21,Mondovi,0,559.0000,72.5131,9.9171,28.1102,28.8162,28.3970,28.3783,29.8759,29.5111,28.7427,28.6897,29.3903,29.3432,28.5693,29.4397,28.8198
2023-08-06,22,Monte Malanotte,0,1741.0000,85.7364,9.9171,27.4400,28.9465,27.9618,28.3483,30.0277,29.5004,28.7410,28.5176,29.1900,29.3372,28.5734,29.3927,28.7391
2023-08-06,23,Passo Dei Giovi,0,468.0000,24.9535,9.9171,28.6575,28.2891,27.4534,29.4773,28.9269,28.9496,28.1613,28.5127,28.9510,28.7642,27.9478,28.7768,27.9110
2023-08-06,24,Genova / Sestri,1,2.0000,24.9535,9.9171,26.2759,27.8424,28.2613,29.2750,28.4812,27.9953,27.4277,26.3111,26.7475,27.9598,27.4091,28.9843,28.4200
2023-08-06,25,Albenga,0,45.0000,71.3337,9.9171,26.6824,28.4999,27.8074,28.6148,29.0817,28.9974,28.6187,28.7090,28.9964,28.9558,28.5804,29.2293,28.4361
2023-08-06,26,Passo Della Cisa,4,1039.0000,55.9905,9.9171,30.1682,29.5128,29.2869,30.0087,29.9169,29.9197,29.8330,29.9634,30.2540,29.8694,29.8157,29.8557,29.5629
2023-08-06,27,Sarzana / Luni,4,9.0000,94.6868,9.9171,28.4856,28.7636,28.8954,29.8202,29.4509,29.5453,29.3491,28.6412,28.9514,29.5546,29.3867,29.7891,29.3993
2023-08-06,28,Bologna / Borgo Panigale,0,51.0000,41.0210,9.9171,32.1136,31.1546,32.2344,31.7538,32.4965,32.2916,32.1668,32.4302,32.4252,32.2907,32.1938,32.2902,32.2516
2023-08-06,31,Ferrara,4,10.0000,41.7377,9.9171,31.7135,30.4233,31.6825,31.1764,31.6963,31.8269,31.6308,31.8430,32.0823,31.8050,31.6187,31.6499,31.6662
2023-08-06,32,Bologna / Borgo Panigale,0,36.0000,39.9528,9.9171,31.6671,31.1571,32.1858,31.7445,32.5767,32.3129,32.1871,32.4552,32.4488,32.3103,32.2123,32.2623,32.2237
2023-08-06,33,Punta Marina,1,2.0000,25.9357,9.9171,28.5158,29.2576,29.7082,30.6924,29.2000,29.4078,29.4750,28.1879,28.0199,29.4428,29.4671,29.4023,29.5035
2023-08-06,34,Forli,3,27.0000,33.4500,9.9171,31.0940,30.1836,31.1957,31.5274,31.6127,31.0520,30.4368,31.3239,31.4122,31.0932,30.5004,31.4757,31.1437
2023-08-06,35,Cervia,3,6.0000,25.9357,9.9171,31.5585,29.7578,30.8866,31.3598,31.2498,31.6159,30.9734,31.4216,31.4659,31.5423,30.9081,31.2104,30.8441
2023-08-06,36,Rimini,3,12.0000,52.7910,9.9171,30.8052,29.6020,30.4680,31.5727,30.8847,30.7967,30.3352,30.7009,30.7212,30.7641,30.3047,30.8592,30.5046
2023-08-06,37,Torino / Collegno,2,287.0000,74.9769,9.9171,29.4045,28.1512,28.9052,28.5277,29.8262,29.6325,28.9931,29.0257,29.7116,29.7407,29.0586,29.3873,28.5872
2023-08-06,38,Aosta / Pollein,0,546.0000,20.6866,9.9171,27.4276,27.2504,26.5370,28.7667,28.1845,27.8015,26.6631,26.7515,27.7777,27.7533,26.6863,27.7562,27.2069
2023-08-07,0,Grand St. Bernard / Grand Saint Bernard,3,2472.0000,20.6866,4.2884,27.2422,28.5060,29.0149,30.7313,29.6588,29.0383,28.6133,28.3873,28.8648,28.9847,28.6029,28.7940,28.6046
2023-08-07,1,Locarno-Magadino,3,197.0000,62.2060,4.2884,28.3435,28.6606,28.8449,30.9531,29.0708,28.9067,28.3223,28.2897,29.0002,28.9358,28.4343,28.9849,28.8020
2023-08-07,2,Lugano,3,273.0000,46.2864,4.2884,28.3950,28.9988,29.0465,30.9127,29.8006,29.4101,28.8066,28.6322,29.3719,29.4260,28.9018,29.4273,29.2262
2023-08-07,3,Paganella,2,2125.0000,86.1858,4.2884,28.4449,27.9485,28.0270,28.9096,28.4509,28.2529,27.9161,28.0393,28.3976,28.3121,27.9644,28.2923,27.9806
2023-08-07,4,Aviano,3,128.0000,53.5302,4.2884,28.3683,26.9296,28.2369,28.6422,27.8705,28.2772,27.9183,28.1684,28.1582,28.2918,27.9336,28.3024,27.9160
2023-08-07,5,Pian Rosa,4,3480.0000,33.9630,4.2884,28.3835,27.9895,27.4433,30.7048,27.7409,28.2382,27.4155,27.4227,28.0241,28.4833,27.6470,28.1443,27.5063
2023-08-07,6,Torino / Caselle,2,301.0000,62.2905,4.2884,31.3528,30.1238,31.0624,30.4949,31.1428,31.4207,31.0663,31.4604,31.7200,31.5635,31.1565,31.1883,30.8389
2023-08-07,7,Torino / Bric Della Croce,2,709.0000,72.5131,4.2884,31.2087,30.1196,31.2081,30.4343,31.6471,31.4349,31.1287,31.2304,31.4190,31.5677,31.2080,31.3168,30.9940
2023-08-07,8,Novara / Cameri,1,178.0000,49.0769,4.2884,31.2785,29.7752,30.9323,30.7039,31.3697,31.5704,31.0898,31.3673,31.8942,31.6380,31.1248,31.2473,30.8818
2023-08-07,9,Milano / Malpensa,1,234.0000,46.2864,4.2884,31.0929,29.7969,30.7830,30.7211,31.2538,31.6107,31.0801,31.3636,31.9412,31.6978,31.1338,31.1730,30.7600
2023-08-07,10,Bergamo / Orio Al Serio,2,238.0000,41.5983,4.2884,31.2042,30.2741,31.4257,30.5697,32.1371,31.8358,31.3019,31.6717,32.2764,31.9423,31.3623,31.6989,31.2588
2023-08-07,11,Milano / Linate,4,107.0000,41.5983,4.2884,31.0287,30.1739,31.2826,30.8432,31.9538,31.8995,31.4193,31.3485,31.9861,31.9147,31.4537,31.6052,31.2887
2023-08-07,12,Piacenza,2,134.0000,55.9905,4.2884,30.7000,29.8360,30.5309,30.4874,30.8105,30.5286,30.1905,30.3661,30.6544,30.5220,30.1313,30.6810,30.2979
2023-08-07,13,Brescia / Ghedi,2,102.0000,45.8189,4.2884,30.9914,30.0030,31.2781,30.3385,31.6221,31.4258,31.0166,31.1093,31.5513,31.4263,30.9848,31.4231,31.0298
2023-08-07,14,Verona / Rivoltella,2,64.0000,25.9799,4.2884,30.6736,29.5059,30.7744,30.1127,31.3624,31.0092,30.6217,30.7675,31.1975,31.0219,30.6171,30.9341,30.5502
2023-08-07,15,Verona / Villafranca,1,67.0000,25.9799,4.2884,29.8943,29.2690,30.1663,30.0185,30.0511,30.2377,29.9867,30.0175,30.2540,30.2628,29.9834,30.3218,30.0995
2023-08-07,16,Padova,3,13.0000,37.0588,4.2884,29.7536,27.6495,28.9246,29.1079,29.1239,29.6498,29.1997,29.3766,29.5447,29.5786,29.1276,29.2683,28.8102
2023-08-07,18,Treviso / S. Angelo,1,18.0000,38.0901,4.2884,28.2693,27.0231,28.5866,28.8654,28.4374,28.6129,28.5892,28.4458,28.5019,28.6382,28.5818,28.6719,28.6302
2023-08-07,19,Venezia / Tessera,1,2.0000,39.4195,4.2884,25.7498,25.9693,25.9516,28.6706,25.4597,26.1740,26.0667,24.5772,24.6955,26.1896,26.0408,26.1911,26.0843
2023-08-07,20,Monte Settepani / Caragna,0,1381.0000,55.2369,4.2884,29.2344,28.7945,27.9226,30.5268,28.5953,29.1500,28.6109,28.2801,28.5920,29.0392,28.5023,29.1008,28.6121
2023-08-07,21,Mondovi,0,559.0000,72.5131,4.2884,29.8322,29.3870,29.2145,30.3372,29.8781,30.2076,29.7269,29.5804,29.9427,30.0265,29.5708,30.0122,29.6503
2023-08-07,22,Monte Malanotte,0,1741.0000,85.7364,4.2884,29.7244,29.0720,28.3963,30.3219,29.5160,29.6963,29.1978,28.3921,28.7518,29.4903,29.0091,29.5829,29.1999
2023-08-07,23,Passo Dei Giovi,0,468.0000,24.9535,4.2884,29.3242,28.9619,29.0197,30.5144,29.4801,29.8557,29.2942,29.2722,29.5347,29.6073,29.0420,29.6411,29.0505
2023-08-07,24,Genova / Sestri,1,2.0000,24.9535,4.2884,28.3441,28.8160,29.1486,30.0961,28.9834,29.3085,29.0287,28.1106,28.0670,29.2905,29.0036,29.6598,29.3750
2023-08-07,25,Albenga,0,45.0000,71.3337,4.2884,29.0123,29.0375,28.7106,30.3616,29.7875,30.0405,29.5787,29.5566,29.8318,29.9256,29.4850,29.8225,29.3486
2023-08-07,26,Passo Della Cisa,4,1039.0000,55.9905,4.2884,31.1485,29.8897,29.9348,29.9055,30.2554,30.4073,30.1003,30.0976,30.3815,30.3325,30.0512,30.3789,30.0461
2023-08-07,27,Sarzana / Luni,4,9.0000,94.6868,4.2884,28.7373,29.9367,30.1797,29.5932,30.7400,30.7580,30.4283,30.0101,30.2619,30.7704,30.4706,30.9145,30.5552
2023-08-07,28,Bologna / Borgo Panigale,0,51.0000,41.0210,4.2884,32.1402,30.3146,31.1173,30.1381,32.1826,32.1281,31.2318,31.6147,32.2468,32.1411,31.3106,31.8654,31.0088
2023-08-07,29,Ferrara / Fontana,4,9.0000,39.9528,4.2884,29.9870,29.2909,30.3720,29.2967,30.5556,30.6919,30.2250,30.3924,30.7344,30.6626,30.2000,30.6704,30.2390
2023-08-07,30,Monte Cimone,4,2165.0000,59.3732,4.2884,29.2099,30.1515,29.8056,30.4147,30.7026,30.5787,30.2151,30.3618,30.6906,30.5163,30.1610,30.5515,30.2025
2023-08-07,31,Ferrara,4,10.0000,41.7377,4.2884,30.1083,29.2726,30.4547,29.2902,30.8358,30.8488,30.3915,30.5884,30.9232,30.8427,30.3918,30.7246,30.2970
2023-08-07,32,Bologna / Borgo Panigale,0,36.0000,39.9528,4.2884,32.2585,30.3134,31.0689,30.1163,32.1404,32.1050,31.2062,31.5791,32.2165,32.1159,31.2817,31.8386,30.9780
2023-08-07,33,Punta Marina,1,2.0000,25.9357,4.2884,25.9482,28.1976,27.7373,28.5359,28.4554,28.2004,27.0330,25.8457,26.8676,28.1965,26.9753,28.3571,27.2931
2023-08-07,34,Forli,3,27.0000,33.4500,4.2884,29.0102,29.1620,29.4120,29.5270,30.9992,30.4431,29.2292,29.4742,30.4624,30.4683,29.2718,30.5602,29.5417
2023-08-07,36,Rimini,3,12.0000,52.7910,4.2884,27.4773,28.2480,28.0577,29.5483,29.4679,29.5490,28.2500,27.8218,28.8754,29.4990,28.1957,29.4155,28.2751
2023-08-07,37,Torino / Collegno,2,287.0000,74.9769,4.2884,31.9930,30.3122,31.6324,30.4390,32.0994,31.8996,31.5808,32.0152,32.2203,32.0179,31.6451,31.6729,31.3413
2023-08-07,38,Aosta / Pollein,0,546.0000,20.6866,4.2884,29.0511,28.8634,28.4463,30.7026,29.7306,29.6475,28.7152,28.8390,29.4456,29.5620,28.6601,29.5600,29.0339
2023-08-08,0,Grand St. Bernard / Grand Saint Bernard,3,2472.0000,20.6866,17.7289,29.9767,30.7066,30.4984,29.7090,32.2047,31.3663,29.9562,29.7866,31.5104,31.1828,29.7887,31.0889,29.8150
2023-08-08,1,Locarno-Magadino,3,197.0000,62.2060,17.7289,28.2957,29.4028,29.0283,30.6801,29.8289,29.5717,29.1201,29.2571,30.1044,29.5999,29.2138,29.5783,29.1003
2023-08-08,2,Lugano,3,273.0000,46.2864,17.7289,28.6651,29.4498,29.5308,30.6987,30.1349,29.6831,28.9912,28.5749,29.9206,29.7129,29.1242,30.1003,29.6312
2023-08-08,3,Paganella,2,2125.0000,86.1858,17.7289,29.7999,29.0501,28.9850,30.5077,29.4526,29.2495,29.2841,29.3413,29.3808,29.2827,29.3042,29.3563,29.1360
2023-08-08,4,Aviano,3,128.0000,53.5302,17.7289,29.5344,29.7463,30.9844,30.2285,30.6490,30.5674,30.2698,30.5650,30.8417,30.6077,30.3175,31.0153,30.8713
2023-08-08,5,Pian Rosa,4,3480.0000,33.9630,17.7289,29.8053,29.8742,29.0555,29.8132,29.8798,29.9072,28.6791,29.0040,30.3215,30.7164,29.4500,30.0811,28.7843
2023-08-08,6,Torino / Caselle,2,301.0000,62.2905,17.7289,29.1238,30.2186,30.1863,30.2475,31.2176,31.0084,30.2503,30.4898,31.4654,31.0614,30.2447,31.0721,30.2448
2023-08-08,7,Torino / Bric Della Croce,2,709.0000,72.5131,17.7289,30.4582,30.1347,30.2010,30.3923,30.9840,31.0762,30.4007,30.5314,31.3928,31.1624,30.4314,31.0636,30.2591
2023-08-08,8,Novara / Cameri,1,178.0000,49.0769,17.7289,31.7388,30.2846,30.7572,30.9599,31.6254,31.9869,31.1566,31.3031,32.4007,32.0654,31.2222,31.6304,30.8132
2023-08-08,9,Milano / Malpensa,1,234.0000,46.2864,17.7289,31.4062,30.2142,30.9579,30.9523,31.5633,31.9116,31.0651,31.3154,32.4298,31.9645,31.1074,31.7534,30.9123
2023-08-08,10,Bergamo / Orio Al Serio,2,238.0000,41.5983,17.7289,30.2586,29.8915,30.9053,30.6070,31.5866,30.7769,30.4272,30.5920,31.2937,30.8516,30.4505,31.1948,30.7656
2023-08-08,11,Milano / Linate,4,107.0000,41.5983,17.7289,31.5772,30.3608,31.3880,30.9303,32.0569,32.1065,31.5720,31.8296,32.7084,32.1101,31.5978,31.8962,31.3098
2023-08-08,12,Piacenza,2,134.0000,55.9905,17.7289,30.8648,29.9193,30.7804,30.7924,30.7815,31.1642,30.7965,30.7549,31.3311,31.1526,30.7151,30.9366,30.5066
2023-08-08,13,Brescia / Ghedi,2,102.0000,45.8189,17.7289,30.5107,29.8056,31.6123,30.7829,31.4249,30.9501,30.9485,31.1609,31.4133,31.0031,30.9515,31.3900,31.1605
2023-08-08,15,Verona / Villafranca,1,67.0000,25.9799,17.7289,31.5973,29.6260,30.3255,30.8521,30.4183,30.9460,30.6109,30.8319,31.2360,30.9853,30.6488,30.7514,30.2054
2023-08-08,16,Padova,3,13.0000,37.0588,17.7289,30.5629,28.8143,30.3878,30.3630,30.5655,30.5885,30.0956,30.0804,30.5217,30.5394,30.0537,30.5492,30.2683
2023-08-08,17,Treviso / Istrana,1,45.0000,37.0588,17.7289,31.0366,29.0678,29.8906,30.3882,30.5304,30.5428,30.1382,30.2040,30.7382,30.5943,30.1819,30.6297,29.9389
2023-08-08,18,Treviso / S. Angelo,1,18.0000,38.0901,17.7289,30.3158,28.9133,29.7971,30.3011,30.4570,30.9380,30.4974,30.2735,30.8456,30.9922,30.5435,30.6538,29.9064
2023-08-08,19,Venezia / Tessera,1,2.0000,39.4195,17.7289,28.0222,27.9869,27.4813,29.8824,27.6576,29.1235,28.5747,28.0420,28.6903,29.2113,28.6485,28.3194,27.4173
2023-08-08,20,Monte Settepani / Caragna,0,1381.0000,55.2369,17.7289,28.1466,28.7389,27.5532,30.3044,28.4980,28.8227,27.9080,27.1299,28.6894,28.7509,27.9159,29.0114,28.2477
2023-08-08,21,Mondovi,0,559.0000,72.5131,17.7289,29.3661,29.6590,29.4102,30.5298,30.4669,30.1398,29.2853,29.4028,30.7205,29.9744,29.1716,30.5260,29.7580
2023-08-08,22,Monte Malanotte,0,1741.0000,85.7364,17.7289,28.9194,29.5606,27.8047,30.5260,29.5239,29.6704,28.8118,28.1265,29.4744,29.5635,28.7517,29.6072,28.8371
2023-08-08,23,Passo Dei Giovi,0,468.0000,24.9535,17.7289,28.8412,28.9293,28.2585,30.2272,28.9744,29.4451,28.6537,28.4294,29.8784,29.3253,28.5930,29.1819,28.4775
2023-08-08,24,Genova / Sestri,1,2.0000,24.9535,17.7289,28.6092,28.5133,29.0807,29.6942,29.6139,29.4566,28.9093,28.8590,29.1338,29.4553,28.8989,29.7390,29.0604
2023-08-08,25,Albenga,0,45.0000,71.3337,17.7289,26.6076,28.4256,27.2881,30.2885,28.3765,28.5866,27.6249,26.6007,28.2329,28.5731,27.7272,28.8286,28.0651
2023-08-08,26,Passo Della Cisa,4,1039.0000,55.9905,17.7289,28.7849,28.8480,28.6932,30.0760,29.4879,29.6520,29.2279,29.3576,30.2061,29.5642,29.1669,29.3156,28.8301
2023-08-08,27,Sarzana / Luni,4,9.0000,94.6868,17.7289,29.0462,28.0770,28.9395,29.6513,29.7739,29.2150,28.7644,29.4403,30.2828,29.1682,28.7421,29.6596,29.1357
2023-08-08,28,Bologna / Borgo Panigale,0,51.0000,41.0210,17.7289,30.7817,29.2471,29.6276,30.1729,30.5254,30.7229,30.1038,30.5290,30.9374,30.7292,30.1650,30.4607,29.5168
2023-08-08,29,Ferrara / Fontana,4,9.0000,39.9528,17.7289,29.7010,28.9902,30.0805,29.6930,30.2689,30.3707,29.9649,30.0216,30.5409,30.3517,29.9506,30.4273,29.8029
2023-08-08,30,Monte Cimone,4,2165.0000,59.3732,17.7289,28.6379,28.6880,28.1818,30.4051,29.2794,29.3219,29.0255,29.0697,29.7397,29.2552,28.9704,29.1434,28.6235
2023-08-08,31,Ferrara,4,10.0000,41.7377,17.7289,28.8905,28.9948,30.0667,29.7194,30.4294,30.4052,30.0053,30.0615,30.5734,30.3920,29.9973,30.4200,29.8035
2023-08-08,33,Punta Marina,1,2.0000,25.9357,17.7289,24.1981,26.9059,24.9231,27.6245,26.2688,26.8731,24.8327,24.4069,26.0486,26.8656,24.8387,26.9935,24.8011
2023-08-08,34,Forli,3,27.0000,33.4500,17.7289,28.3397,28.5262,28.5599,28.3771,30.0304,28.9986,27.5457,28.0395,28.8996,29.0012,27.5553,29.7656,28.6383
2023-08-08,35,Cervia,3,6.0000,25.9357,17.7289,24.4984,27.2095,26.3686,27.9340,27.7510,27.5658,25.7734,25.7032,26.7343,27.5531,25.7589,27.9981,26.7066
2023-08-08,36,Rimini,3,12.0000,52.7910,17.7289,24.3055,27.4045,26.8711,27.7354,27.8591,27.6533,26.2383,26.1040,26.9229,27.6488,26.2174,28.3488,27.0727
2023-08-08,37,Torino / Collegno,2,287.0000,74.9769,17.7289,30.5964,30.3530,30.8086,30.3363,31.9407,31.4070,30.6929,31.0117,31.9037,31.5071,30.7401,31.5664,30.7429
2023-08-08,38,Aosta / Pollein,0,546.0000,20.6866,17.7289,29.1062,30.3299,29.4151,29.7764,31.3295,30.7301,29.6447,29.1031,30.5791,30.6118,29.4686,31.0400,30.2137
2023-08-09,0,Grand St. Bernard / Grand Saint Bernard,3,2472.0000,20.6866,5.9790,25.5749,27.0128,26.5401,26.0861,28.2238,27.5055,25.6356,25.5450,27.5485,27.4316,25.5157,27.3490,25.6561
2023-08-09,1,Locarno-Magadino,3,197.0000,62.2060,5.9790,26.5113,26.8745,26.9328,29.1877,28.0606,27.1894,26.5380,26.3121,27.2028,27.2451,26.6167,27.5014,26.6577
2023-08-09,2,Lugano,3,273.0000,46.2864,5.9790,27.0846,26.8226,26.9349,29.1772,27.9077,27.6628,26.8010,26.6957,27.8863,27.6906,26.8712,27.6444,26.8233
2023-08-09,3,Paganella,2,2125.0000,86.1858,5.9790,27.5675,28.1403,28.0924,28.5777,28.7098,28.2028,28.1253,28.0201,28.2116,28.2228,28.1263,28.4012,28.2198
2023-08-09,4,Aviano,3,128.0000,53.5302,5.9790,27.8229,27.9847,29.0742,29.1792,28.7069,28.3666,28.1975,28.1413,28.2515,28.4124,28.2560,28.9137,29.0756
2023-08-09,6,Torino / Caselle,2,301.0000,62.2905,5.9790,27.5636,27.9036,27.2850,26.8302,28.6614,28.5549,27.1559,27.3231,28.6925,28.6413,27.2062,28.7203,27.2880
2023-08-09,7,Torino / Bric Della Croce,2,709.0000,72.5131,5.9790,29.0398,28.3743,28.3826,27.0278,30.0000,29.6003,28.2175,28.3348,29.6755,29.7307,28.3126,29.6634,28.2179
2023-08-09,8,Novara / Cameri,1,178.0000,49.0769,5.9790,27.8354,27.5121,27.8150,28.8608,28.9299,28.5649,27.5961,27.5730,28.6991,28.5623,27.5748,28.7978,27.8354
2023-08-09,9,Milano / Malpensa,1,234.0000,46.2864,5.9790,28.1580,27.4459,27.7739,28.9492,28.8477,28.7260,27.8176,27.9512,29.0189,28.7412,27.8182,28.7124,27.7888
2023-08-09,10,Bergamo / Orio Al Serio,2,238.0000,41.5983,5.9790,28.4776,28.1194,29.4306,29.1700,30.2091,29.4374,28.9827,29.0955,29.7599,29.5546,29.0388,29.6366,29.0972
2023-08-09,11,Milano / Linate,4,107.0000,41.5983,5.9790,29.7249,28.4472,28.9895,29.0943,30.3215,30.2427,29.2963,29.2214,30.4389,30.2637,29.3480,29.9624,29.0420
2023-08-09,12,Piacenza,2,134.0000,55.9905,5.9790,28.2848,29.3458,29.0334,28.9415,30.0509,30.0644,29.0715,29.1334,30.2520,30.0568,28.9837,30.0051,29.0249
2023-08-09,13,Brescia / Ghedi,2,102.0000,45.8189,5.9790,31.1816,29.0148,31.0346,29.4657,31.2416,31.1054,30.7756,31.0283,31.5059,31.2147,30.8411,30.9252,30.4912
2023-08-09,15,Verona / Villafranca,1,67.0000,25.9799,5.9790,30.7346,28.8581,29.5376,29.8910,30.2013,30.0400,29.4220,29.4439,30.0974,30.0688,29.4105,30.0318,29.4067
2023-08-09,16,Padova,3,13.0000,37.0588,5.9790,30.0727,27.8278,30.0826,29.4409,29.5866,30.0948,29.7688,29.7175,29.9739,30.0171,29.7068,29.7172,29.7074
2023-08-09,17,Treviso / Istrana,1,45.0000,37.0588,5.9790,29.2950,27.7083,28.5223,29.3227,29.0248,29.1555,28.7119,29.0356,29.4729,29.2157,28.7495,29.1221,28.5483
2023-08-09,18,Treviso / S. Angelo,1,18.0000,38.0901,5.9790,29.1120,27.5303,28.2538,29.3005,28.5654,29.1913,28.7413,28.5506,28.9941,29.2513,28.7802,29.0029,28.3977
2023-08-09,19,Venezia / Tessera,1,2.0000,39.4195,5.9790,28.2190,26.7169,26.3009,29.1306,26.4629,28.2371,27.7264,27.0315,27.5123,28.3421,27.8072,27.0179,26.3174
2023-08-09,20,Monte Settepani / Caragna,0,1381.0000,55.2369,5.9790,24.7111,27.6050,25.7920,27.5056,27.3698,27.9285,26.5854,26.5779,27.8494,27.8541,26.4868,27.7696,26.5197
2023-08-09,21,Mondovi,0,559.0000,72.5131,5.9790,27.2294,28.0965,26.9792,27.1475,28.5717,28.6955,27.5407,27.4636,28.6340,28.6037,27.4676,28.5713,27.4560
2023-08-09,22,Monte Malanotte,0,1741.0000,85.7364,5.9790,25.7499,27.6786,26.0042,27.1216,28.0978,28.0816,26.8971,26.5511,27.7335,28.0073,26.8185,27.9850,26.8461
2023-08-09,23,Passo Dei Giovi,0,468.0000,24.9535,5.9790,27.4785,28.5081,27.2017,28.1656,28.8976,29.2974,27.7273,27.8073,29.2518,29.1583,27.5625,28.9685,27.5736
2023-08-09,24,Genova / Sestri,1,2.0000,24.9535,5.9790,26.7411,28.1176,27.3097,27.6979,27.9364,28.8947,27.2219,26.2940,27.8860,28.8904,27.1848,29.0809,27.5542
2023-08-09,25,Albenga,0,45.0000,71.3337,5.9790,26.2091,27.6475,26.2164,27.2903,27.8717,28.0307,26.7104,26.6818,27.9367,27.9869,26.6781,28.1222,26.8908
2023-08-09,26,Passo Della Cisa,4,1039.0000,55.9905,5.9790,27.7807,29.1779,28.1339,28.7544,29.7080,29.6010,28.2259,28.2895,29.7147,29.5351,28.1528,29.6572,28.5192
2023-08-09,27,Sarzana / Luni,4,9.0000,94.6868,5.9790,30.0805,29.1081,29.2755,28.3243,31.0418,31.0643,29.7439,29.6414,30.9651,31.0921,29.8039,30.7367,29.5960
2023-08-09,28,Bologna / Borgo Panigale,0,51.0000,41.0210,5.9790,30.6566,30.3886,30.8280,29.8742,32.0228,32.0509,30.7754,31.0899,32.1479,32.0595,30.8391,31.8148,30.8359
2023-08-09,30,Monte Cimone,4,2165.0000,59.3732,5.9790,27.1129,29.5499,27.7967,29.8114,29.5807,29.6525,28.4399,28.3182,29.5153,29.6371,28.4026,29.6480,28.7195
2023-08-09,31,Ferrara,4,10.0000,41.7377,5.9790,30.2758,29.3235,30.8057,29.6744,31.2733,31.3106,30.5813,30.7107,31.3904,31.3270,30.6026,31.0169,30.5290
2023-08-09,32,Bologna / Borgo Panigale,0,36.0000,39.9528,5.9790,30.9494,30.3868,30.7900,29.8565,31.9957,32.0432,30.7707,31.0887,32.1444,32.0494,30.8306,31.7885,30.8123
2023-08-09,33,Punta Marina,1,2.0000,25.9357,5.9790,28.5046,28.5190,27.6837,28.6859,28.2343,29.6928,28.0299,27.2795,28.7256,29.7810,28.0709,28.7169,27.0876
2023-08-09,34,Forli,3,27.0000,33.4500,5.9790,30.0334,29.8187,30.5915,28.9759,31.2187,31.3778,30.1809,30.5194,31.2972,31.3389,30.1865,31.0555,30.5420
2023-08-09,35,Cervia,3,6.0000,25.9357,5.9790,28.1618,29.0796,30.1818,28.9079,30.3460,30.5496,29.3483,29.4653,30.1763,30.5493,29.4031,30.5301,30.1023
2023-08-09,36,Rimini,3,12.0000,52.7910,5.9790,27.3923,28.6823,29.2921,28.9381,29.3686,30.1573,29.0004,28.9623,29.6428,30.0924,28.9763,29.8190,29.4074
2023-08-09,37,Torino / Collegno,2,287.0000,74.9769,5.9790,28.9093,28.2110,28.5310,26.9133,30.2907,29.1623,27.7509,27.9585,29.3155,29.2680,27.8202,29.7032,28.2590
2023-08-09,38,Aosta / Pollein,0,546.0000,20.6866,5.9790,25.4392,26.9524,25.5584,26.1836,27.7561,27.5245,26.1538,26.1077,27.2641,27.4309,26.0398,27.5684,26.3555
2023-08-10,0,Grand St. Bernard / Grand Saint Bernard,3,2472.0000,20.6866,7.0316,25.9995,26.5983,26.6182,28.5301,28.0794,27.1853,26.2228,25.9601,27.0021,27.1391,26.2504,26.9568,26.1293
2023-08-10,1,Locarno-Magadino,3,197.0000,62.2060,7.0316,26.7988,27.2370,27.0049,29.5459,28.1214,27.5740,26.5924,26.3891,27.7199,27.6336,26.7705,27.6384,27.0760
2023-08-10,2,Lugano,3,273.0000,46.2864,7.0316,27.6458,27.4352,27.3529,29.5153,28.4792,27.7657,26.8098,26.5410,27.8723,27.8058,26.9602,28.0549,27.4913
2023-08-10,3,Paganella,2,2125.0000,86.1858,7.0316,27.8872,28.3379,28.2148,28.0189,29.0316,28.7691,28.0962,28.2903,29.1239,28.8332,28.1691,28.7795,28.0437
2023-08-10,4,Aviano,3,128.0000,53.5302,7.0316,30.9815,28.9899,30.0475,30.3680,30.6292,30.6344,29.8346,30.2318,30.6420,30.6316,29.8200,30.7183,29.8121
2023-08-10,5,Pian Rosa,4,3480.0000,33.9630,7.0316,25.3332,26.1697,25.5226,28.5830,26.0879,26.3520,25.6173,25.3727,26.1914,27.0301,26.3333,26.3347,25.5970
2023-08-10,6,Torino / Caselle,2,301.0000,62.2905,7.0316,28.8522,27.6247,27.7455,28.3391,28.6837,28.8292,27.9950,28.5529,29.4888,28.9418,28.0570,28.6049,27.6446
2023-08-10,7,Torino / Bric Della Croce,2,709.0000,72.5131,7.0316,28.3640,27.4247,28.1433,28.2678,29.0984,28.8374,27.9828,28.3456,29.2657,28.9736,28.0712,28.8866,27.8671
2023-08-10,8,Novara / Cameri,1,178.0000,49.0769,7.0316,29.3010,27.9788,29.1118,28.8691,29.5524,29.8382,29.1367,29.3056,30.1282,29.9136,29.1882,29.6132,28.9646
2023-08-10,9,Milano / Malpensa,1,234.0000,46.2864,7.0316,29.3535,28.1391,28.9172,29.0021,29.6570,29.8278,29.1330,29.4622,30.2816,29.9039,29.1852,29.5166,28.8675
2023-08-10,10,Bergamo / Orio Al Serio,2,238.0000,41.5983,7.0316,29.5797,28.7331,29.3741,29.5665,30.2061,30.2635,29.4887,29.9972,31.0203,30.3717,29.5556,30.0175,29.2163
2023-08-10,11,Milano / Linate,4,107.0000,41.5983,7.0316,28.9808,28.3191,29.4389,29.0436,30.1334,30.2058,29.6167,29.5810,30.6538,30.2186,29.6509,29.8812,29.2966
2023-08-10,12,Piacenza,2,134.0000,55.9905,7.0316,28.3651,27.8248,27.5270,28.3479,28.6872,28.4123,27.2429,27.1579,28.3276,28.4124,27.1872,28.6668,27.4848
2023-08-10,13,Brescia / Ghedi,2,102.0000,45.8189,7.0316,29.8249,29.1597,30.0661,29.5357,30.8345,30.6030,29.7598,30.1408,31.1335,30.5982,29.7253,30.6941,29.7918
2023-08-10,15,Verona / Villafranca,1,67.0000,25.9799,7.0316,30.2980,29.5433,30.1558,30.0335,30.9098,30.8657,30.0326,30.2705,31.1569,30.9035,30.0449,30.9296,30.0963
2023-08-10,16,Padova,3,13.0000,37.0588,7.0316,30.5780,29.4561,29.8561,30.2942,30.6011,31.1526,30.1518,30.3046,31.0011,31.0921,30.0718,30.9232,29.8179
2023-08-10,17,Treviso / Istrana,1,45.0000,37.0588,7.0316,29.5361,29.1069,29.5885,30.3409,30.1901,30.1840,29.7570,29.5891,30.1258,30.2185,29.7583,30.2094,29.6971
2023-08-10,18,Treviso / S. Angelo,1,18.0000,38.0901,7.0316,29.5731,28.9829,29.6041,30.3400,30.1809,30.2335,29.8197,29.3814,29.9131,30.2479,29.8011,30.3250,29.8022
2023-08-10,19,Venezia / Tessera,1,2.0000,39.4195,7.0316,26.5292,27.5219,26.9510,30.1973,26.9889,27.5997,26.9834,25.6008,26.3079,27.6013,26.9413,27.7376,27.0560
2023-08-10,20,Monte Settepani / Caragna,0,1381.0000,55.2369,7.0316,25.8194,26.2879,24.1270,27.8878,26.4045,26.7139,25.1145,25.1665,26.5605,26.5784,24.9310,26.7056,25.1857
2023-08-10,21,Mondovi,0,559.0000,72.5131,7.0316,26.2413,26.9005,25.5341,28.1213,27.5878,27.3716,26.1153,26.0720,27.3210,27.2374,25.9611,27.4675,26.2825
2023-08-10,22,Monte Malanotte,0,1741.0000,85.7364,7.0316,25.6106,26.5770,24.7354,28.1090,27.1289,27.1674,25.8491,25.4943,26.7759,26.9825,25.6296,27.0634,25.8230
2023-08-10,23,Passo Dei Giovi,0,468.0000,24.9535,7.0316,26.1145,26.2269,24.1570,27.5710,26.7805,26.7326,24.9500,25.0794,26.5241,26.5700,24.7001,26.6528,24.8602
2023-08-10,24,Genova / Sestri,1,2.0000,24.9535,7.0316,23.2124,26.0458,26.2265,27.1516,26.4740,26.4163,25.5348,24.4410,24.9889,26.3790,25.5055,27.2329,26.2998
2023-08-10,25,Albenga,0,45.0000,71.3337,7.0316,24.6881,26.8215,24.3029,27.8752,26.8227,27.1167,25.9054,25.6999,26.7757,27.0923,25.8842,26.9825,25.5039
2023-08-10,26,Passo Della Cisa,4,1039.0000,55.9905,7.0316,25.8720,27.4007,26.2255,28.0154,27.8899,27.7690,26.7991,26.9288,28.0703,27.7272,26.7687,27.6973,26.6029
2023-08-10,27,Sarzana / Luni,4,9.0000,94.6868,7.0316,26.8276,27.4208,27.1226,27.6734,28.9176,28.4085,27.4468,26.9721,28.0324,28.4169,27.4872,28.7294,27.5459
2023-08-10,28,Bologna / Borgo Panigale,0,51.0000,41.0210,7.0316,30.9036,30.8197,30.6258,29.7792,32.4060,32.1813,30.4968,30.6601,32.2461,32.1750,30.5617,32.2052,30.6517
2023-08-10,29,Ferrara / Fontana,4,9.0000,39.9528,7.0316,29.7962,30.5840,30.4296,29.7575,31.4444,31.8145,30.5535,30.8388,32.2272,31.7864,30.5314,31.8120,30.5978
2023-08-10,30,Monte Cimone,4,2165.0000,59.3732,7.0316,27.3466,28.6755,27.3378,29.5524,29.2881,29.1329,28.0183,28.1458,29.5076,29.0953,27.9755,29.0836,27.9161
2023-08-10,31,Ferrara,4,10.0000,41.7377,7.0316,30.2043,30.5708,30.4147,29.7840,31.6947,31.8894,30.6482,30.9646,32.3307,31.8752,30.6436,31.7997,30.5929
2023-08-10,32,Bologna / Borgo Panigale,0,36.0000,39.9528,7.0316,31.1033,30.8444,30.5552,29.7712,32.4130,32.1563,30.4650,30.6139,32.2067,32.1516,30.5313,32.1739,30.6144
2023-08-10,33,Punta Marina,1,2.0000,25.9357,7.0316,25.9919,29.7784,28.9545,28.8419,29.6530,29.8171,27.9756,26.8434,28.5649,29.8382,27.9337,29.9500,28.2202
2023-08-10,34,Forli,3,27.0000,33.4500,7.0316,30.2389,31.0387,29.5409,29.7402,32.3380,31.8662,29.3402,30.1320,32.2076,31.9071,29.4155,32.1363,30.0616
2023-08-10,35,Cervia,3,6.0000,25.9357,7.0316,30.5553,30.5276,29.3148,29.6844,31.8498,32.4034,29.7723,30.0930,32.2063,32.3265,29.6807,32.0751,29.8433
2023-08-10,36,Rimini,3,12.0000,52.7910,7.0316,28.8154,30.1413,28.6556,30.0751,30.8042,31.5326,29.2297,29.3019,31.1426,31.4860,29.1606,31.3002,29.0943
2023-08-10,37,Torino / Collegno,2,287.0000,74.9769,7.0316,28.7696,27.6658,28.2310,28.2742,29.3393,29.1099,28.2724,28.7862,29.6954,29.2372,28.3513,29.0072,28.0127
2023-08-10,38,Aosta / Pollein,0,546.0000,20.6866,7.0316,26.7754,26.8053,26.5548,28.5132,28.0106,27.5129,26.4295,26.4985,27.4612,27.4040,26.3490,27.7400,27.0525
2023-08-11,0,Grand St. Bernard / Grand Saint Bernard,3,2472.0000,20.6866,11.3910,26.4610,27.5351,27.4449,27.2681,28.8291,28.4664,27.2084,27.3310,28.7921,28.3066,27.0193,27.8202,26.8371
2023-08-11,1,Locarno-Magadino,3,197.0000,62.2060,11.3910,28.0771,29.8556,28.7669,29.3606,30.1958,29.8727,29.3171,29.2692,29.9319,29.8612,29.3155,29.7796,28.9330
2023-08-11,2,Lugano,3,273.0000,46.2864,11.3910,28.8003,29.8384,29.2032,29.3460,30.8482,30.2184,28.9011,28.7941,30.3465,30.2399,28.9826,30.2942,29.4194
2023-08-11,3,Paganella,2,2125.0000,86.1858,11.3910,31.0770,31.1186,30.7051,29.7306,31.9634,31.1860,30.9266,30.9978,31.2800,31.2018,30.9422,31.4467,30.7292
2023-08-11,4,Aviano,3,128.0000,53.5302,11.3910,29.5112,30.0858,30.4051,29.8940,31.0711,30.6864,29.9601,30.0614,30.7567,30.7129,29.9717,30.8666,30.2442
2023-08-11,6,Torino / Caselle,2,301.0000,62.2905,11.3910,26.6138,26.4372,26.1494,27.0558,27.2000,27.2118,26.2606,26.4197,27.3578,27.2602,26.2588,27.0171,26.1472
2023-08-11,7,Torino / Bric Della Croce,2,709.0000,72.5131,11.3910,27.1130,26.3615,26.5374,26.9910,27.6098,27.2170,26.3508,26.3322,27.1634,27.2956,26.3837,27.2430,26.4210
2023-08-11,8,Novara / Cameri,1,178.0000,49.0769,11.3910,29.6643,28.7340,28.9898,28.4151,30.1531,30.1841,29.0182,29.0640,30.3375,30.2503,29.0313,29.8926,28.9764
2023-08-11,10,Bergamo / Orio Al Serio,2,238.0000,41.5983,11.3910,28.4739,30.1281,30.1166,29.7376,31.4686,30.8472,29.8283,29.7050,30.9489,30.8924,29.8220,30.9667,30.1678
2023-08-11,11,Milano / Linate,4,107.0000,41.5983,11.3910,29.6394,29.2735,29.7327,29.2522,31.2372,31.0958,29.9281,30.1826,31.5409,31.1110,29.9720,30.6337,29.7019
2023-08-11,12,Piacenza,2,134.0000,55.9905,11.3910,29.5369,28.1069,29.3035,28.9343,29.8768,29.6343,29.0665,29.1519,29.8379,29.6316,29.0052,29.4474,28.8466
2023-08-11,13,Brescia / Ghedi,2,102.0000,45.8189,11.3910,31.3228,30.1439,31.1268,30.0301,31.9528,31.4201,30.7797,31.0826,31.8324,31.4861,30.8043,31.4386,30.8017
2023-08-11,14,Verona / Rivoltella,2,64.0000,25.9799,11.3910,28.2642,29.9772,30.5199,30.1543,31.3632,30.3785,29.7986,29.6577,30.3211,30.3951,29.7682,30.9235,30.3506
2023-08-11,15,Verona / Villafranca,1,67.0000,25.9799,11.3910,31.3310,30.4600,30.0613,30.3201,31.4257,31.4427,30.1061,30.3145,31.5055,31.4611,30.0841,31.2936,30.0533
2023-08-11,16,Padova,3,13.0000,37.0588,11.3910,29.5585,29.8716,30.1849,29.7523,31.0076,31.1082,30.2897,30.5325,31.2842,31.0679,30.2427,30.8635,30.1475
2023-08-11,17,Treviso / Istrana,1,45.0000,37.0588,11.3910,30.0683,30.0103,29.4996,29.7636,31.2603,30.8045,29.5020,29.5966,30.9208,30.8350,29.4907,30.8033,29.6408
2023-08-11,19,Venezia / Tessera,1,2.0000,39.4195,11.3910,28.5844,28.6763,27.7370,29.3783,28.7585,29.5070,28.1481,27.2794,28.6188,29.5557,28.1627,28.9518,27.5700
2023-08-11,20,Monte Settepani / Caragna,0,1381.0000,55.2369,11.3910,25.6847,26.4406,25.6796,27.2852,26.2353,26.8218,26.4079,26.0799,26.5071,26.7113,26.3310,26.6138,26.2697
2023-08-11,21,Mondovi,0,559.0000,72.5131,11.3910,25.8669,26.2409,25.9880,26.8402,26.7535,26.7733,26.4382,26.2103,26.5799,26.6623,26.3679,26.6609,26.3779
2023-08-11,22,Monte Malanotte,0,1741.0000,85.7364,11.3910,26.1066,26.4906,25.6626,26.8176,26.9017,26.7992,26.4562,26.1892,26.5625,26.6873,26.3793,26.7716,26.4801
2023-08-11,23,Passo Dei Giovi,0,468.0000,24.9535,11.3910,26.7596,26.6828,26.3659,28.1522,27.0540,27.0335,26.5009,26.6057,27.1769,26.9711,26.4682,26.8565,26.3957
2023-08-11,24,Genova / Sestri,1,2.0000,24.9535,11.3910,26.9118,26.3717,26.8115,27.7226,27.0039,27.4040,26.8708,26.6002,27.1250,27.4157,26.8708,27.3929,26.7936
2023-08-11,25,Albenga,0,45.0000,71.3337,11.3910,24.6174,26.5116,25.8958,27.0585,26.8654,27.2709,26.8658,26.4032,26.8219,27.2385,26.8878,26.9312,26.5969
2023-08-11,26,Passo Della Cisa,4,1039.0000,55.9905,11.3910,28.4109,27.7834,27.6489,28.3947,28.6814,28.3975,27.7485,27.8426,28.7317,28.3383,27.7063,28.3262,27.6721
2023-08-11,27,Sarzana / Luni,4,9.0000,94.6868,11.3910,27.5320,27.9370,27.6228,27.9949,28.6624,28.5596,27.8409,27.7291,28.6319,28.5499,27.8491,28.8020,28.1027
2023-08-11,28,Bologna / Borgo Panigale,0,51.0000,41.0210,11.3910,29.9655,30.0664,30.4280,29.9158,31.5790,31.2859,30.1327,30.4680,31.4374,31.2891,30.1754,31.2795,30.1565
2023-08-11,29,Ferrara / Fontana,4,9.0000,39.9528,11.3910,30.5001,29.9463,29.9984,29.8325,31.0933,31.3067,30.2529,30.5405,31.6381,31.3117,30.2634,31.1047,29.9271
2023-08-11,30,Monte Cimone,4,2165.0000,59.3732,11.3910,27.8686,29.2819,27.6296,29.6217,29.4562,29.5126,28.5038,28.8713,30.0867,29.4956,28.4764,29.2610,28.3276
2023-08-11,31,Ferrara,4,10.0000,41.7377,11.3910,30.4160,29.9476,30.0616,29.8465,31.3954,31.3117,30.2510,30.5543,31.6579,31.3177,30.2627,31.1547,29.9787
2023-08-11,32,Bologna / Borgo Panigale,0,36.0000,39.9528,11.3910,30.6770,30.0745,30.4348,29.9057,31.6262,31.3247,30.1721,30.5092,31.4779,31.3288,30.2148,31.2964,30.1679
2023-08-11,33,Punta Marina,1,2.0000,25.9357,11.3910,25.3455,28.0582,26.3566,28.7024,27.8640,28.0521,26.0107,25.2534,26.6055,28.0429,26.0081,28.1450,26.0092
2023-08-11,34,Forli,3,27.0000,33.4500,11.3910,29.1764,29.7863,29.4357,29.3334,31.1529,30.8027,29.1756,29.6847,30.7998,30.7918,29.1698,30.9155,29.5295
2023-08-11,35,Cervia,3,6.0000,25.9357,11.3910,26.6702,28.4082,27.3263,29.2399,28.8738,28.8356,26.9845,26.8712,28.0898,28.8191,26.9660,29.1377,27.6358
2023-08-11,36,Rimini,3,12.0000,52.7910,11.3910,24.7729,28.0969,27.0386,29.3966,28.3326,28.2847,26.5895,26.3366,27.4580,28.2813,26.5748,28.7573,27.2741
2023-08-11,37,Torino / Collegno,2,287.0000,74.9769,11.3910,28.3353,26.3458,26.9942,26.9724,28.0784,27.5125,26.6235,26.7121,27.5589,27.6039,26.6698,27.5525,26.7107
2023-08-11,38,Aosta / Pollein,0,546.0000,20.6866,11.3910,26.4902,27.3285,26.3890,27.2479,28.3117,27.9813,26.6648,26.6200,27.7303,27.9096,26.5466,27.8754,27.0950
2023-08-12,0,Grand St. Bernard / Grand Saint Bernard,3,2472.0000,20.6866,13.1765,26.5642,28.6753,27.3578,27.4271,29.4002,29.1263,27.0200,27.4018,29.5246,29.0394,26.8717,28.8624,27.0912
2023-08-12,1,Locarno-Magadino,3,197.0000,62.2060,13.1765,27.0933,28.8683,28.6944,28.2550,29.7991,29.0298,28.6323,28.9734,29.3706,29.0382,28.6625,29.0492,28.6968
2023-08-12,3,Paganella,2,2125.0000,86.1858,13.1765,30.4941,30.2820,30.1240,30.0863,30.9548,30.6408,30.2910,30.1616,30.5029,30.6873,30.3214,30.6056,30.2227
2023-08-12,4,Aviano,3,128.0000,53.5302,13.1765,31.4132,30.7513,30.7711,30.8937,31.3561,31.3030,30.3617,30.5671,31.0997,31.3219,30.3982,31.5268,30.7735
2023-08-12,6,Torino / Caselle,2,301.0000,62.2905,13.1765,27.2755,27.1363,26.5547,27.6141,28.1432,27.9410,26.4131,26.5415,28.0060,28.0122,26.4339,27.9622,26.4435
2023-08-12,7,Torino / Bric Della Croce,2,709.0000,72.5131,13.1765,26.9650,26.9431,26.4957,27.6625,28.2468,27.7088,26.2434,26.0366,27.4007,27.7862,26.2754,27.8978,26.3928
2023-08-12,8,Novara / Cameri,1,178.0000,49.0769,13.1765,28.0030,27.2080,27.6731,27.8111,28.3665,28.3487,27.7455,27.9297,28.5436,28.3983,27.7792,28.2084,27.5697
2023-08-12,10,Bergamo / Orio Al Serio,2,238.0000,41.5983,13.1765,28.3670,27.7333,28.3355,28.3022,28.8970,28.4558,28.2865,28.2783,28.5682,28.5051,28.3008,28.4790,28.1540
2023-08-12,11,Milano / Linate,4,107.0000,41.5983,13.1765,28.6144,26.8318,27.7081,28.0550,28.1552,27.9771,27.8215,27.7784,27.9209,27.9818,27.8385,27.8000,27.5235
2023-08-12,12,Piacenza,2,134.0000,55.9905,13.1765,29.5262,26.6396,27.6038,28.1477,27.8561,27.7117,27.5651,27.5762,27.6907,27.7193,27.5336,27.4248,27.0715
2023-08-12,13,Brescia / Ghedi,2,102.0000,45.8189,13.1765,29.7233,28.0731,29.7134,28.8674,29.9950,29.6998,29.5457,29.9444,30.1290,29.7561,29.5629,29.4410,29.2023
2023-08-12,14,Verona / Rivoltella,2,64.0000,25.9799,13.1765,29.2488,28.5605,29.7123,29.3366,30.1707,29.9486,29.7505,29.7530,29.9769,30.0003,29.7565,29.6297,29.4327
2023-08-12,15,Verona / Villafranca,1,67.0000,25.9799,13.1765,30.4002,29.2503,30.1625,29.9987,30.3230,30.5309,30.1655,30.5260,30.6023,30.6153,30.1853,30.1300,30.0072
2023-08-12,16,Padova,3,13.0000,37.0588,13.1765,30.7356,30.1494,30.4853,30.2702,31.4820,31.2009,30.4405,30.5081,30.7545,31.1558,30.4041,31.1693,30.5973
2023-08-12,17,Treviso / Istrana,1,45.0000,37.0588,13.1765,30.0849,30.5347,30.9027,30.5224,31.6336,31.4336,31.1975,31.3554,31.4000,31.4609,31.2171,31.3189,31.0722
2023-08-12,18,Treviso / S. Angelo,1,18.0000,38.0901,13.1765,30.4028,30.3658,30.9403,30.4669,31.6190,31.4798,31.2493,31.3296,31.3747,31.4986,31.2613,31.4805,31.2210
2023-08-12,19,Venezia / Tessera,1,2.0000,39.4195,13.1765,28.6882,29.4789,29.0789,30.0886,28.8429,29.7064,29.4065,28.4752,28.5249,29.7323,29.4243,29.6401,29.3100
2023-08-12,20,Monte Settepani / Caragna,0,1381.0000,55.2369,13.1765,25.2901,27.3359,26.3354,27.6774,27.2920,27.6568,26.7549,26.4512,27.0416,27.5262,26.6360,27.6437,27.0278
2023-08-12,21,Mondovi,0,559.0000,72.5131,13.1765,25.7333,27.4292,26.7870,27.6853,28.0527,27.9356,27.1042,26.8210,27.3972,27.8108,27.0007,27.9046,27.2860
2023-08-12,22,Monte Malanotte,0,1741.0000,85.7364,13.1765,25.2739,27.7670,26.5539,27.6751,28.2105,28.0812,27.2356,26.6531,27.2344,27.9506,27.1131,28.0633,27.4422
2023-08-12,23,Passo Dei Giovi,0,468.0000,24.9535,13.1765,26.6052,26.3330,26.1858,27.6573,26.7973,26.6917,26.0546,26.1275,26.4410,26.5909,25.9762,26.6714,26.2500
2023-08-12,24,Genova / Sestri,1,2.0000,24.9535,13.1765,26.2323,26.4842,26.5857,27.5798,27.0138,27.5149,26.8289,26.4425,26.9678,27.5218,26.8380,27.5110,26.6971
2023-08-12,25,Albenga,0,45.0000,71.3337,13.1765,24.0144,27.3900,26.5199,27.6570,27.8314,28.0848,27.1614,26.8608,27.4672,28.0530,27.1887,27.8732,27.2563
2023-08-12,26,Passo Della Cisa,4,1039.0000,55.9905,13.1765,27.6282,27.5536,27.7514,28.3535,28.2275,27.9364,28.1110,28.1878,27.7604,27.9031,28.1016,27.8100,27.7346
2023-08-12,27,Sarzana / Luni,4,9.0000,94.6868,13.1765,27.7118,28.0249,27.9573,28.2066,28.0977,28.7226,28.6780,28.6213,28.3723,28.7054,28.6761,28.7420,28.5239
2023-08-12,28,Bologna / Borgo Panigale,0,51.0000,41.0210,13.1765,30.4104,29.2501,30.4396,29.7416,30.6221,30.6495,30.5456,30.8612,30.4426,30.6570,30.5811,30.2953,30.0405
2023-08-12,29,Ferrara / Fontana,4,9.0000,39.9528,13.1765,30.9079,29.4462,30.7207,29.7610,30.8771,30.8852,30.3508,30.5608,30.6666,30.8720,30.3314,30.8484,30.3836
2023-08-12,30,Monte Cimone,4,2165.0000,59.3732,13.1765,29.3185,28.8699,28.2833,29.4745,29.3224,29.2492,29.2126,29.3970,29.1831,29.2055,29.1724,28.9903,28.8026
2023-08-12,32,Bologna / Borgo Panigale,0,36.0000,39.9528,13.1765,30.2274,29.2530,30.4449,29.7409,30.6699,30.6897,30.5833,30.9052,30.4875,30.6980,30.6189,30.3156,30.0552
2023-08-12,33,Punta Marina,1,2.0000,25.9357,13.1765,26.3306,28.2884,27.3672,29.1037,27.6932,28.2456,27.3897,26.3803,26.4622,28.2385,27.3861,28.3648,27.4109
2023-08-12,34,Forli,3,27.0000,33.4500,13.1765,30.6991,29.5518,30.0182,29.8544,31.0294,30.4723,29.4420,29.9783,30.1249,30.4700,29.4511,30.7018,29.9529
2023-08-12,35,Cervia,3,6.0000,25.9357,13.1765,27.7424,28.5568,28.2699,29.8082,29.2052,29.0381,27.8044,27.6726,27.8690,29.0194,27.7889,29.3334,28.4411
2023-08-12,36,Rimini,3,12.0000,52.7910,13.1765,26.2755,28.7330,28.1157,30.1048,28.8552,28.9681,28.0640,27.9394,28.0809,28.9640,28.0524,29.3166,28.4280
2023-08-12,37,Torino / Collegno,2,287.0000,74.9769,13.1765,27.5119,27.1143,26.6032,27.6427,28.4963,27.9589,26.4379,26.3421,27.7666,28.0421,26.4768,28.0471,26.5072
2023-08-12,38,Aosta / Pollein,0,546.0000,20.6866,13.1765,26.1596,28.2602,26.7077,27.4506,29.3458,28.6533,26.9521,27.1251,28.4538,28.5900,26.8401,28.7387,27.4622
2023-08-13,0,Grand St. Bernard / Grand Saint Bernard,3,2472.0000,20.6866,24.8231,26.4097,27.2144,27.7624,26.5253,28.1307,27.7660,27.4236,27.1845,27.8812,27.6873,27.3797,27.4583,27.2601
2023-08-13,1,Locarno-Magadino,3,197.0000,62.2060,24.8231,29.4658,28.2129,28.6158,30.4453,28.7868,28.3637,28.5961,28.8796,28.6874,28.3723,28.6249,28.3718,28.3626
2023-08-13,2,Lugano,3,273.0000,46.2864,24.8231,28.5134,27.9949,28.6128,30.3980,28.6845,28.2996,28.7541,28.7516,28.3714,28.3113,28.7944,28.4729,28.4669
2023-08-13,3,Paganella,2,2125.0000,86.1858,24.8231,31.3911,31.6496,31.2246,30.7653,32.2869,31.5702,31.1255,30.9833,31.4120,31.5833,31.1445,31.8141,31.1990
2023-08-13,4,Aviano,3,128.0000,53.5302,24.8231,31.7261,32.5263,32.8260,31.3432,33.0761,32.7690,31.9220,31.5496,32.3031,32.7964,31.9398,33.3659,32.6086
2023-08-13,5,Pian Rosa,4,3480.0000,33.9630,24.8231,28.5350,27.4852,27.1479,26.7401,27.2861,27.8142,27.3501,27.4429,27.7387,28.4855,28.0112,27.6177,27.0707
2023-08-13,6,Torino / Caselle,2,301.0000,62.2905,24.8231,25.8343,26.3485,26.5239,25.6919,27.0972,26.9335,26.6139,26.6908,26.9647,27.0004,26.6620,26.9400,26.4475
2023-08-13,7,Torino / Bric Della Croce,2,709.0000,72.5131,24.8231,26.0950,26.4016,26.7086,25.4288,27.6460,27.0041,26.6165,26.7341,27.0463,27.0714,26.6668,27.2021,26.6066
2023-08-13,8,Novara / Cameri,1,178.0000,49.0769,24.8231,28.3547,27.5480,29.0989,29.0879,29.4679,28.4460,28.6614,29.0289,28.9233,28.4223,28.6653,28.8993,28.8245
2023-08-13,9,Milano / Malpensa,1,234.0000,46.2864,24.8231,28.8491,27.6340,28.5751,29.3478,28.7463,28.2546,28.5491,28.7051,28.5203,28.2424,28.5626,28.5166,28.5222
2023-08-13,10,Bergamo / Orio Al Serio,2,238.0000,41.5983,24.8231,30.4797,29.0776,30.5371,30.6476,30.9398,29.8000,29.9993,30.1892,30.0377,29.8875,30.0412,30.3595,30.2286
2023-08-13,11,Milano / Linate,4,107.0000,41.5983,24.8231,30.9845,28.5889,30.3585,30.0335,30.3803,30.0504,30.3089,30.3984,30.2427,30.0692,30.3581,30.2469,30.0690
2023-08-13,12,Piacenza,2,134.0000,55.9905,24.8231,29.4902,28.9331,29.4491,29.4237,29.8200,29.4098,29.2864,28.8186,28.8859,29.4100,29.2444,29.6942,29.2208
2023-08-13,13,Brescia / Ghedi,2,102.0000,45.8189,24.8231,31.1498,30.1417,31.0554,30.7524,31.7907,31.0326,30.5064,30.8258,31.4383,31.0330,30.4726,31.3332,30.8545
2023-08-13,14,Verona / Rivoltella,2,64.0000,25.9799,24.8231,31.4890,30.5007,31.0851,30.8570,32.0903,31.3880,30.4157,30.6204,31.7543,31.4573,30.4611,31.5943,30.9903
2023-08-13,15,Verona / Villafranca,1,67.0000,25.9799,24.8231,29.9657,30.5577,30.8897,31.1697,31.4712,31.4128,31.3033,31.2489,31.4224,31.4290,31.3215,31.1400,30.8368
2023-08-13,16,Padova,3,13.0000,37.0588,24.8231,32.0951,30.9581,31.1220,31.4771,31.9848,32.1872,30.7975,30.4822,31.6939,32.1691,30.7790,31.9763,31.2777
2023-08-13,17,Treviso / Istrana,1,45.0000,37.0588,24.8231,30.6323,31.4698,31.3807,31.3377,32.4954,32.1742,31.6760,31.5717,32.0394,32.1847,31.6711,32.0741,31.4983
2023-08-13,18,Treviso / S. Angelo,1,18.0000,38.0901,24.8231,31.5519,31.4001,31.5249,31.3165,32.0774,32.3406,31.8091,31.7393,32.2365,32.3574,31.8079,32.3643,31.7493
2023-08-13,19,Venezia / Tessera,1,2.0000,39.4195,24.8231,30.2694,30.6836,30.4882,31.2296,30.9696,32.0289,31.5031,31.1406,31.6610,32.0841,31.5389,30.9412,30.2738
2023-08-13,20,Monte Settepani / Caragna,0,1381.0000,55.2369,24.8231,24.6326,26.1350,24.8697,26.1191,25.8666,26.5149,25.8384,25.1605,25.8397,26.4451,25.8062,26.2857,25.5370
2023-08-13,21,Mondovi,0,559.0000,72.5131,24.8231,25.5808,26.2775,25.0690,24.9077,26.2911,26.4269,25.7192,25.0982,25.9909,26.3805,25.7171,26.4141,25.6742
2023-08-13,22,Monte Malanotte,0,1741.0000,85.7364,24.8231,24.0115,26.1336,25.0249,24.8535,26.7886,26.4708,25.7744,24.6421,25.4835,26.3594,25.6992,26.5319,25.7880
2023-08-13,23,Passo Dei Giovi,0,468.0000,24.9535,24.8231,28.1512,27.4212,27.2348,28.4424,28.1593,28.3069,27.8350,28.6987,29.0139,28.1444,27.7403,27.9920,27.3197
2023-08-13,24,Genova / Sestri,1,2.0000,24.9535,24.8231,26.8909,26.8253,27.2738,27.9354,27.6873,27.5223,26.9965,26.6797,27.2654,27.5215,26.9896,27.9767,27.3306
2023-08-13,25,Albenga,0,45.0000,71.3337,24.8231,24.5246,25.9334,24.7405,25.6221,25.8077,26.3854,25.7052,25.0885,25.7880,26.3246,25.6908,26.2040,25.4537
2023-08-13,26,Passo Della Cisa,4,1039.0000,55.9905,24.8231,28.3305,28.6054,28.2992,28.7016,29.2155,28.7503,28.3942,27.1804,27.6406,28.6756,28.3504,28.9330,28.4759
2023-08-13,27,Sarzana / Luni,4,9.0000,94.6868,24.8231,27.3413,27.9187,28.3559,28.2716,29.0627,28.5569,28.0900,28.6028,29.1284,28.5552,28.1227,29.1144,28.6212
2023-08-13,28,Bologna / Borgo Panigale,0,51.0000,41.0210,24.8231,31.3008,30.5578,30.8706,30.7678,31.8653,31.8534,30.6284,31.1053,32.4121,31.8503,30.7050,31.6617,30.8380
2023-08-13,29,Ferrara / Fontana,4,9.0000,39.9528,24.8231,30.6926,30.3414,30.7802,31.0391,30.8758,31.5478,30.6297,30.6123,31.6037,31.5271,30.6182,31.2593,30.7506
2023-08-13,30,Monte Cimone,4,2165.0000,59.3732,24.8231,27.8118,29.5539,28.7613,30.3132,30.2340,29.6492,29.0943,27.6766,28.2997,29.5921,29.0444,29.7693,29.2821
2023-08-13,31,Ferrara,4,10.0000,41.7377,24.8231,30.9136,30.3500,30.7832,31.0662,31.2063,31.5945,30.6784,30.6876,31.6738,31.5762,30.6699,31.2797,30.7695
2023-08-13,32,Bologna / Borgo Panigale,0,36.0000,39.9528,24.8231,31.2595,30.5554,30.8544,30.7668,31.8125,31.8505,30.6251,31.0985,32.4096,31.8474,30.7005,31.6518,30.8303
2023-08-13,33,Punta Marina,1,2.0000,25.9357,24.8231,29.5744,29.7740,29.6387,30.1391,29.8379,30.9525,30.2396,29.5307,30.6640,31.0200,30.2819,29.9251,29.0366
2023-08-13,34,Forli,3,27.0000,33.4500,24.8231,30.0719,30.3902,30.9281,30.4232,31.2541,31.5524,30.2963,30.4312,31.5445,31.5285,30.2876,31.2989,30.7849
2023-08-13,35,Cervia,3,6.0000,25.9357,24.8231,30.8187,30.1066,31.2551,30.3790,31.6954,31.3274,29.9637,29.8752,31.1356,31.3439,30.0077,31.5321,31.0514
2023-08-13,36,Rimini,3,12.0000,52.7910,24.8231,30.1655,30.2890,30.8409,30.4734,31.0442,31.2469,29.8446,29.2355,30.5382,31.2070,29.8187,31.3306,30.8521
2023-08-13,37,Torino / Collegno,2,287.0000,74.9769,24.8231,26.0587,26.2097,26.7683,25.4021,27.3975,26.6986,26.3079,26.3016,26.6120,26.7531,26.3454,27.1557,26.5801
2023-08-13,38,Aosta / Pollein,0,546.0000,20.6866,24.8231,27.1094,27.0463,26.5434,26.4441,27.7458,27.6012,26.6293,26.9686,27.7134,27.5293,26.5355,27.5098,27.0833
2023-08-14,0,Grand St. Bernard / Grand Saint Bernard,3,2472.0000,20.6866,5.9079,29.3965,29.3742,30.6825,30.3877,29.9970,29.8305,30.4793,30.3809,29.4601,29.7745,30.4950,29.6617,30.5916
2023-08-14,1,Locarno-Magadino,3,197.0000,62.2060,5.9079,30.1331,29.9942,31.2145,31.7099,30.3914,30.2839,31.0343,30.9644,30.1932,30.3299,31.1350,30.2322,31.1186
2023-08-14,2,Lugano,3,273.0000,46.2864,5.9079,29.8347,29.7091,31.2944,31.6165,30.3809,29.9677,30.7001,30.5668,29.8416,30.0024,30.7869,30.3202,31.1912
2023-08-14,3,Paganella,2,2125.0000,86.1858,5.9079,31.8940,30.4880,31.4575,30.4640,31.7220,31.2058,30.9060,31.3285,31.2919,31.3220,30.9944,31.2707,31.0948
2023-08-14,4,Aviano,3,128.0000,53.5302,5.9079,33.5210,31.5428,33.0998,31.9920,32.3581,32.7469,32.3670,32.4977,32.1780,32.7904,32.4319,32.9933,32.7029
2023-08-14,5,Pian Rosa,4,3480.0000,33.9630,5.9079,31.4501,29.5124,30.3496,30.4580,29.0741,29.7057,30.1682,30.2165,29.4698,30.4759,30.8661,29.7091,30.1813
2023-08-14,6,Torino / Caselle,2,301.0000,62.2905,5.9079,30.6685,28.6430,30.6426,30.0750,29.4130,29.8213,30.3709,30.5998,29.7298,29.9541,30.4389,29.8206,30.2513
2023-08-14,7,Torino / Bric Della Croce,2,709.0000,72.5131,5.9079,30.9664,28.4099,30.7937,29.9603,30.0886,29.9196,30.4144,30.6359,29.8254,30.0706,30.5043,29.9497,30.3071
2023-08-14,8,Novara / Cameri,1,178.0000,49.0769,5.9079,32.7739,29.1931,31.0008,30.8984,30.5982,30.8546,31.1522,31.2613,30.9955,30.9233,31.2039,30.5914,30.8819
2023-08-14,9,Milano / Malpensa,1,234.0000,46.2864,5.9079,32.5961,29.4262,31.2327,31.0469,30.8430,31.1806,31.4369,31.7451,31.5092,31.2538,31.4932,30.8451,31.0968
2023-08-14,10,Bergamo / Orio Al Serio,2,238.0000,41.5983,5.9079,31.2923,29.6150,31.3092,31.1247,31.5505,31.0256,31.1203,31.4590,31.2442,31.1324,31.1755,30.9586,31.0969
2023-08-14,11,Milano / Linate,4,107.0000,41.5983,5.9079,31.1276,29.0923,31.0163,30.9100,30.6931,30.6890,31.0428,31.0860,30.9013,30.7003,31.0738,30.5000,30.8636
2023-08-14,12,Piacenza,2,134.0000,55.9905,5.9079,28.8753,28.1442,29.5865,29.8879,29.2718,29.2926,29.2423,29.3061,29.0886,29.2851,29.1763,29.3737,29.2840
2023-08-14,13,Brescia / Ghedi,2,102.0000,45.8189,5.9079,31.0710,29.4057,31.1538,30.7107,30.9878,31.0319,30.7874,31.2334,31.2341,31.0640,30.7755,30.9866,30.8453
2023-08-14,14,Verona / Rivoltella,2,64.0000,25.9799,5.9079,29.8928,29.3155,30.4189,30.5658,30.6290,30.8035,30.4082,30.8253,30.9435,30.8529,30.4197,30.5362,30.3045
2023-08-14,15,Verona / Villafranca,1,67.0000,25.9799,5.9079,30.6679,29.8814,30.8871,30.6265,31.1983,31.3433,30.8316,30.8781,31.2429,31.4215,30.8472,31.1290,30.8332
2023-08-14,16,Padova,3,13.0000,37.0588,5.9079,31.5527,30.5532,31.3994,31.0737,31.8841,32.2288,31.5867,31.5909,31.6500,32.1527,31.5190,31.9337,31.4297
2023-08-14,17,Treviso / Istrana,1,45.0000,37.0588,5.9079,31.7357,30.7106,31.3864,31.6231,31.5297,31.9475,31.8073,31.7101,31.6942,32.0224,31.8507,31.6543,31.5030
2023-08-14,18,Treviso / S. Angelo,1,18.0000,38.0901,5.9079,32.2064,30.6462,31.7974,31.5957,31.6971,32.2000,32.0537,31.7836,31.7745,32.2408,32.0632,32.0971,31.9299
2023-08-14,19,Venezia / Tessera,1,2.0000,39.4195,5.9079,28.7889,29.4914,29.4993,31.1905,28.5310,29.6411,29.3033,27.8993,28.0012,29.6713,29.2908,29.7408,29.4314
2023-08-14,20,Monte Settepani / Caragna,0,1381.0000,55.2369,5.9079,27.8100,27.2166,26.8950,29.6068,26.9553,27.5316,27.4632,27.4420,27.1362,27.4051,27.3876,27.5477,27.6477
2023-08-14,22,Monte Malanotte,0,1741.0000,85.7364,5.9079,28.3855,27.6519,27.5559,29.6571,27.9427,28.1752,28.3069,27.7668,27.3714,27.9934,28.1970,28.1658,28.4488
2023-08-14,23,Passo Dei Giovi,0,468.0000,24.9535,5.9079,28.0111,27.3086,27.7099,29.4174,27.6255,28.1302,27.8357,27.9285,27.7900,27.8819,27.6174,27.9813,27.8439
2023-08-14,24,Genova / Sestri,1,2.0000,24.9535,5.9079,27.0123,27.1350,27.7643,28.8659,26.7491,27.8702,27.9226,26.7211,26.4783,27.8819,27.9382,28.0360,28.0079
2023-08-14,25,Albenga,0,45.0000,71.3337,5.9079,26.9625,27.0597,27.2407,29.4968,27.3240,27.7395,27.7000,27.4026,27.0933,27.6637,27.6773,27.8516,27.9717
2023-08-14,26,Passo Della Cisa,4,1039.0000,55.9905,5.9079,28.3393,27.8975,27.8511,29.1548,28.6266,28.4393,27.8984,27.6596,28.0284,28.3598,27.8415,28.4589,28.0859
2023-08-14,27,Sarzana / Luni,4,9.0000,94.6868,5.9079,28.1049,27.7447,28.3424,28.7442,28.6011,29.1233,28.5547,27.9897,28.3367,29.1298,28.5915,29.0729,28.6586
2023-08-14,28,Bologna / Borgo Panigale,0,51.0000,41.0210,5.9079,30.7059,30.3203,30.3858,30.1967,31.4420,31.8069,30.7184,30.9892,31.6736,31.8093,30.7723,31.3780,30.4096
2023-08-14,29,Ferrara / Fontana,4,9.0000,39.9528,5.9079,30.9162,30.5942,30.9740,30.0032,31.3254,31.9648,30.8804,31.3309,32.0729,31.9437,30.8552,31.8958,31.0365
2023-08-14,30,Monte Cimone,4,2165.0000,59.3732,5.9079,28.1043,28.7989,27.6759,30.0823,28.4959,29.0792,28.2245,27.7227,28.4032,29.0492,28.1859,28.9203,28.3070
2023-08-14,32,Bologna / Borgo Panigale,0,36.0000,39.9528,5.9079,31.0772,30.3459,30.3930,30.1855,31.4668,31.8778,30.7829,31.0519,31.7433,31.8794,30.8350,31.4077,30.4306
2023-08-14,33,Punta Marina,1,2.0000,25.9357,5.9079,26.0619,29.7753,28.9705,29.2667,28.8399,29.8611,28.1765,27.1682,28.3538,29.8635,28.1099,29.9462,28.4673
2023-08-14,34,Forli,3,27.0000,33.4500,5.9079,30.2900,30.7420,30.0983,30.1393,32.1676,32.0196,30.0952,31.4268,32.7093,32.0259,30.1241,32.0233,30.3815
2023-08-14,35,Cervia,3,6.0000,25.9357,5.9079,30.0216,30.1819,29.4266,30.0986,31.6922,32.0525,30.0027,30.1285,31.5127,31.9687,29.9106,31.6477,29.7956
2023-08-14,36,Rimini,3,12.0000,52.7910,5.9079,28.1290,29.8497,28.8622,30.4666,31.0917,30.9372,28.8127,28.7054,30.1317,30.8996,28.7765,30.8775,29.0480
2023-08-14,37,Torino / Collegno,2,287.0000,74.9769,5.9079,31.1920,28.6070,30.5816,29.9621,29.9491,29.9694,30.4616,30.6713,29.8536,30.1035,30.5344,29.8722,30.2394
2023-08-14,38,Aosta / Pollein,0,546.0000,20.6866,5.9079,30.4602,29.1422,30.1833,30.3598,30.0404,30.0965,30.3502,30.4204,29.6471,29.9508,30.2509,30.0297,30.6110
2023-08-15,1,Locarno-Magadino,3,197.0000,62.2060,3.4943,30.1983,30.4866,30.9656,32.0345,30.5226,30.9539,30.3974,30.2949,30.9994,30.9988,30.5571,30.8553,30.7278
2023-08-15,2,Lugano,3,273.0000,46.2864,3.4943,30.1616,30.6501,31.5773,32.0010,30.9423,31.2313,30.6803,30.4312,31.1504,31.2923,30.8485,31.5263,31.3958
2023-08-15,3,Paganella,2,2125.0000,86.1858,3.4943,34.5664,32.6886,32.6597,32.5605,32.6885,33.1269,32.6855,32.6418,32.9264,33.2105,32.7465,33.0495,32.6842
2023-08-15,4,Aviano,3,128.0000,53.5302,3.4943,34.2072,33.6479,34.3689,33.4956,33.6793,34.6126,34.0365,34.0122,34.3513,34.6472,34.0944,34.5969,34.1249
2023-08-15,5,Pian Rosa,4,3480.0000,33.9630,3.4943,33.7734,32.4784,31.3764,31.3989,31.5485,32.7126,30.9200,31.0709,32.9497,33.6009,32.0219,32.6779,31.2886
2023-08-15,6,Torino / Caselle,2,301.0000,62.2905,3.4943,31.4324,30.4719,31.3658,30.8379,31.0146,31.6189,30.9087,31.0458,31.7379,31.7638,30.9744,31.8141,31.2356
2023-08-15,7,Torino / Bric Della Croce,2,709.0000,72.5131,3.4943,31.7445,30.1206,31.2515,30.6587,31.2549,31.6590,31.1273,31.3103,31.7936,31.8195,31.2122,31.5934,31.1181
2023-08-15,8,Novara / Cameri,1,178.0000,49.0769,3.4943,31.3563,30.4711,31.3634,31.1595,31.1926,32.2181,31.6679,31.6032,32.2776,32.2998,31.7197,31.9094,31.4868
2023-08-15,9,Milano / Malpensa,1,234.0000,46.2864,3.4943,32.6400,30.6919,31.6459,31.2916,31.5549,32.5745,31.9738,32.2113,32.9318,32.6590,32.0284,32.1930,31.7231
2023-08-15,10,Bergamo / Orio Al Serio,2,238.0000,41.5983,3.4943,32.5718,31.3176,32.5020,32.2509,32.5848,33.0581,32.5276,32.2811,32.6855,33.1794,32.5825,32.8428,32.4149
2023-08-15,11,Milano / Linate,4,107.0000,41.5983,3.4943,31.7623,30.5678,32.1825,31.5781,32.2096,32.7206,32.2679,32.5002,33.2019,32.7454,32.3172,32.3341,32.0535
2023-08-15,12,Piacenza,2,134.0000,55.9905,3.4943,30.5268,29.2123,30.1789,30.7611,30.3003,30.2660,29.8682,29.6909,29.8398,30.2600,29.7890,30.3680,30.0559
2023-08-15,13,Brescia / Ghedi,2,102.0000,45.8189,3.4943,32.7004,31.0755,32.7908,32.3126,32.3432,32.9945,32.6264,32.4942,32.6741,33.0454,32.6310,32.8317,32.5196
2023-08-15,14,Verona / Rivoltella,2,64.0000,25.9799,3.4943,31.0829,30.8955,31.8318,32.4958,31.7003,32.3668,32.0628,31.9230,32.0274,32.4220,32.0879,32.0802,31.8051
2023-08-15,15,Verona / Villafranca,1,67.0000,25.9799,3.4943,33.2055,31.4697,33.1231,32.9567,32.6600,33.1289,32.6467,33.0615,33.4127,33.1886,32.6475,33.1929,32.9288
2023-08-15,16,Padova,3,13.0000,37.0588,3.4943,33.4378,32.1051,33.0966,33.1220,32.9979,34.0312,33.5002,33.8673,34.2203,33.9411,33.4201,33.6341,33.1763
2023-08-15,17,Treviso / Istrana,1,45.0000,37.0588,3.4943,33.3577,32.6024,33.8405,33.2928,33.3534,34.0244,33.7401,33.8415,34.1876,34.0908,33.7595,33.9929,33.8242
2023-08-15,18,Treviso / S. Angelo,1,18.0000,38.0901,3.4943,33.4697,32.5621,33.5925,33.2070,33.1051,34.0176,33.7193,33.4476,33.8160,34.0611,33.7173,33.9402,33.7457
2023-08-15,19,Venezia / Tessera,1,2.0000,39.4195,3.4943,30.2755,31.1676,31.2418,32.7432,30.1696,31.2936,30.8857,29.8612,30.3533,31.3157,30.8509,31.4730,31.2037
2023-08-15,20,Monte Settepani / Caragna,0,1381.0000,55.2369,3.4943,28.3861,27.9046,27.6114,30.4155,27.1026,28.4517,28.0245,27.6769,28.0699,28.2328,27.8313,28.4020,28.1337
2023-08-15,21,Mondovi,0,559.0000,72.5131,3.4943,29.8213,29.0858,29.4950,30.3383,29.1828,30.0761,29.6873,29.5737,30.0103,29.8434,29.5007,29.9646,29.7600
2023-08-15,22,Monte Malanotte,0,1741.0000,85.7364,3.4943,29.9083,29.6263,28.9364,30.3031,29.1370,29.9227,29.5253,28.9712,29.4026,29.7803,29.4218,29.9416,29.7267
2023-08-15,23,Passo Dei Giovi,0,468.0000,24.9535,3.4943,28.1123,27.6577,27.6982,30.3264,27.3403,28.3474,27.8783,27.6171,28.0139,28.1485,27.6880,28.2135,27.8807
2023-08-15,24,Genova / Sestri,1,2.0000,24.9535,3.4943,27.8550,27.1763,28.4419,29.9075,27.1667,28.4290,28.2968,28.1562,28.1413,28.4406,28.3001,28.5532,28.4024
2023-08-15,25,Albenga,0,45.0000,71.3337,3.4943,28.4086,27.8136,27.8901,30.2726,27.5031,28.7294,28.3090,28.1408,28.5344,28.6256,28.2497,28.6325,28.3726
2023-08-15,27,Sarzana / Luni,4,9.0000,94.6868,3.4943,29.9433,28.7834,29.9969,29.9089,29.4629,30.7291,30.4599,30.3527,30.7096,30.7451,30.5017,30.3346,30.1229
2023-08-15,28,Bologna / Borgo Panigale,0,51.0000,41.0210,3.4943,33.7239,31.6153,33.2018,32.3360,32.8492,33.7786,33.2120,33.8564,34.1335,33.7899,33.2670,33.3757,32.9093
2023-08-15,29,Ferrara / Fontana,4,9.0000,39.9528,3.4943,32.2331,31.5916,32.5793,32.3669,32.0377,32.9957,32.4720,32.6086,33.0753,32.9792,32.4537,32.9551,32.5772
2023-08-15,30,Monte Cimone,4,2165.0000,59.3732,3.4943,31.4780,31.2143,30.8467,31.9450,30.8296,31.6569,31.3176,30.9843,31.4303,31.5915,31.2545,31.5715,31.3488
2023-08-15,31,Ferrara,4,10.0000,41.7377,3.4943,32.8574,31.6077,32.8729,32.3977,32.6367,33.3281,32.8107,33.1376,33.5977,33.3356,32.8189,33.1703,32.7908
2023-08-15,32,Bologna / Borgo Panigale,0,36.0000,39.9528,3.4943,33.3760,31.6399,33.0782,32.3298,32.8586,33.7524,33.1823,33.7512,34.0343,33.7600,33.2327,33.3025,32.8313
2023-08-15,33,Punta Marina,1,2.0000,25.9357,3.4943,29.1884,30.8311,30.7752,31.1689,29.7940,30.7327,30.1105,29.2820,29.7697,30.7196,30.0617,30.9909,30.3406
2023-08-15,34,Forli,3,27.0000,33.4500,3.4943,32.5963,32.1509,32.6486,32.0066,32.8094,33.6561,32.7864,33.3599,33.7193,33.6384,32.7866,33.4313,32.6970
2023-08-15,35,Cervia,3,6.0000,25.9357,3.4943,33.1765,31.6267,32.3711,31.9056,32.4999,33.2501,32.2957,32.5869,32.9409,33.1787,32.2290,33.2857,32.4334
2023-08-15,36,Rimini,3,12.0000,52.7910,3.4943,30.4294,31.6797,31.7261,32.1752,31.9271,32.3570,31.4352,31.1252,31.4648,32.3416,31.4234,32.7490,31.9011
2023-08-15,37,Torino / Collegno,2,287.0000,74.9769,3.4943,31.5254,30.4471,31.1375,30.6896,31.4137,31.7113,31.1113,31.2070,31.7762,31.8333,31.1565,31.6622,31.1399
2023-08-15,38,Aosta / Pollein,0,546.0000,20.6866,3.4943,30.1163,32.0362,32.7751,31.3522,32.4800,32.9399,32.7831,32.4617,32.8334,32.8307,32.7098,32.9232,33.1291
2023-08-16,0,Grand St. Bernard / Grand Saint Bernard,3,2472.0000,20.6866,7.6286,33.3102,34.3539,34.0225,33.8710,34.7802,34.6194,33.3600,33.2391,34.6456,34.5755,33.3885,34.6253,33.9251
2023-08-16,1,Locarno-Magadino,3,197.0000,62.2060,7.6286,30.9840,30.8202,31.5737,31.6968,31.0754,31.0480,31.0967,30.9773,31.0919,31.0896,31.2187,31.1031,31.2966
2023-08-16,2,Lugano,3,273.0000,46.2864,7.6286,30.6303,30.6538,31.7794,31.6692,31.1250,31.0942,31.1376,31.0618,31.1922,31.1470,31.2674,31.3663,31.5559
2023-08-16,3,Paganella,2,2125.0000,86.1858,7.6286,31.6901,30.7136,30.6333,30.8017,30.9637,31.0066,30.4658,30.5110,30.9270,31.0707,30.5288,30.9885,30.5492
2023-08-16,5,Pian Rosa,4,3480.0000,33.9630,7.6286,35.9002,33.7028,33.3867,33.7539,33.7059,33.8941,32.6950,33.0431,34.3025,34.5677,33.4203,33.9352,32.8763
2023-08-16,6,Torino / Caselle,2,301.0000,62.2905,7.6286,33.3792,32.3974,33.0863,33.1825,33.0249,33.4554,33.0913,33.4940,33.8165,33.5650,33.1393,33.4513,33.0798
2023-08-16,8,Novara / Cameri,1,178.0000,49.0769,7.6286,32.3120,30.9572,32.8828,31.9254,32.9387,32.9989,32.9090,33.1293,33.4550,33.0703,32.9625,32.7807,32.6732
2023-08-16,9,Milano / Malpensa,1,234.0000,46.2864,7.6286,33.6043,31.0186,32.3951,31.8653,32.3844,32.8016,32.6994,33.0342,33.3787,32.8788,32.7587,32.4560,32.3391
2023-08-16,10,Bergamo / Orio Al Serio,2,238.0000,41.5983,7.6286,31.8900,30.1880,31.8564,31.3434,32.1188,31.8021,31.5473,32.1162,32.4113,31.9194,31.6146,31.7831,31.5668
2023-08-16,11,Milano / Linate,4,107.0000,41.5983,7.6286,32.0511,30.0604,31.6244,31.3232,31.9099,32.0573,31.8467,31.9602,32.3506,32.0749,31.8806,31.7279,31.5160
2023-08-16,12,Piacenza,2,134.0000,55.9905,7.6286,29.9768,29.2384,30.0155,30.4475,30.0771,30.1670,29.7444,29.6969,30.0072,30.1676,29.6932,30.2833,29.8918
2023-08-16,13,Brescia / Ghedi,2,102.0000,45.8189,7.6286,30.4504,29.6559,30.9186,30.9253,31.0168,30.9731,30.4883,30.6848,31.1022,30.9791,30.4607,31.0916,30.7111
2023-08-16,14,Verona / Rivoltella,2,64.0000,25.9799,7.6286,30.4503,29.5150,30.6478,30.7566,31.1126,31.0401,30.4307,30.7169,31.2306,31.0660,30.4376,30.9366,30.4885
2023-08-16,15,Verona / Villafranca,1,67.0000,25.9799,7.6286,30.1139,29.7898,30.4677,30.6491,30.4729,30.9753,30.5672,30.6013,30.8813,31.0247,30.5743,30.8395,30.5443
2023-08-16,16,Padova,3,13.0000,37.0588,7.6286,30.8039,29.8945,30.8534,30.6979,30.8066,31.6910,31.1779,31.4476,31.6056,31.6202,31.0987,31.4000,30.8543
2023-08-16,17,Treviso / Istrana,1,45.0000,37.0588,7.6286,31.2203,30.4534,31.0489,31.1599,31.2010,31.4655,31.0404,31.2593,31.4478,31.4840,31.0236,31.4345,31.1628
2023-08-16,18,Treviso / S. Angelo,1,18.0000,38.0901,7.6286,31.5095,30.3262,31.4376,31.1223,31.3278,31.5512,31.1198,31.2120,31.4087,31.5353,31.0683,31.8314,31.5449
2023-08-16,19,Venezia / Tessera,1,2.0000,39.4195,7.6286,27.5957,28.7522,28.5466,30.7541,28.0000,28.7851,28.2343,27.3272,27.5968,28.7817,28.1838,28.9745,28.6245
2023-08-16,20,Monte Settepani / Caragna,0,1381.0000,55.2369,7.6286,30.6637,29.2388,28.3526,32.1706,28.7544,29.5961,28.9210,28.7463,29.2749,29.4076,28.7357,29.7514,29.0774
2023-08-16,21,Mondovi,0,559.0000,72.5131,7.6286,31.1172,30.1775,29.7744,32.6750,30.3962,30.8189,30.2529,29.8896,30.4587,30.6438,30.0930,30.8407,30.3134
2023-08-16,22,Monte Malanotte,0,1741.0000,85.7364,7.6286,31.1641,30.5651,29.6806,32.6556,30.6447,31.1621,30.5765,30.0464,30.6129,30.9246,30.3483,31.0878,30.5351
2023-08-16,24,Genova / Sestri,1,2.0000,24.9535,7.6286,28.0673,28.7193,29.8620,30.6156,29.1365,29.2811,29.3324,28.7144,28.5560,29.2467,29.3126,29.9854,29.8517
2023-08-16,25,Albenga,0,45.0000,71.3337,7.6286,28.7344,29.0700,28.5929,32.2298,29.2905,29.7201,29.2049,29.1268,29.5487,29.6472,29.1513,29.8844,29.2272
2023-08-16,26,Passo Della Cisa,4,1039.0000,55.9905,7.6286,29.5152,29.7225,28.9801,29.7944,29.9781,30.1179,29.6183,29.4554,29.8241,30.0721,29.5839,29.9647,29.4312
2023-08-16,27,Sarzana / Luni,4,9.0000,94.6868,7.6286,29.6457,29.2227,29.7091,29.6841,30.3617,30.6809,30.1888,29.9347,30.2793,30.6854,30.2121,30.5766,30.0237
2023-08-16,28,Bologna / Borgo Panigale,0,51.0000,41.0210,7.6286,31.4167,30.0694,31.8465,30.3358,31.6544,31.8313,31.3145,31.8358,31.9134,31.8461,31.3634,31.9300,31.4221
2023-08-16,30,Monte Cimone,4,2165.0000,59.3732,7.6286,30.3810,30.3945,29.1982,30.2002,30.1820,30.6058,30.0820,29.9633,30.4172,30.5685,30.0363,30.4772,29.9651
2023-08-16,31,Ferrara,4,10.0000,41.7377,7.6286,30.4475,29.6267,30.2668,30.0723,30.7368,30.8683,30.2585,30.4311,30.8320,30.8486,30.2332,30.9790,30.3896
2023-08-16,32,Bologna / Borgo Panigale,0,36.0000,39.9528,7.6286,31.6771,30.0691,31.8137,30.3286,32.0958,31.7941,31.2758,31.7761,31.8548,31.8080,31.3231,31.9173,31.4067
2023-08-16,33,Punta Marina,1,2.0000,25.9357,7.6286,26.0068,27.8964,27.8567,29.1926,27.1802,27.7969,27.3434,26.3651,26.5548,27.8020,27.2846,28.0554,27.7195
2023-08-16,35,Cervia,3,6.0000,25.9357,7.6286,30.5559,28.6989,29.4723,29.9621,30.0751,30.9626,29.8309,30.3360,30.6585,30.8611,29.7275,30.4228,29.3738
2023-08-16,36,Rimini,3,12.0000,52.7910,7.6286,28.9145,28.7584,28.8635,30.2367,29.3939,30.2251,29.2423,29.6379,29.9179,30.1769,29.1884,29.8990,28.8583
2023-08-16,37,Torino / Collegno,2,287.0000,74.9769,7.6286,33.5175,32.2405,33.6974,33.0513,34.1586,33.7464,33.4629,33.8813,34.1012,33.8874,33.5451,33.8285,33.4905
2023-08-16,38,Aosta / Pollein,0,546.0000,20.6866,7.6286,32.3352,33.9419,34.1728,33.7900,34.5473,34.8306,34.4308,34.6191,34.7837,34.7267,34.3518,34.7777,34.6412
2023-08-17,0,Grand St. Bernard / Grand Saint Bernard,3,2472.0000,20.6866,6.6700,35.2504,36.0571,36.1514,33.9339,37.4608,36.7798,35.0544,34.5249,36.0015,36.6615,35.0039,36.4660,35.4045
2023-08-17,1,Locarno-Magadino,3,197.0000,62.2060,6.6700,32.2450,32.1248,32.2969,32.4069,32.5562,32.3051,32.0637,32.1084,32.3994,32.3378,32.1314,32.5483,32.2884
2023-08-17,2,Lugano,3,273.0000,46.2864,6.6700,31.3119,31.7439,32.1137,32.3694,32.2231,32.4723,32.0128,32.0722,32.6532,32.5140,32.1295,32.4741,32.2280
2023-08-17,3,Paganella,2,2125.0000,86.1858,6.6700,31.6626,30.9517,30.9358,30.6103,31.2824,31.0884,30.9029,30.8848,31.1297,31.1094,30.9050,31.2991,31.0421
2023-08-17,4,Aviano,3,128.0000,53.5302,6.6700,32.9886,32.9465,33.4961,32.5325,33.6720,33.5371,32.8002,32.7151,33.2880,33.5792,32.8696,33.8113,33.4815
2023-08-17,5,Pian Rosa,4,3480.0000,33.9630,6.6700,35.2668,34.8624,34.3343,33.8672,34.6738,35.2038,33.8352,34.6138,35.7736,36.2098,34.9312,35.0880,33.9566
2023-08-17,6,Torino / Caselle,2,301.0000,62.2905,6.6700,33.8782,34.3185,33.9463,34.6732,34.5791,35.1621,34.3755,34.3159,35.0770,35.2477,34.4041,34.8737,34.2872
2023-08-17,7,Torino / Bric Della Croce,2,709.0000,72.5131,6.6700,35.4662,33.9982,34.5365,34.8872,35.1433,35.3746,34.7235,34.7858,35.4233,35.5129,34.8015,35.1068,34.6122
2023-08-17,8,Novara / Cameri,1,178.0000,49.0769,6.6700,32.9205,32.3379,33.5871,33.0168,33.6747,33.8956,33.2480,33.2487,34.0222,33.9266,33.2324,33.9122,33.5685
2023-08-17,9,Milano / Malpensa,1,234.0000,46.2864,6.6700,33.5950,32.3281,33.3833,32.9007,33.6706,33.8546,33.1813,33.3414,34.1535,33.8820,33.1648,33.7849,33.4090
2023-08-17,10,Bergamo / Orio Al Serio,2,238.0000,41.5983,6.6700,31.9441,30.1913,31.6945,31.6273,32.5982,31.5298,31.0157,30.9897,31.7919,31.6403,31.0464,31.8068,31.4902
2023-08-17,11,Milano / Linate,4,107.0000,41.5983,6.6700,32.1921,30.9636,32.4076,32.1830,32.6951,33.1760,32.9672,33.0840,33.3799,33.1992,33.0167,32.5868,32.3730
2023-08-17,13,Brescia / Ghedi,2,102.0000,45.8189,6.6700,31.8999,29.5750,31.5865,31.3051,31.5896,31.4366,31.2177,31.2827,31.6906,31.5527,31.2711,31.3496,31.1984
2023-08-17,14,Verona / Rivoltella,2,64.0000,25.9799,6.6700,30.4356,29.1169,30.9989,31.1812,31.2431,30.0279,29.8934,29.5946,29.9375,30.0725,29.8732,30.7692,30.6841
2023-08-17,15,Verona / Villafranca,1,67.0000,25.9799,6.6700,31.7712,29.7121,31.3080,31.4394,31.2266,31.4909,31.5839,31.8890,31.6750,31.5579,31.6330,31.2880,31.1486
2023-08-17,16,Padova,3,13.0000,37.0588,6.6700,32.3700,30.9024,32.5808,31.7368,32.5668,33.1688,32.7192,32.7868,33.0456,33.0796,32.6463,32.7340,32.5194
2023-08-17,17,Treviso / Istrana,1,45.0000,37.0588,6.6700,32.4782,31.8033,32.4827,32.0427,32.6883,33.0762,32.6865,32.7280,33.1228,33.1417,32.7212,33.0227,32.6394
2023-08-17,18,Treviso / S. Angelo,1,18.0000,38.0901,6.6700,32.2258,31.7921,32.8187,32.0295,33.0820,33.6030,33.1961,33.0829,33.5001,33.6576,33.2209,33.4052,32.9906
2023-08-17,19,Venezia / Tessera,1,2.0000,39.4195,6.6700,31.7363,31.0070,31.2753,31.6955,30.8833,32.3346,31.8511,31.2992,31.7737,32.4220,31.9032,31.4417,30.9484
2023-08-17,20,Monte Settepani / Caragna,0,1381.0000,55.2369,6.6700,30.9023,30.7653,30.2434,34.0390,30.2174,31.4344,31.0935,30.9990,31.0981,31.2599,30.9735,31.0824,30.8046
2023-08-17,21,Mondovi,0,559.0000,72.5131,6.6700,32.3816,32.2806,32.3085,35.1905,32.3840,33.3307,32.9157,32.8374,33.0292,33.1264,32.7685,32.9248,32.6362
2023-08-17,22,Monte Malanotte,0,1741.0000,85.7364,6.6700,32.2926,32.1729,31.6233,35.2019,32.2901,32.7577,32.3523,31.8337,32.0104,32.5902,32.2361,32.6264,32.3376
2023-08-17,23,Passo Dei Giovi,0,468.0000,24.9535,6.6700,31.0822,29.7626,29.8990,31.6861,29.7553,30.9498,30.6764,30.5823,30.6128,30.7558,30.5439,30.2698,30.0101
2023-08-17,24,Genova / Sestri,1,2.0000,24.9535,6.6700,30.4317,29.3182,31.1835,31.0380,29.9706,30.5304,30.6104,30.3246,30.2450,30.5284,30.5792,30.8261,30.9589
2023-08-17,25,Albenga,0,45.0000,71.3337,6.6700,32.1268,31.1105,31.4165,34.2574,31.7856,32.4127,32.0687,32.4268,32.5303,32.2742,31.9962,32.1050,31.8273
2023-08-17,26,Passo Della Cisa,4,1039.0000,55.9905,6.6700,29.9266,28.9757,29.3217,30.5516,29.7062,29.5095,29.4225,29.2893,29.3329,29.4292,29.3629,29.5406,29.4556
2023-08-17,27,Sarzana / Luni,4,9.0000,94.6868,6.6700,30.7620,29.0275,30.3214,30.1652,30.3674,30.5576,30.4437,30.3650,30.4232,30.5449,30.4522,30.6049,30.4980
2023-08-17,28,Bologna / Borgo Panigale,0,51.0000,41.0210,6.6700,32.2523,30.5444,32.0857,31.4352,31.9631,32.3383,31.6008,32.1037,32.4706,32.3450,31.6608,32.2791,31.8154
2023-08-17,29,Ferrara / Fontana,4,9.0000,39.9528,6.6700,31.7091,30.5484,31.7520,31.3701,31.8383,32.4556,32.0105,32.3745,32.7017,32.4748,32.0351,32.0778,31.7296
2023-08-17,30,Monte Cimone,4,2165.0000,59.3732,6.6700,28.4385,29.6777,28.9743,31.2821,29.8276,29.9632,29.7645,29.4826,29.6473,29.9152,29.7234,29.8688,29.6751
2023-08-17,31,Ferrara,4,10.0000,41.7377,6.6700,32.5264,30.5214,31.8248,31.3793,32.0670,32.4960,32.0518,32.4149,32.7414,32.5187,32.0800,32.1220,31.7759
2023-08-17,33,Punta Marina,1,2.0000,25.9357,6.6700,28.9037,29.9535,29.7181,30.8941,29.9544,30.4200,29.3769,28.3772,29.2808,30.4698,29.3879,30.1520,29.1060
2023-08-17,34,Forli,3,27.0000,33.4500,6.6700,31.9855,31.0351,31.7586,31.3286,32.5277,32.6110,31.6739,32.2337,32.6349,32.5674,31.6503,32.4231,31.8821
2023-08-17,35,Cervia,3,6.0000,25.9357,6.6700,30.7664,30.4114,31.2627,31.3509,31.8999,31.9329,30.8954,31.3127,31.7396,31.9156,30.9018,32.0178,31.4182
2023-08-17,36,Rimini,3,12.0000,52.7910,6.6700,27.8087,30.0417,30.1648,31.5532,31.4296,30.8400,29.7720,29.8995,30.3402,30.8132,29.7662,31.0666,30.4750
2023-08-17,37,Torino / Collegno,2,287.0000,74.9769,6.6700,35.0926,34.3673,35.2411,34.8706,35.8536,35.7509,35.0419,35.1784,35.8559,35.8796,35.1110,35.7401,35.2030
2023-08-17,38,Aosta / Pollein,0,546.0000,20.6866,6.6700,34.1599,35.5538,34.6592,34.0150,36.0704,36.2854,35.2608,35.4302,35.6435,36.1644,35.0961,36.1761,35.5865
2023-08-18,0,Grand St. Bernard / Grand Saint Bernard,3,2472.0000,20.6866,5.8870,33.6041,34.1803,35.6860,35.1384,35.6135,35.0065,35.4565,35.1688,34.7449,34.8843,35.3843,34.5945,35.1645
2023-08-18,1,Locarno-Magadino,3,197.0000,62.2060,5.8870,33.8727,31.4690,32.4256,34.0627,31.8020,31.8582,32.2326,32.2322,31.9670,31.9340,32.3652,31.9951,32.5985
2023-08-18,2,Lugano,3,273.0000,46.2864,5.8870,33.1993,31.3028,32.4955,33.9968,31.7746,32.0857,32.4651,32.4538,32.1914,32.1329,32.5720,32.1102,32.7293
2023-08-18,3,Paganella,2,2125.0000,86.1858,5.8870,31.1969,31.8247,32.3940,32.7854,32.0453,32.0556,32.1741,32.1609,32.0071,32.1172,32.2193,32.1653,32.2972
2023-08-18,5,Pian Rosa,4,3480.0000,33.9630,5.8870,33.4634,32.5185,33.4689,35.0769,32.5720,32.9032,33.1645,33.5117,33.2114,33.1606,33.3215,32.7634,33.0804
2023-08-18,6,Torino / Caselle,2,301.0000,62.2905,5.8870,36.3394,34.3735,36.0255,35.1003,35.1984,35.9005,36.2477,36.3785,36.0388,36.0840,36.3606,35.6092,35.9251
2023-08-18,7,Torino / Bric Della Croce,2,709.0000,72.5131,5.8870,35.4446,33.9774,35.8232,35.0766,35.5245,35.6417,35.9976,36.2000,35.8127,35.8099,36.0978,35.3788,35.6900
2023-08-18,8,Novara / Cameri,1,178.0000,49.0769,5.8870,34.1789,31.9797,34.7739,33.9650,33.8179,34.1369,34.7961,35.1754,34.6701,34.2074,34.8330,33.8156,34.5434
2023-08-18,9,Milano / Malpensa,1,234.0000,46.2864,5.8870,34.8423,32.0089,35.1661,33.9693,33.7314,34.3451,35.0557,35.3651,34.8016,34.4295,35.1057,34.0405,34.8178
2023-08-18,10,Bergamo / Orio Al Serio,2,238.0000,41.5983,5.8870,34.0009,31.0860,33.8071,33.4462,33.4587,33.1761,33.6721,34.2340,33.8394,33.3058,33.7461,32.9003,33.3874
2023-08-18,11,Milano / Linate,4,107.0000,41.5983,5.8870,33.7899,31.0206,33.9858,33.3832,33.0741,33.2471,33.8755,33.9286,33.4048,33.2550,33.9028,33.0453,33.7424
2023-08-18,12,Piacenza,2,134.0000,55.9905,5.8870,31.6834,29.7924,31.5685,32.1270,30.9667,30.6292,30.8310,30.7774,30.5356,30.6431,30.7883,31.1541,31.2714
2023-08-18,13,Brescia / Ghedi,2,102.0000,45.8189,5.8870,33.5106,30.5194,32.7132,33.1368,32.0186,31.9594,32.2193,32.4360,32.2249,31.9396,32.1697,32.1138,32.3732
2023-08-18,14,Verona / Rivoltella,2,64.0000,25.9799,5.8870,33.4856,30.5659,33.0984,33.0268,32.8714,32.3442,32.5726,33.1285,32.9591,32.3394,32.5512,32.4391,32.6818
2023-08-18,15,Verona / Villafranca,1,67.0000,25.9799,5.8870,32.3858,30.6490,32.6087,33.2529,31.7119,32.0756,32.6830,32.7732,32.1765,32.1264,32.7111,32.0233,32.5142
2023-08-18,16,Padova,3,13.0000,37.0588,5.8870,34.1641,32.0544,33.9978,34.0221,33.6904,34.3645,34.2254,34.5788,34.3512,34.2725,34.1240,34.0061,33.9056
2023-08-18,17,Treviso / Istrana,1,45.0000,37.0588,5.8870,34.2808,33.3622,34.7333,34.6547,34.3937,34.6193,34.6506,34.7812,34.6499,34.6508,34.6322,34.7667,34.9382
2023-08-18,18,Treviso / S. Angelo,1,18.0000,38.0901,5.8870,34.4017,33.4915,34.7007,34.6852,34.6954,34.8588,34.8955,34.7641,34.6304,34.8916,34.8791,34.8838,35.0632
2023-08-18,19,Venezia / Tessera,1,2.0000,39.4195,5.8870,31.3553,32.1111,32.6264,34.4950,31.6162,32.2658,32.3393,31.2797,31.0985,32.2690,32.2847,32.4042,32.6231
2023-08-18,20,Monte Settepani / Caragna,0,1381.0000,55.2369,5.8870,32.1398,30.5318,29.4519,34.0851,30.6604,31.2855,30.6272,30.2884,30.5163,31.0869,30.4404,30.9390,30.3918
2023-08-18,21,Mondovi,0,559.0000,72.5131,5.8870,33.2693,32.3027,32.2726,35.0165,32.9165,33.2757,32.7579,32.3320,32.5351,33.0517,32.5773,33.1609,32.8357
2023-08-18,22,Monte Malanotte,0,1741.0000,85.7364,5.8870,32.1175,31.5786,30.6305,35.0061,31.5645,32.1076,31.5548,30.5064,30.7175,31.9239,31.4068,32.0345,31.6703
2023-08-18,23,Passo Dei Giovi,0,468.0000,24.9535,5.8870,31.9323,29.5248,29.0367,32.1021,29.5065,30.5164,29.9050,30.3145,30.4408,30.2585,29.6566,30.1276,29.4984
2023-08-18,24,Genova / Sestri,1,2.0000,24.9535,5.8870,27.8433,29.2395,30.7526,31.4305,28.9565,29.5282,30.5563,29.4009,28.3081,29.5027,30.5415,30.1496,30.8967
2023-08-18,25,Albenga,0,45.0000,71.3337,5.8870,33.2521,30.9398,30.9117,34.2128,31.9834,32.3575,31.7980,31.8774,32.0738,32.1617,31.6329,32.1309,31.6053
2023-08-18,26,Passo Della Cisa,4,1039.0000,55.9905,5.8870,30.2081,29.4604,30.3969,31.0308,30.5727,30.3959,30.8028,30.7968,30.2645,30.3141,30.7759,30.2149,30.5039
2023-08-18,27,Sarzana / Luni,4,9.0000,94.6868,5.8870,28.4623,29.1928,30.3410,30.5415,30.0295,29.9623,30.2138,29.6996,29.3126,29.9746,30.2565,30.4731,30.6936
2023-08-18,28,Bologna / Borgo Panigale,0,51.0000,41.0210,5.8870,33.4340,31.3281,33.7033,32.6672,33.0003,33.3863,33.2294,33.6833,33.5421,33.3778,33.2878,33.2774,33.2608
2023-08-18,29,Ferrara / Fontana,4,9.0000,39.9528,5.8870,34.1604,31.2570,33.1835,33.3605,32.7358,33.1466,33.1462,33.6048,33.4848,33.1200,33.1308,33.0071,33.1093
2023-08-18,30,Monte Cimone,4,2165.0000,59.3732,5.8870,28.3197,29.9237,29.4373,31.9972,29.6889,30.3080,30.5760,30.2965,29.9719,30.2761,30.5766,30.0116,30.2460
2023-08-18,31,Ferrara,4,10.0000,41.7377,5.8870,34.2474,31.2708,33.2512,33.3791,32.8577,33.2617,33.2587,33.6564,33.5375,33.2542,33.2624,33.0593,33.1600
2023-08-18,32,Bologna / Borgo Panigale,0,36.0000,39.9528,5.8870,33.5914,31.3556,33.6833,32.6623,33.4331,33.3938,33.2475,33.7008,33.5502,33.3750,33.2941,33.2650,33.2554
2023-08-18,33,Punta Marina,1,2.0000,25.9357,5.8870,32.4413,31.9372,32.9135,33.6263,31.8353,32.8105,32.7572,31.8428,31.8966,32.9096,32.8022,32.1789,32.2183
2023-08-18,34,Forli,3,27.0000,33.4500,5.8870,33.9463,32.4358,34.0104,33.2955,33.9700,33.5860,33.3406,33.9257,33.7271,33.6284,33.4101,33.8694,33.9817
2023-08-18,35,Cervia,3,6.0000,25.9357,5.8870,34.5190,32.6610,34.6872,33.7089,34.9523,34.9971,34.7255,35.1183,34.9179,34.8959,34.6464,34.4952,34.6272
2023-08-18,36,Rimini,3,12.0000,52.7910,5.8870,33.5512,33.2125,34.6264,34.0595,34.6034,35.1556,34.8864,34.7800,34.5790,35.0753,34.8274,34.6628,34.7893
2023-08-18,38,Aosta / Pollein,0,546.0000,20.6866,5.8870,35.5906,34.0668,34.3007,35.1338,35.2259,35.0431,34.5741,34.7851,34.7803,34.9245,34.4927,35.0781,35.0362
2023-08-19,0,Grand St. Bernard / Grand Saint Bernard,3,2472.0000,20.6866,29.1874,37.3736,38.3549,38.5781,37.4401,40.0142,38.9090,37.7538,37.4678,39.2654,38.9031,37.7988,38.7471,37.6431
2023-08-19,1,Locarno-Magadino,3,197.0000,62.2060,29.1874,34.6761,34.5199,34.2221,33.6296,35.1128,34.6505,34.3275,34.3739,34.7544,34.6659,34.3504,34.9525,34.1134
2023-08-19,2,Lugano,3,273.0000,46.2864,29.1874,33.4821,34.3530,34.1711,33.7078,34.7497,34.9533,33.8532,33.9403,35.2418,34.9824,33.9275,35.0954,34.2594
2023-08-19,3,Paganella,2,2125.0000,86.1858,29.1874,36.2753,34.7518,34.5698,34.8264,35.3938,34.8949,34.7817,34.8873,35.0269,34.9082,34.7931,35.1892,34.7369
2023-08-19,4,Aviano,3,128.0000,53.5302,29.1874,35.4804,36.3700,36.7536,35.5073,36.5251,36.7178,36.0336,35.6583,36.4172,36.7382,36.0530,37.1557,36.6284
2023-08-19,5,Pian Rosa,4,3480.0000,33.9630,29.1874,37.1217,37.4434,36.5069,37.2594,38.0339,37.8501,36.7269,37.3722,39.4382,38.4600,37.3487,37.6357,36.2825
2023-08-19,6,Torino / Caselle,2,301.0000,62.2905,29.1874,35.2344,36.2102,36.0586,36.4584,36.9043,37.4120,36.3130,36.3431,37.9261,37.4908,36.3487,36.9871,36.1457
2023-08-19,7,Torino / Bric Della Croce,2,709.0000,72.5131,29.1874,35.6624,35.9184,36.0973,36.1691,37.0661,37.1959,36.1936,36.1602,37.5791,37.2942,36.2484,36.9057,36.1044
2023-08-19,8,Novara / Cameri,1,178.0000,49.0769,29.1874,34.4143,34.4770,35.2700,34.9098,36.1904,35.7247,34.5613,34.3826,36.1455,35.7693,34.5289,35.9897,35.3236
2023-08-19,9,Milano / Malpensa,1,234.0000,46.2864,29.1874,33.9535,34.3479,34.9311,34.7100,36.0068,35.7067,34.4965,34.3567,36.1532,35.7450,34.4594,35.7128,35.0355
2023-08-19,11,Milano / Linate,4,107.0000,41.5983,29.1874,35.4853,34.1518,35.1577,34.4829,36.3399,36.1943,35.2066,35.3751,36.6013,36.2206,35.2833,35.8386,35.1247
2023-08-19,12,Piacenza,2,134.0000,55.9905,29.1874,34.8995,33.2635,34.2296,34.7415,34.0455,34.7671,34.5348,34.8312,35.0591,34.7810,34.4763,34.3481,33.9979
2023-08-19,13,Brescia / Ghedi,2,102.0000,45.8189,29.1874,34.3979,33.4569,34.5461,34.2296,34.8304,34.9689,34.5667,34.5725,34.9973,35.0143,34.5547,34.7587,34.3982
2023-08-19,14,Verona / Rivoltella,2,64.0000,25.9799,29.1874,33.6062,33.2700,34.3860,34.6478,34.8509,34.7538,34.3046,34.3624,34.7715,34.8483,34.3568,34.5945,34.2703
2023-08-19,15,Verona / Villafranca,1,67.0000,25.9799,29.1874,33.8536,33.0307,34.1315,35.2770,34.0287,34.2691,33.9802,33.8808,34.6731,34.3165,33.9706,34.1499,34.0089
2023-08-19,16,Padova,3,13.0000,37.0588,29.1874,36.5253,33.9208,35.5654,35.2010,35.7614,35.6734,35.3977,35.7706,36.0245,35.6374,35.3428,35.7318,35.4869
2023-08-19,17,Treviso / Istrana,1,45.0000,37.0588,29.1874,34.2289,34.5635,35.1801,35.1419,35.4708,35.5096,35.8413,35.8173,35.8200,35.5402,35.9013,35.4952,35.3255
2023-08-19,18,Treviso / S. Angelo,1,18.0000,38.0901,29.1874,34.4436,34.5966,35.4796,35.1426,35.8795,35.8146,36.0140,36.2064,36.3148,35.8386,36.0477,35.9033,35.6960
2023-08-19,19,Venezia / Tessera,1,2.0000,39.4195,29.1874,34.3205,34.1407,34.2023,35.0913,34.0843,35.6420,35.7652,36.2052,36.3643,35.6973,35.7997,34.4270,34.2384
2023-08-19,20,Monte Settepani / Caragna,0,1381.0000,55.2369,29.1874,33.0578,33.6647,32.1380,35.2390,33.0845,35.0063,33.3897,33.2943,34.7613,34.8839,33.3001,33.9079,32.7722
2023-08-19,21,Mondovi,0,559.0000,72.5131,29.1874,35.2260,35.3089,33.7982,35.8020,34.9264,36.3683,34.6516,34.7868,36.4611,36.2555,34.5926,35.5677,34.3592
2023-08-19,22,Monte Malanotte,0,1741.0000,85.7364,29.1874,34.1587,35.3836,33.7596,35.7886,35.1915,35.9755,34.2771,34.4820,36.1130,35.9135,34.2482,35.7269,34.5270
2023-08-19,23,Passo Dei Giovi,0,468.0000,24.9535,29.1874,34.6244,33.1728,32.9661,34.5461,33.5600,34.7868,33.4037,33.6810,34.8654,34.6719,33.3767,33.9491,33.0218
2023-08-19,24,Genova / Sestri,1,2.0000,24.9535,29.1874,32.2304,32.5795,33.5042,34.0528,33.4424,33.8495,33.3886,32.8454,33.7429,33.9418,33.3904,33.7508,33.5227
2023-08-19,26,Passo Della Cisa,4,1039.0000,55.9905,29.1874,32.9127,32.4493,32.8098,33.9881,33.1351,33.1663,33.1529,32.6332,32.8592,33.1001,33.1334,33.0013,32.8270
2023-08-19,27,Sarzana / Luni,4,9.0000,94.6868,29.1874,32.1606,31.6058,32.7059,33.6643,33.1930,32.9602,32.8649,32.8865,33.1056,32.9331,32.8794,33.0521,32.8539
2023-08-19,28,Bologna / Borgo Panigale,0,51.0000,41.0210,29.1874,36.4311,33.7324,36.1370,35.2064,35.6538,35.3528,35.4089,34.9836,35.1936,35.3444,35.4637,35.5357,35.5698
2023-08-19,29,Ferrara / Fontana,4,9.0000,39.9528,29.1874,35.7635,33.4903,35.3729,35.4432,34.6474,35.1558,35.2129,35.3355,35.5071,35.1336,35.2149,35.0302,35.0563
2023-08-19,30,Monte Cimone,4,2165.0000,59.3732,29.1874,33.5624,33.2392,32.9174,34.7438,33.6684,33.8095,34.3552,34.8236,34.4497,33.7388,34.3343,33.4976,33.4726
2023-08-19,31,Ferrara,4,10.0000,41.7377,29.1874,35.8630,33.4890,35.3043,35.4492,34.9635,35.1435,35.2152,35.3282,35.4870,35.1214,35.2171,34.9912,35.0125
2023-08-19,32,Bologna / Borgo Panigale,0,36.0000,39.9528,29.1874,35.9263,33.7299,36.0848,35.2114,35.9312,35.3485,35.4107,34.9999,35.1940,35.3391,35.4631,35.4996,35.5366
2023-08-19,33,Punta Marina,1,2.0000,25.9357,29.1874,34.4474,33.3447,33.8076,35.0986,33.7663,34.6352,34.2001,33.8089,34.0163,34.7045,34.2041,33.5970,33.0886
2023-08-19,34,Forli,3,27.0000,33.4500,29.1874,35.5275,34.2602,36.0594,35.0923,35.5318,35.5797,35.3886,35.8056,35.7513,35.5655,35.3868,35.4745,35.8952
2023-08-19,35,Cervia,3,6.0000,25.9357,29.1874,34.2603,33.8932,35.9436,35.1141,35.1333,35.1607,34.9220,35.0867,34.9987,35.1621,34.9364,35.3791,35.8248
2023-08-19,36,Rimini,3,12.0000,52.7910,29.1874,32.7375,33.8383,35.3431,35.1252,34.8532,34.1740,33.8791,33.4631,33.3900,34.1628,33.8825,35.0770,35.5104
2023-08-19,37,Torino / Collegno,2,287.0000,74.9769,29.1874,34.7655,36.1417,36.6206,36.2842,37.7910,37.4028,36.3610,36.3725,37.8727,37.4884,36.4026,37.3363,36.5240
2023-08-19,38,Aosta / Pollein,0,546.0000,20.6866,29.1874,37.4333,37.7761,36.6892,37.3222,38.3690,38.6866,36.8479,36.7108,38.6648,38.6106,36.8093,38.5406,37.3781
2023-08-20,0,Grand St. Bernard / Grand Saint Bernard,3,2472.0000,20.6866,5.7965,34.3068,34.9077,35.6162,36.8893,35.6264,35.5253,35.1810,35.1839,35.4152,35.4113,35.1302,35.1819,35.0413
2023-08-20,2,Lugano,3,273.0000,46.2864,5.7965,35.7919,36.3265,36.5945,37.9394,36.7312,36.4666,36.3674,35.9171,36.0285,36.4851,36.4496,36.5975,36.7038
2023-08-20,3,Paganella,2,2125.0000,86.1858,5.7965,35.1040,34.9689,36.5455,36.0228,35.5350,35.5125,36.1634,36.3404,35.6905,35.5967,36.2038,35.5483,36.2322
2023-08-20,4,Aviano,3,128.0000,53.5302,5.7965,37.7913,35.3707,37.4099,37.1005,36.3854,36.2168,37.0726,37.5979,36.6234,36.2496,37.1035,36.3416,37.1541
2023-08-20,5,Pian Rosa,4,3480.0000,33.9630,5.7965,34.8433,34.9594,34.8006,36.9529,35.1821,35.0645,34.6235,34.7933,35.2289,35.7863,35.3252,35.1088,34.7113
2023-08-20,6,Torino / Caselle,2,301.0000,62.2905,5.7965,37.4773,37.4638,38.3461,37.1036,38.2036,38.4683,38.1232,38.3464,38.7453,38.5578,38.1600,38.3772,38.1006
2023-08-20,8,Novara / Cameri,1,178.0000,49.0769,5.7965,38.5917,37.7252,38.8189,37.6813,38.6524,39.0251,38.8683,38.8915,39.0495,39.0823,38.9115,38.8449,38.7290
2023-08-20,9,Milano / Malpensa,1,234.0000,46.2864,5.7965,38.7579,37.5986,38.6993,37.7381,38.7077,38.9115,38.7540,39.1035,39.2347,38.9634,38.7926,38.7123,38.5967
2023-08-20,10,Bergamo / Orio Al Serio,2,238.0000,41.5983,5.7965,38.2054,36.4745,38.0764,37.4865,37.8207,37.4960,37.7564,37.9727,37.7881,37.5782,37.7947,37.5529,37.7822
2023-08-20,11,Milano / Linate,4,107.0000,41.5983,5.7965,38.8377,37.0772,37.9450,37.6435,38.3308,38.1604,38.1869,38.4786,38.5635,38.1717,38.2103,37.9947,38.0225
2023-08-20,12,Piacenza,2,134.0000,55.9905,5.7965,37.2515,35.9502,37.3435,36.7589,36.8418,36.7616,37.0582,37.0805,36.7715,36.7627,37.0210,36.8039,36.9923
2023-08-20,13,Brescia / Ghedi,2,102.0000,45.8189,5.7965,37.2223,36.3511,37.8425,37.0880,37.1974,37.3869,37.7173,37.9004,37.5832,37.4292,37.7236,37.2759,37.6219
2023-08-20,14,Verona / Rivoltella,2,64.0000,25.9799,5.7965,36.2561,35.8939,37.5865,36.8278,37.0369,36.6396,37.0080,37.0818,36.7123,36.6597,36.9939,36.9684,37.3836
2023-08-20,15,Verona / Villafranca,1,67.0000,25.9799,5.7965,37.2393,36.0385,37.0871,36.7820,36.6622,37.0190,37.1952,37.4252,36.9469,37.0639,37.2241,36.8659,37.0307
2023-08-20,16,Padova,3,13.0000,37.0588,5.7965,38.2380,34.9438,36.8027,36.7041,35.9910,36.3080,36.8578,37.0802,36.3414,36.2436,36.8087,36.0053,36.5945
2023-08-20,17,Treviso / Istrana,1,45.0000,37.0588,5.7965,36.8149,35.0927,36.5776,36.8900,35.5560,35.6005,36.7715,37.0456,35.8057,35.6281,36.7913,35.5832,36.5581
2023-08-20,18,Treviso / S. Angelo,1,18.0000,38.0901,5.7965,37.4941,34.9826,36.6923,36.8639,35.5455,35.9478,37.1062,37.4264,36.2070,35.9884,37.1353,35.8089,36.8279
2023-08-20,19,Venezia / Tessera,1,2.0000,39.4195,5.7965,35.1466,34.0290,35.4160,36.6185,34.2491,34.2535,35.5911,34.8728,33.4424,34.2726,35.6034,34.2336,35.3755
2023-08-20,20,Monte Settepani / Caragna,0,1381.0000,55.2369,5.7965,34.2103,35.2329,35.1231,37.0041,34.8303,35.6862,35.5336,35.2709,35.4680,35.5817,35.4737,35.4316,35.4158
2023-08-20,21,Mondovi,0,559.0000,72.5131,5.7965,35.7942,35.7978,36.1286,37.1472,36.1563,36.5678,36.2829,35.9374,36.2796,36.4069,36.1661,36.3620,36.2499
2023-08-20,22,Monte Malanotte,0,1741.0000,85.7364,5.7965,33.8617,34.7860,34.5243,37.1267,35.0101,35.3815,35.1140,34.4889,34.8116,35.2384,35.0118,35.1128,35.0146
2023-08-20,23,Passo Dei Giovi,0,468.0000,24.9535,5.7965,35.9850,35.4623,36.1570,36.5915,35.8273,35.8643,35.9409,35.3739,35.3131,35.7137,35.8434,35.8659,36.0051
2023-08-20,24,Genova / Sestri,1,2.0000,24.9535,5.7965,36.6615,35.3120,36.0167,35.9227,35.4582,36.4105,36.2814,36.0105,35.9587,36.4338,36.3070,36.2666,36.0793
2023-08-20,25,Albenga,0,45.0000,71.3337,5.7965,35.6303,35.3853,35.7057,36.8965,35.2766,36.3924,36.2222,35.8087,36.0231,36.3169,36.1959,35.9632,35.9351
2023-08-20,26,Passo Della Cisa,4,1039.0000,55.9905,5.7965,35.2062,34.4913,35.1301,35.7474,34.9857,34.7412,35.0626,34.8699,34.5099,34.6897,35.0425,34.8721,35.1152
2023-08-20,27,Sarzana / Luni,4,9.0000,94.6868,5.7965,35.7331,34.6244,35.8965,35.2790,35.5816,35.5960,35.9027,35.7879,35.4378,35.5891,35.9150,35.7236,35.9687
2023-08-20,28,Bologna / Borgo Panigale,0,51.0000,41.0210,5.7965,37.2761,35.1732,36.3496,36.1149,36.3530,36.4163,36.4976,36.8038,36.3353,36.4251,36.5406,36.1846,36.3415
2023-08-20,29,Ferrara / Fontana,4,9.0000,39.9528,5.7965,36.8799,34.8095,37.3174,36.1975,36.1871,36.1404,36.6319,36.8540,36.2444,36.1224,36.6134,36.2306,36.8232
2023-08-20,30,Monte Cimone,4,2165.0000,59.3732,5.7965,32.7800,33.7850,34.0775,35.9891,34.3801,34.1706,34.6883,34.5628,33.9947,34.1396,34.6803,34.0056,34.4073
2023-08-20,31,Ferrara,4,10.0000,41.7377,5.7965,36.4613,34.8207,37.2179,36.2157,36.3337,36.1615,36.6673,36.8959,36.2725,36.1597,36.6639,36.1640,36.7663
2023-08-20,32,Bologna / Borgo Panigale,0,36.0000,39.9528,5.7965,36.6394,35.1653,36.3423,36.1021,36.3463,36.4208,36.5112,36.8096,36.3337,36.4296,36.5533,36.1805,36.3428
2023-08-20,33,Punta Marina,1,2.0000,25.9357,5.7965,32.7240,33.1689,33.7422,35.6361,32.5043,33.0807,33.7316,32.8724,31.9238,33.0676,33.7056,33.2463,33.7959
2023-08-20,34,Forli,3,27.0000,33.4500,5.7965,36.2380,34.1710,35.4916,35.9440,35.0820,35.2933,35.1666,35.7545,35.3324,35.2731,35.1579,35.1714,35.1837
2023-08-20,35,Cervia,3,6.0000,25.9357,5.7965,35.0413,33.5182,34.6720,36.0187,34.2124,34.4908,34.3468,34.4387,33.9764,34.4488,34.3121,34.4802,34.4533
2023-08-20,36,Rimini,3,12.0000,52.7910,5.7965,32.9504,33.4255,34.0720,36.2484,34.1887,33.8767,33.7299,33.5085,33.0147,33.8647,33.7263,34.0471,34.0282
2023-08-20,37,Torino / Collegno,2,287.0000,74.9769,5.7965,38.0442,37.3866,38.4292,37.1202,38.7387,38.5025,38.1421,38.3299,38.7331,38.6044,38.1924,38.4604,38.1559
2023-08-20,38,Aosta / Pollein,0,546.0000,20.6866,5.7965,36.3042,35.6079,35.1288,36.9185,36.1609,36.2772,35.4115,34.8705,35.6315,36.1858,35.2951,36.2204,35.7197
2023-08-21,0,Grand St. Bernard / Grand Saint Bernard,3,2472.0000,20.6866,4.9189,35.4089,36.6178,37.2686,38.4025,37.4421,37.0966,36.6641,36.0571,36.1959,37.0326,36.6449,36.8752,36.6084
2023-08-21,1,Locarno-Magadino,3,197.0000,62.2060,4.9189,38.1271,37.4246,38.0042,38.0802,38.0034,37.6403,37.2013,37.3850,37.7334,37.6971,37.3216,37.8028,37.6661
2023-08-21,2,Lugano,3,273.0000,46.2864,4.9189,37.7259,37.4356,38.2284,38.0571,38.2213,37.7759,37.3506,37.6294,37.9976,37.8299,37.4633,38.2114,38.0796
2023-08-21,3,Paganella,2,2125.0000,86.1858,4.9189,35.3888,34.0538,35.1134,35.9724,34.1597,34.2829,35.3023,35.1817,34.1560,34.3215,35.3008,34.1459,34.9998
2023-08-21,4,Aviano,3,128.0000,53.5302,4.9189,35.9999,34.6158,36.8369,36.1762,35.0210,35.3204,36.6278,36.5766,34.9741,35.3277,36.6333,35.3303,36.5232
2023-08-21,5,Pian Rosa,4,3480.0000,33.9630,4.9189,37.1525,37.0628,36.4490,38.3928,37.5270,37.2280,36.5628,36.3496,37.0489,37.5917,36.9193,37.1805,36.5798
2023-08-21,6,Torino / Caselle,2,301.0000,62.2905,4.9189,38.5977,37.8457,37.4653,38.1140,37.6756,38.2309,37.7376,37.7167,38.0858,38.2656,37.7346,38.0473,37.5805
2023-08-21,7,Torino / Bric Della Croce,2,709.0000,72.5131,4.9189,37.8292,37.7474,37.9575,38.0221,38.8283,38.3729,37.9040,38.1127,38.4364,38.4345,37.9298,38.3662,37.9085
2023-08-21,8,Novara / Cameri,1,178.0000,49.0769,4.9189,38.6378,38.5245,39.4292,38.1058,39.4502,39.8224,39.7014,39.8608,39.9739,39.8777,39.7502,39.6026,39.4846
2023-08-21,10,Bergamo / Orio Al Serio,2,238.0000,41.5983,4.9189,37.8527,36.9194,37.9623,37.7196,38.0445,37.7735,37.9461,38.3759,38.2504,37.8355,37.9689,37.7750,37.8749
2023-08-21,12,Piacenza,2,134.0000,55.9905,4.9189,37.2618,37.1017,37.6396,37.0952,37.6849,37.5078,37.5776,37.7562,37.5972,37.5013,37.5399,37.5304,37.5074
2023-08-21,13,Brescia / Ghedi,2,102.0000,45.8189,4.9189,37.7924,36.1270,37.7779,37.0714,37.0139,36.9876,37.5021,37.6316,37.1220,36.9954,37.4884,37.0545,37.4880
2023-08-21,14,Verona / Rivoltella,2,64.0000,25.9799,4.9189,37.1785,35.4723,37.4402,36.6316,36.5538,36.5542,37.2901,37.4047,36.6900,36.5784,37.2972,36.4781,37.1273
2023-08-21,15,Verona / Villafranca,1,67.0000,25.9799,4.9189,37.1512,35.1869,36.8386,36.2528,35.8949,35.9303,36.7198,36.8419,35.8318,35.9632,36.7379,35.8576,36.5813
2023-08-21,16,Padova,3,13.0000,37.0588,4.9189,36.7346,33.7914,35.8089,36.1743,34.6240,34.7521,35.8496,36.0603,34.7203,34.7051,35.8197,34.5354,35.5986
2023-08-21,17,Treviso / Istrana,1,45.0000,37.0588,4.9189,36.5722,33.8359,35.6892,36.2760,34.4291,34.4741,35.7133,35.7004,34.3227,34.4996,35.7277,34.4119,35.4962
2023-08-21,18,Treviso / S. Angelo,1,18.0000,38.0901,4.9189,35.8677,33.8070,35.7518,36.2606,34.2110,34.5498,35.7654,35.5600,34.2188,34.5527,35.7572,34.6414,35.7469
2023-08-21,19,Venezia / Tessera,1,2.0000,39.4195,4.9189,34.3681,33.0485,34.5056,36.1044,32.4416,33.1223,34.6010,33.8035,32.1831,33.1340,34.6069,33.2092,34.4705
2023-08-21,20,Monte Settepani / Caragna,0,1381.0000,55.2369,4.9189,35.9415,36.5954,35.8385,37.6386,36.4366,37.0294,36.2660,35.9534,36.3914,36.9097,36.1153,36.8907,36.2463
2023-08-21,21,Mondovi,0,559.0000,72.5131,4.9189,36.7722,36.7306,36.1095,37.8603,36.5568,36.9777,36.3193,35.7683,36.1391,36.9206,36.2515,36.9156,36.3840
2023-08-21,22,Monte Malanotte,0,1741.0000,85.7364,4.9189,36.3548,36.3160,35.4944,37.8441,36.3684,36.6459,35.9655,34.6800,35.0622,36.5419,35.8396,36.5530,36.0034
2023-08-21,23,Passo Dei Giovi,0,468.0000,24.9535,4.9189,37.0700,37.2804,36.9322,37.1887,37.6566,37.8177,37.0432,37.0275,37.4839,37.6316,36.8207,37.8633,37.1843
2023-08-21,24,Genova / Sestri,1,2.0000,24.9535,4.9189,35.8770,37.0959,37.1175,36.6730,36.7231,37.3955,36.9802,36.0856,36.3072,37.3749,36.9584,37.7616,37.4017
2023-08-21,25,Albenga,0,45.0000,71.3337,4.9189,36.8454,36.5067,36.0399,37.5928,37.1055,37.1809,36.4901,36.2938,36.6867,37.1106,36.4196,36.9718,36.3446
2023-08-21,26,Passo Della Cisa,4,1039.0000,55.9905,4.9189,36.6618,36.1267,35.9361,36.0190,36.1234,36.1319,36.0996,35.9402,35.9557,36.1108,36.1030,36.1891,36.1983
2023-08-21,27,Sarzana / Luni,4,9.0000,94.6868,4.9189,36.2642,35.5308,36.3605,35.7359,35.9496,36.3815,36.3677,35.9501,35.9214,36.3872,36.3934,36.4943,36.5188
2023-08-21,28,Bologna / Borgo Panigale,0,51.0000,41.0210,4.9189,36.5492,34.4952,35.9969,36.1622,35.3298,35.5125,35.9911,36.2801,35.5735,35.5213,36.0109,35.3586,35.9021
2023-08-21,29,Ferrara / Fontana,4,9.0000,39.9528,4.9189,35.3262,34.0277,36.2089,35.8396,34.7954,34.7791,35.8290,35.9087,34.7400,34.7639,35.8188,34.8309,35.8527
2023-08-21,30,Monte Cimone,4,2165.0000,59.3732,4.9189,33.7370,34.3502,34.4883,36.2304,33.9003,34.3241,34.8397,34.2614,33.7202,34.3196,34.8612,34.3837,34.9043
2023-08-21,31,Ferrara,4,10.0000,41.7377,4.9189,35.9187,34.0375,36.2572,35.8487,35.2086,34.9206,35.9698,36.0535,34.8842,34.9184,35.9688,34.8809,35.9126
2023-08-21,33,Punta Marina,1,2.0000,25.9357,4.9189,33.7622,32.9588,34.3467,34.9717,32.8947,32.9216,34.3087,33.1433,31.7596,32.9140,34.2900,33.0454,34.3150
2023-08-21,34,Forli,3,27.0000,33.4500,4.9189,35.8041,33.5679,35.6157,35.5317,34.7354,34.6580,35.3003,35.7345,34.9046,34.6469,35.2970,34.5325,35.1495
2023-08-21,35,Cervia,3,6.0000,25.9357,4.9189,35.8464,33.3911,35.3331,35.3999,34.7751,34.4338,35.0832,34.9700,34.1453,34.3881,35.0495,34.3113,34.9468
2023-08-21,36,Rimini,3,12.0000,52.7910,4.9189,35.1174,33.6839,35.0459,35.5170,34.1349,34.2067,34.8966,34.2091,33.3314,34.1915,34.8905,34.2773,34.9142
2023-08-21,37,Torino / Collegno,2,287.0000,74.9769,4.9189,38.2558,37.6720,38.1981,38.0424,38.9052,38.5458,38.0821,38.4061,38.7267,38.6152,38.1147,38.4623,38.0080
2023-08-21,38,Aosta / Pollein,0,546.0000,20.6866,4.9189,37.2523,37.0450,36.7523,38.3711,37.7664,37.7121,36.8493,36.5197,36.4237,37.6359,36.7708,37.6936,37.1205
2023-08-22,0,Grand St. Bernard / Grand Saint Bernard,3,2472.0000,20.6866,9.1204,34.4323,36.0627,36.3221,37.8649,36.6491,36.4494,35.9860,36.1713,36.4860,36.3823,35.9596,36.2381,35.9580
2023-08-22,1,Locarno-Magadino,3,197.0000,62.2060,9.1204,37.4221,36.3143,36.9193,38.1299,36.5354,36.2109,36.2806,36.4037,36.2899,36.2352,36.3472,36.4834,36.5842
2023-08-22,2,Lugano,3,273.0000,46.2864,9.1204,37.6619,36.2957,37.1506,38.1152,36.8874,36.3245,36.4526,36.3397,36.1764,36.3577,36.5214,36.7928,36.9153
2023-08-22,3,Paganella,2,2125.0000,86.1858,9.1204,33.8650,33.4701,33.9864,34.7926,33.7030,33.7130,33.6449,33.7743,33.7276,33.7605,33.6767,33.7795,33.8024
2023-08-22,4,Aviano,3,128.0000,53.5302,9.1204,33.9888,33.7046,34.7847,34.4950,34.3677,34.3662,34.2632,34.2012,34.0601,34.3824,34.2898,34.5271,34.4785
2023-08-22,5,Pian Rosa,4,3480.0000,33.9630,9.1204,35.8796,35.9692,35.2519,37.9075,36.1222,36.0231,35.5411,35.4767,35.8811,36.5130,36.0290,36.0494,35.5861
2023-08-22,6,Torino / Caselle,2,301.0000,62.2905,9.1204,37.6390,37.9382,37.9212,38.3483,38.2188,38.3296,37.9492,38.1010,38.4147,38.3646,37.9456,38.2974,37.9147
2023-08-22,7,Torino / Bric Della Croce,2,709.0000,72.5131,9.1204,37.7043,38.0614,38.3300,38.4786,39.0339,38.6854,38.3039,38.3996,38.7080,38.7485,38.3289,38.6693,38.2677
2023-08-22,8,Novara / Cameri,1,178.0000,49.0769,9.1204,38.6348,37.6172,38.7602,38.4865,38.3738,38.5729,38.6813,38.7973,38.5842,38.6014,38.7048,38.5147,38.5682
2023-08-22,9,Milano / Malpensa,1,234.0000,46.2864,9.1204,38.7673,37.4351,38.6300,38.4489,38.2618,38.3654,38.5895,38.8793,38.5453,38.3956,38.6194,38.3124,38.4395
2023-08-22,10,Bergamo / Orio Al Serio,2,238.0000,41.5983,9.1204,37.2917,36.2086,36.8940,37.5251,37.0703,36.5051,36.7742,36.7414,36.4298,36.5407,36.7835,36.6421,36.8496
2023-08-22,11,Milano / Linate,4,107.0000,41.5983,9.1204,37.6033,37.0650,37.7469,38.3231,37.8816,37.7022,38.0677,38.1060,37.6749,37.7060,38.0765,37.5977,37.7911
2023-08-22,13,Brescia / Ghedi,2,102.0000,45.8189,9.1204,36.4724,35.9482,37.0224,36.8397,36.7439,36.5601,36.6738,36.8054,36.6122,36.5830,36.6732,36.7005,36.8372
2023-08-22,14,Verona / Rivoltella,2,64.0000,25.9799,9.1204,35.8573,35.4493,36.7105,36.3546,36.3681,36.3037,36.2837,36.5127,36.4603,36.3286,36.2812,36.4345,36.5228
2023-08-22,15,Verona / Villafranca,1,67.0000,25.9799,9.1204,35.6955,35.3413,35.7107,35.8937,35.8327,36.0131,35.9153,36.1111,36.0566,36.0472,35.9392,35.8152,35.7461
2023-08-22,17,Treviso / Istrana,1,45.0000,37.0588,9.1204,34.2127,33.9993,34.2519,34.6185,34.6583,34.6279,34.4995,34.4033,34.4142,34.6514,34.5144,34.5930,34.4623
2023-08-22,18,Treviso / S. Angelo,1,18.0000,38.0901,9.1204,34.9790,33.9139,34.1129,34.6172,34.1274,34.6735,34.5424,34.1551,34.1698,34.6944,34.5540,34.6597,34.5201
2023-08-22,19,Venezia / Tessera,1,2.0000,39.4195,9.1204,33.3521,33.4059,33.3942,34.5746,33.3099,33.5448,33.4161,32.4265,32.4036,33.5532,33.4112,33.6053,33.4753
2023-08-22,20,Monte Settepani / Caragna,0,1381.0000,55.2369,9.1204,36.9139,37.7574,37.9194,38.4018,37.5342,38.1851,38.2646,38.1822,37.9679,38.0689,38.1809,38.0280,38.1175
2023-08-22,21,Mondovi,0,559.0000,72.5131,9.1204,38.0431,38.1037,38.4132,38.5911,38.5960,38.6357,38.5830,38.3322,38.2879,38.5258,38.5009,38.5145,38.5232
2023-08-22,22,Monte Malanotte,0,1741.0000,85.7364,9.1204,35.8810,37.5075,37.3831,38.5802,37.7445,37.9840,37.9584,37.4848,37.4068,37.8604,37.8634,37.7915,37.8148
2023-08-22,23,Passo Dei Giovi,0,468.0000,24.9535,9.1204,37.5489,37.0391,37.6562,38.2668,37.3571,37.2928,37.5620,37.1953,36.7283,37.1836,37.4926,37.3175,37.5321
2023-08-22,25,Albenga,0,45.0000,71.3337,9.1204,37.1211,37.9264,38.2328,38.4048,38.1884,38.4184,38.4969,38.2932,38.0804,38.3675,38.4728,38.3410,38.4245
2023-08-22,26,Passo Della Cisa,4,1039.0000,55.9905,9.1204,36.6711,35.4334,35.7524,37.2046,35.9304,35.5193,35.8533,35.5721,35.0964,35.4774,35.8360,35.6808,35.7352
2023-08-22,27,Sarzana / Luni,4,9.0000,94.6868,9.1204,37.9144,35.3800,36.2343,37.0555,36.0138,35.8246,36.1833,35.5973,35.0954,35.8176,36.1927,36.2936,36.3534
2023-08-22,28,Bologna / Borgo Panigale,0,51.0000,41.0210,9.1204,36.3361,34.3972,35.2188,35.6552,35.1280,35.0667,35.1512,35.3671,34.8834,35.0802,35.1665,35.1244,35.1551
2023-08-22,29,Ferrara / Fontana,4,9.0000,39.9528,9.1204,35.3179,34.1453,35.3679,35.1200,34.8229,34.8106,35.0262,35.1079,34.6095,34.7926,35.0067,34.9424,35.1551
2023-08-22,30,Monte Cimone,4,2165.0000,59.3732,9.1204,33.0210,33.8195,33.6766,35.9392,33.6982,33.8769,34.6224,34.8546,33.9225,33.8779,34.6500,33.7678,34.0119
2023-08-22,31,Ferrara,4,10.0000,41.7377,9.1204,34.5446,34.1642,35.3564,35.1232,35.1940,34.8914,35.1015,35.1996,34.7070,34.8810,35.0896,34.9725,35.1766
2023-08-22,32,Bologna / Borgo Panigale,0,36.0000,39.9528,9.1204,35.7706,34.3775,35.1622,35.6312,35.1525,35.0387,35.1302,35.3393,34.8507,35.0520,35.1450,35.0898,35.1214
2023-08-22,34,Forli,3,27.0000,33.4500,9.1204,34.8076,33.1822,34.0466,34.1654,33.8609,33.7860,33.7825,33.7605,33.5351,33.7723,33.7909,33.8389,34.0004
2023-08-22,35,Cervia,3,6.0000,25.9357,9.1204,32.6250,32.6767,33.3115,33.8933,32.9746,33.1442,33.1362,32.6006,32.3741,33.1253,33.1387,33.3132,33.4580
2023-08-22,36,Rimini,3,12.0000,52.7910,9.1204,33.5391,32.8700,33.3322,33.7862,32.8440,33.1067,33.0997,32.5503,32.3617,33.1020,33.1126,33.4182,33.5573
2023-08-22,37,Torino / Collegno,2,287.0000,74.9769,9.1204,39.5695,38.0152,38.3577,38.4372,39.0178,38.6222,38.2126,38.4216,38.7569,38.6768,38.2294,38.6554,38.2358
2023-08-22,38,Aosta / Pollein,0,546.0000,20.6866,9.1204,36.6437,36.5090,35.9559,37.9237,37.1571,37.0624,36.0409,35.8514,36.6137,36.9818,35.9192,37.0536,36.4073
2023-08-23,0,Grand St. Bernard / Grand Saint Bernard,3,2472.0000,20.6866,15.1617,34.2355,35.4320,35.6693,36.9078,36.9022,36.3563,35.5566,35.4956,36.4416,36.1607,35.4368,35.7858,35.0422
2023-08-23,1,Locarno-Magadino,3,197.0000,62.2060,15.1617,39.0374,37.5547,37.2993,38.7942,38.1450,37.6035,37.2100,37.3930,37.8406,37.6388,37.2909,37.9082,37.5057
2023-08-23,2,Lugano,3,273.0000,46.2864,15.1617,37.8837,37.6209,37.4677,38.8110,38.3701,37.6946,36.9830,36.9510,37.8059,37.7474,37.1310,38.1791,37.7954
2023-08-23,3,Paganella,2,2125.0000,86.1858,15.1617,34.4759,34.9683,35.5573,35.6150,35.5832,35.3962,35.5051,35.4677,35.4840,35.4489,35.5403,35.4391,35.4441
2023-08-23,4,Aviano,3,128.0000,53.5302,15.1617,35.1288,34.8399,35.6877,35.4993,35.2557,35.4297,35.0022,34.9128,35.4350,35.4631,35.0404,35.9360,35.7036
2023-08-23,5,Pian Rosa,4,3480.0000,33.9630,15.1617,34.6951,35.5272,35.1870,37.1424,35.6932,35.7058,35.1953,35.4070,36.1070,36.6706,36.0206,35.7119,34.9763
2023-08-23,6,Torino / Caselle,2,301.0000,62.2905,15.1617,37.1414,38.0574,38.5435,37.7514,39.1816,39.0292,38.5212,38.8484,39.4582,39.0926,38.5362,39.0277,38.5178
2023-08-23,7,Torino / Bric Della Croce,2,709.0000,72.5131,15.1617,37.6859,38.0831,38.0609,37.9878,38.6868,39.0343,38.5661,38.5034,39.0411,39.1171,38.6008,38.7270,38.2328
2023-08-23,8,Novara / Cameri,1,178.0000,49.0769,15.1617,40.3672,39.0773,40.2830,39.6208,40.4985,40.5781,40.2361,40.3225,40.7419,40.6142,40.2577,40.4444,40.1901
2023-08-23,9,Milano / Malpensa,1,234.0000,46.2864,15.1617,39.8840,38.9485,40.1536,39.5206,40.4248,40.2142,39.9574,40.1405,40.4746,40.2234,39.9620,40.2807,40.0600
2023-08-23,10,Bergamo / Orio Al Serio,2,238.0000,41.5983,15.1617,37.5864,37.6131,38.9886,38.2785,38.9867,38.4259,38.7548,38.7019,38.5153,38.5010,38.7702,38.6683,38.8011
2023-08-23,11,Milano / Linate,4,107.0000,41.5983,15.1617,40.7175,38.7138,40.1698,39.0415,40.6465,40.4838,40.2354,40.3417,40.6856,40.5040,40.2809,40.2976,40.0617
2023-08-23,12,Piacenza,2,134.0000,55.9905,15.1617,39.1556,37.2844,39.0441,38.4402,38.4117,38.5583,38.9626,38.9289,38.6099,38.5497,38.9030,38.4622,38.5971
2023-08-23,13,Brescia / Ghedi,2,102.0000,45.8189,15.1617,37.9064,36.8260,38.9455,37.9697,38.6693,38.0064,38.4653,38.6742,38.3262,38.0665,38.4823,38.3112,38.4861
2023-08-23,15,Verona / Villafranca,1,67.0000,25.9799,15.1617,37.9291,35.7077,36.9270,37.2431,37.0119,36.8955,36.5820,36.5756,37.0348,36.9172,36.5873,37.0726,36.7678
2023-08-23,16,Padova,3,13.0000,37.0588,15.1617,35.2908,34.7403,35.7062,35.9331,35.8112,36.0617,35.7932,36.0563,36.3156,36.0268,35.7568,35.8455,35.7030
2023-08-23,17,Treviso / Istrana,1,45.0000,37.0588,15.1617,35.4079,34.9811,35.3805,35.7521,35.9098,36.0653,35.4773,35.4729,36.3657,36.1063,35.4867,36.0317,35.5237
2023-08-23,18,Treviso / S. Angelo,1,18.0000,38.0901,15.1617,35.7548,34.8234,35.2905,35.7223,35.6532,36.2793,35.7179,36.0203,36.8898,36.3169,35.7262,36.0652,35.5440
2023-08-23,19,Venezia / Tessera,1,2.0000,39.4195,15.1617,34.6818,34.1036,34.1048,35.4820,34.1700,35.1313,34.5945,34.9183,35.7736,35.1978,34.6395,34.4070,33.8515
2023-08-23,20,Monte Settepani / Caragna,0,1381.0000,55.2369,15.1617,35.5002,36.2200,35.9522,38.3667,35.9025,37.0024,36.8440,36.5773,36.5745,36.8227,36.7281,36.5351,36.3396
2023-08-23,21,Mondovi,0,559.0000,72.5131,15.1617,36.9642,36.8097,36.9676,38.2025,37.2622,37.6790,37.3064,37.1342,37.4071,37.5479,37.2271,37.4679,37.1550
2023-08-23,22,Monte Malanotte,0,1741.0000,85.7364,15.1617,34.0230,35.7080,35.0105,38.1905,35.6632,36.6120,36.2891,35.8228,36.0361,36.4949,36.2217,35.9695,35.6752
2023-08-23,23,Passo Dei Giovi,0,468.0000,24.9535,15.1617,37.6978,36.4004,37.0657,38.3950,36.6557,37.0632,37.1985,37.0260,36.6885,36.8831,37.1031,36.9463,36.9413
2023-08-23,24,Genova / Sestri,1,2.0000,24.9535,15.1617,37.5840,36.0948,37.4523,37.5332,36.9276,37.1946,37.3705,37.2996,37.0561,37.1772,37.3636,37.3977,37.3166
2023-08-23,25,Albenga,0,45.0000,71.3337,15.1617,35.7060,36.3176,36.1324,38.1322,36.3767,37.2529,37.0893,36.7468,36.7525,37.2107,37.1140,36.7785,36.5710
2023-08-23,26,Passo Della Cisa,4,1039.0000,55.9905,15.1617,36.4241,35.3637,36.0118,37.2559,36.0608,36.0095,36.3656,36.3856,36.1211,35.9393,36.3414,35.8720,35.9531
2023-08-23,27,Sarzana / Luni,4,9.0000,94.6868,15.1617,36.7591,35.2495,36.2585,36.6330,36.1329,35.7679,36.0966,36.1097,35.8821,35.7347,36.1000,36.3881,36.4363
2023-08-23,28,Bologna / Borgo Panigale,0,51.0000,41.0210,15.1617,36.9044,35.2314,36.4479,36.2778,36.5909,36.5048,36.2030,36.2918,36.3614,36.5152,36.2581,36.5257,36.2058
2023-08-23,29,Ferrara / Fontana,4,9.0000,39.9528,15.1617,36.4389,34.7351,36.2577,36.0364,35.9292,36.1241,36.0726,36.1342,36.4838,36.1003,36.0547,36.1685,35.9667
2023-08-23,30,Monte Cimone,4,2165.0000,59.3732,15.1617,32.7128,34.1972,33.9209,36.5024,34.3570,34.9484,35.3520,35.0767,34.9507,34.9113,35.3465,34.3394,34.3580
2023-08-23,31,Ferrara,4,10.0000,41.7377,15.1617,36.5925,34.7444,36.2491,36.0572,36.0680,36.1446,36.0784,36.1333,36.4980,36.1269,36.0667,36.1760,35.9715
2023-08-23,32,Bologna / Borgo Panigale,0,36.0000,39.9528,15.1617,36.9444,35.2063,36.4065,36.2492,36.7140,36.4896,36.1996,36.2883,36.3526,36.5007,36.2542,36.4929,36.1732
2023-08-23,33,Punta Marina,1,2.0000,25.9357,15.1617,30.5450,32.0697,31.6651,34.4750,31.6329,32.0486,31.5916,31.3644,32.3014,32.0630,31.6771,32.1737,31.4346
2023-08-23,34,Forli,3,27.0000,33.4500,15.1617,34.8276,33.3518,33.9960,35.1974,34.5376,33.7165,32.7279,33.3537,33.7561,33.7330,32.7583,34.5300,33.9827
2023-08-23,35,Cervia,3,6.0000,25.9357,15.1617,30.9285,31.9101,31.9825,35.0773,32.2037,32.2267,31.0709,31.1839,31.6398,32.2155,31.0641,32.8146,32.1659
2023-08-23,36,Rimini,3,12.0000,52.7910,15.1617,30.7949,31.4480,31.1602,35.2563,31.5892,31.5265,30.8446,30.8150,31.0895,31.5253,30.8366,32.1043,31.4639
2023-08-23,37,Torino / Collegno,2,287.0000,74.9769,15.1617,39.2679,38.0987,38.5410,37.8635,39.0036,39.2700,38.7653,39.0448,39.6258,39.3550,38.8023,39.0693,38.5483
2023-08-23,38,Aosta / Pollein,0,546.0000,20.6866,15.1617,36.3649,36.1437,35.1737,37.0149,37.1006,36.8607,35.0971,35.0343,36.6882,36.7493,34.9107,36.9480,35.9845
2023-08-24,0,Grand St. Bernard / Grand Saint Bernard,3,2472.0000,20.6866,2.6697,30.8323,32.4360,33.2084,34.8511,33.2035,32.9413,32.6920,32.8899,32.9579,32.8412,32.6603,32.7037,32.6390
2023-08-24,1,Locarno-Magadino,3,197.0000,62.2060,2.6697,34.8728,34.5238,34.9527,37.4624,35.0969,34.7484,34.3820,34.3990,34.6140,34.7927,34.5009,34.8430,34.7922
2023-08-24,2,Lugano,3,273.0000,46.2864,2.6697,35.6625,34.6333,35.2639,37.3556,35.4431,34.9740,34.6646,34.5805,34.7527,35.0126,34.7684,35.2292,35.2030
2023-08-24,4,Aviano,3,128.0000,53.5302,2.6697,34.9278,33.8691,35.0478,34.8453,34.4942,34.8380,34.5739,34.3848,34.5582,34.8722,34.6247,34.9537,34.8023
2023-08-24,5,Pian Rosa,4,3480.0000,33.9630,2.6697,30.7491,31.7830,31.4084,34.9257,32.1536,31.8527,31.5146,31.5371,31.8315,32.4573,32.0760,31.9047,31.5925
2023-08-24,6,Torino / Caselle,2,301.0000,62.2905,2.6697,35.7500,34.9640,35.6208,35.3906,35.7799,35.6825,35.3109,35.2963,35.6484,35.7684,35.3562,35.7209,35.3896
2023-08-24,7,Torino / Bric Della Croce,2,709.0000,72.5131,2.6697,35.7263,34.9021,35.8561,35.5416,36.2768,35.9576,35.5995,35.5565,35.8647,36.0643,35.6664,35.9067,35.5729
2023-08-24,8,Novara / Cameri,1,178.0000,49.0769,2.6697,36.9671,35.7359,36.6510,36.2592,36.2820,36.9218,36.8184,36.8382,36.8226,36.9777,36.8656,36.7214,36.6369
2023-08-24,9,Milano / Malpensa,1,234.0000,46.2864,2.6697,36.4511,35.6835,36.8112,36.4544,36.7947,37.0486,37.0039,37.1514,37.0886,37.1087,37.0569,36.7793,36.7382
2023-08-24,10,Bergamo / Orio Al Serio,2,238.0000,41.5983,2.6697,37.4541,35.8274,36.6133,36.8239,36.8232,36.6858,36.6369,36.4284,36.3625,36.7504,36.6655,36.6222,36.5653
2023-08-24,12,Piacenza,2,134.0000,55.9905,2.6697,36.6668,35.8833,36.9406,35.6606,37.5117,36.7404,36.5474,36.4927,36.5153,36.7393,36.5060,36.8631,36.6847
2023-08-24,13,Brescia / Ghedi,2,102.0000,45.8189,2.6697,36.9789,35.7121,37.0303,36.0894,37.4953,37.0434,36.9443,36.8335,36.7806,37.0932,36.9680,36.9066,36.8381
2023-08-24,14,Verona / Rivoltella,2,64.0000,25.9799,2.6697,35.6664,35.0535,35.9279,35.7269,36.5478,35.9508,35.8322,35.8305,35.7855,35.9845,35.8465,35.9740,35.9079
2023-08-24,15,Verona / Villafranca,1,67.0000,25.9799,2.6697,35.6044,34.8619,36.2095,35.6656,36.4038,35.9035,36.0394,36.2170,35.9012,35.9510,36.0629,35.8649,36.0374
2023-08-24,17,Treviso / Istrana,1,45.0000,37.0588,2.6697,34.5643,34.1043,35.2475,34.8237,35.2250,34.9151,35.2673,35.3861,35.0264,34.9515,35.2826,34.9624,35.2925
2023-08-24,18,Treviso / S. Angelo,1,18.0000,38.0901,2.6697,35.1964,34.0621,35.2771,34.7748,35.0564,35.2857,35.6384,35.3711,35.0164,35.3327,35.6638,35.1213,35.4691
2023-08-24,19,Venezia / Tessera,1,2.0000,39.4195,2.6697,32.7253,33.1456,33.9694,34.5176,33.1154,33.3293,33.8224,33.1351,32.6269,33.3420,33.8130,33.3914,33.8585
2023-08-24,20,Monte Settepani / Caragna,0,1381.0000,55.2369,2.6697,31.5955,33.2980,32.5576,35.5294,33.1263,33.5614,33.2318,32.7895,32.9671,33.5254,33.2351,33.2992,33.1104
2023-08-24,21,Mondovi,0,559.0000,72.5131,2.6697,34.3126,33.5979,33.4982,35.6642,34.0882,34.1589,33.8069,33.4841,33.6883,34.0458,33.7369,33.9949,33.7944
2023-08-24,22,Monte Malanotte,0,1741.0000,85.7364,2.6697,31.3866,32.3843,31.8455,35.6461,32.5023,32.8297,32.4774,31.6893,31.8914,32.7246,32.4101,32.6954,32.4949
2023-08-24,23,Passo Dei Giovi,0,468.0000,24.9535,2.6697,34.1841,34.4681,34.2773,35.2247,34.5347,34.6051,34.3301,33.6103,33.7457,34.5572,34.3266,34.6082,34.4484
2023-08-24,25,Albenga,0,45.0000,71.3337,2.6697,34.5932,33.5761,33.5682,35.4064,33.7786,34.5062,34.1730,33.7789,33.9598,34.4219,34.1405,34.1734,33.9816
2023-08-24,26,Passo Della Cisa,4,1039.0000,55.9905,2.6697,34.7311,34.7294,34.9126,34.4625,35.9197,34.9107,34.9177,34.8185,34.9139,34.8745,34.9080,34.9593,35.0314
2023-08-24,27,Sarzana / Luni,4,9.0000,94.6868,2.6697,35.9185,35.0811,36.3739,33.8940,36.2004,36.3955,36.4365,35.7242,35.7485,36.4109,36.4732,36.2488,36.3596
2023-08-24,28,Bologna / Borgo Panigale,0,51.0000,41.0210,2.6697,36.5567,34.0817,35.6418,34.8704,35.5498,35.3886,35.5226,35.9531,35.6801,35.3964,35.5863,35.1422,35.3593
2023-08-24,29,Ferrara / Fontana,4,9.0000,39.9528,2.6697,35.5585,33.3832,35.0089,34.9224,34.6245,34.4285,34.8105,35.1220,34.7808,34.4295,34.8172,34.3151,34.7695
2023-08-24,30,Monte Cimone,4,2165.0000,59.3732,2.6697,32.1210,33.5321,34.2861,34.7993,34.1689,33.9849,34.3874,34.7222,34.4497,33.9189,34.3467,33.9349,34.3816
2023-08-24,31,Ferrara,4,10.0000,41.7377,2.6697,35.5477,33.4000,35.0268,34.9480,34.9908,34.5488,34.9108,35.2152,34.8923,34.5617,34.9287,34.3695,34.8084
2023-08-24,32,Bologna / Borgo Panigale,0,36.0000,39.9528,2.6697,36.2691,34.0606,35.6251,34.8482,35.6502,35.3739,35.5221,35.9115,35.6291,35.3791,35.5822,35.1174,35.3469
2023-08-24,33,Punta Marina,1,2.0000,25.9357,2.6697,31.4835,31.4573,32.7820,33.5663,31.4439,31.4200,32.8211,31.9809,30.4374,31.4103,32.8103,31.5301,32.7761
2023-08-24,34,Forli,3,27.0000,33.4500,2.6697,35.3089,32.2259,33.7399,34.0524,33.8774,33.2876,33.4323,34.2676,33.9300,33.2677,33.4183,33.1418,33.3112
2023-08-24,35,Cervia,3,6.0000,25.9357,2.6697,34.6893,31.6162,32.9466,34.0254,32.9521,32.6294,32.7535,32.5116,32.1339,32.5844,32.7141,32.5072,32.6475
2023-08-24,36,Rimini,3,12.0000,52.7910,2.6697,30.9486,31.1670,32.0247,34.2256,31.7829,31.6275,31.7546,31.3428,30.9421,31.6158,31.7482,31.8495,31.9834
2023-08-24,37,Torino / Collegno,2,287.0000,74.9769,2.6697,35.5879,34.9553,35.8225,35.4789,36.2671,35.9048,35.5456,35.6038,35.9262,35.9925,35.5934,35.8689,35.5333
2023-08-24,38,Aosta / Pollein,0,546.0000,20.6866,2.6697,34.1848,32.9972,32.1033,34.9170,33.8969,33.7334,32.4881,31.7883,32.6810,33.6328,32.3499,33.6540,32.7565
2023-08-25,0,Grand St. Bernard / Grand Saint Bernard,3,2472.0000,20.6866,6.7365,32.1177,33.2552,34.4958,35.7237,34.4100,33.8532,34.1429,33.8256,33.5179,33.7057,34.0855,33.5772,34.0033
2023-08-25,1,Locarno-Magadino,3,197.0000,62.2060,6.7365,33.9228,32.7838,33.5900,35.7045,33.6050,33.0224,32.9763,32.9061,32.9406,33.0938,33.1208,33.2958,33.5127
2023-08-25,2,Lugano,3,273.0000,46.2864,6.7365,33.4743,32.9481,33.7249,35.6944,33.8257,33.2061,33.1931,33.2042,33.2071,33.2504,33.3182,33.5881,33.8089
2023-08-25,4,Aviano,3,128.0000,53.5302,6.7365,34.0514,33.7171,34.9730,34.7347,34.4100,34.7934,34.4442,34.4845,34.5482,34.8248,34.4913,34.9410,34.7305
2023-08-25,5,Pian Rosa,4,3480.0000,33.9630,6.7365,32.3891,32.1268,32.4530,35.7544,32.4294,32.1794,32.2556,32.6934,32.8467,33.1806,33.1616,32.3192,32.2929
2023-08-25,6,Torino / Caselle,2,301.0000,62.2905,6.7365,36.0534,34.9205,36.1822,36.1451,35.8826,35.9492,36.0371,36.5084,36.5185,36.0435,36.0719,35.9714,36.0856
2023-08-25,7,Torino / Bric Della Croce,2,709.0000,72.5131,6.7365,36.1286,34.8192,36.0318,36.2611,35.8541,35.7782,35.8668,35.9387,35.8857,35.8827,35.9106,35.8809,36.0062
2023-08-25,8,Novara / Cameri,1,178.0000,49.0769,6.7365,36.4246,34.7279,36.8995,36.0787,36.7738,36.7175,36.9067,37.1435,37.2017,36.7905,36.9787,36.4772,36.6309
2023-08-25,9,Milano / Malpensa,1,234.0000,46.2864,6.7365,36.4913,34.5992,36.2816,36.0217,36.2146,36.1934,36.3834,36.8263,36.8835,36.2456,36.4371,36.0090,36.1542
2023-08-25,10,Bergamo / Orio Al Serio,2,238.0000,41.5983,6.7365,35.5461,33.6514,35.3815,35.2083,35.4969,34.9240,35.1594,35.3130,35.1054,35.0214,35.1972,34.9713,35.1755
2023-08-25,12,Piacenza,2,134.0000,55.9905,6.7365,34.8035,33.4097,35.1565,34.9115,34.1676,34.4966,34.8861,34.7859,34.3278,34.4932,34.8257,34.5089,34.8321
2023-08-25,13,Brescia / Ghedi,2,102.0000,45.8189,6.7365,34.9361,33.9212,36.0563,34.6305,35.7036,35.5493,35.7283,36.0305,35.8299,35.6236,35.7517,35.4937,35.6891
2023-08-25,14,Verona / Rivoltella,2,64.0000,25.9799,6.7365,32.7274,33.3158,34.5449,34.1813,34.3294,33.9525,34.1095,34.2835,34.1170,33.9736,34.0806,34.2778,34.4675
2023-08-25,15,Verona / Villafranca,1,67.0000,25.9799,6.7365,35.7610,33.8111,34.8172,34.2335,35.2302,35.5374,34.9551,35.4746,35.8507,35.6072,34.9951,35.2776,34.7744
2023-08-25,16,Padova,3,13.0000,37.0588,6.7365,34.3391,33.3305,34.3555,34.0485,34.6616,34.9715,34.6407,34.7277,34.7124,34.8994,34.5821,34.6792,34.4515
2023-08-25,17,Treviso / Istrana,1,45.0000,37.0588,6.7365,34.7477,33.4552,34.0047,34.1553,34.6215,34.9041,34.3625,34.2532,34.3630,34.9758,34.4005,34.6690,34.1757
2023-08-25,19,Venezia / Tessera,1,2.0000,39.4195,6.7365,32.1597,32.3810,32.4570,33.8756,32.1776,32.7314,32.1479,31.2124,31.2488,32.7749,32.1555,32.7523,32.1907
2023-08-25,20,Monte Settepani / Caragna,0,1381.0000,55.2369,6.7365,33.1034,32.4778,33.0420,35.9259,32.2786,33.1239,33.6630,33.3100,32.8920,32.9387,33.5737,32.8427,33.3478
2023-08-25,21,Mondovi,0,559.0000,72.5131,6.7365,33.6146,33.7084,34.2331,36.3610,34.0068,34.2299,34.5846,34.0585,33.8446,34.1037,34.5433,34.1758,34.5575
2023-08-25,22,Monte Malanotte,0,1741.0000,85.7364,6.7365,32.7576,32.8042,32.9616,36.3486,33.0375,33.3965,33.7804,32.8646,32.6191,33.2270,33.7043,33.2153,33.6163
2023-08-25,23,Passo Dei Giovi,0,468.0000,24.9535,6.7365,33.8289,32.1849,33.6189,34.9333,32.4797,32.8926,33.5433,32.9795,32.4089,32.6864,33.4351,32.7481,33.3291
2023-08-25,24,Genova / Sestri,1,2.0000,24.9535,6.7365,34.7732,31.9487,33.8282,34.1712,32.3843,33.3640,33.9638,33.8916,33.3109,33.3936,33.9993,33.2136,33.6666
2023-08-25,25,Albenga,0,45.0000,71.3337,6.7365,34.6232,32.9742,33.4678,35.8937,32.7763,33.7337,34.2560,33.8058,33.4070,33.6864,34.2723,33.4498,33.9384
2023-08-25,27,Sarzana / Luni,4,9.0000,94.6868,6.7365,34.4624,31.9535,34.3134,33.3172,33.5926,33.5206,33.9555,34.0541,33.5600,33.5075,33.9646,33.6655,34.0591
2023-08-25,28,Bologna / Borgo Panigale,0,51.0000,41.0210,6.7365,35.3526,32.9663,34.0869,33.9440,34.4802,34.6442,34.1381,34.4858,34.6197,34.6566,34.2071,34.4130,33.9571
2023-08-25,29,Ferrara / Fontana,4,9.0000,39.9528,6.7365,34.3360,32.9397,34.9497,33.9328,34.6556,34.5580,34.5289,34.8183,34.6311,34.5317,34.4989,34.6661,34.5666
2023-08-25,30,Monte Cimone,4,2165.0000,59.3732,6.7365,30.2565,31.2351,31.6067,33.8430,31.6475,31.8722,32.2036,32.3993,31.9671,31.8060,32.1556,31.5628,31.8270
2023-08-25,31,Ferrara,4,10.0000,41.7377,6.7365,34.3750,32.9635,34.8557,33.9516,34.8011,34.6032,34.5577,34.8319,34.6617,34.5957,34.5469,34.6214,34.5140
2023-08-25,32,Bologna / Borgo Panigale,0,36.0000,39.9528,6.7365,35.5726,32.9625,33.9948,33.9302,34.5335,34.6212,34.1185,34.4567,34.5868,34.6327,34.1854,34.3535,33.8954
2023-08-25,33,Punta Marina,1,2.0000,25.9357,6.7365,29.5192,31.2626,31.0104,32.8716,30.9906,31.1517,30.5250,29.7382,29.4448,31.1410,30.5098,31.4193,30.6294
2023-08-25,34,Forli,3,27.0000,33.4500,6.7365,34.2690,32.4854,33.2561,33.4992,33.9996,33.9417,33.2113,33.6191,33.7594,33.9161,33.1921,33.8198,33.2014
2023-08-25,35,Cervia,3,6.0000,25.9357,6.7365,31.5345,31.7576,32.0444,33.4760,32.4099,32.5465,31.6154,31.5775,31.8445,32.5123,31.5828,32.9413,32.1830
2023-08-25,36,Rimini,3,12.0000,52.7910,6.7365,30.3695,31.9995,32.2550,33.7241,32.7698,32.5093,31.7029,31.5600,31.7925,32.4997,31.6896,33.0800,32.3266
2023-08-25,37,Torino / Collegno,2,287.0000,74.9769,6.7365,36.7526,35.0616,36.9937,36.2240,37.1066,36.5264,36.5989,36.9375,36.9165,36.6653,36.6793,36.6250,36.7296
2023-08-25,38,Aosta / Pollein,0,546.0000,20.6866,6.7365,34.9202,33.4213,32.9671,35.7743,34.2263,34.1548,33.3096,33.0255,33.7213,34.0141,33.1305,34.1715,33.7634
2023-08-26,0,Grand St. Bernard / Grand Saint Bernard,3,2472.0000,20.6866,5.7675,31.3277,31.2201,32.2406,32.8807,32.3816,32.0942,31.9568,31.8540,32.0417,31.9189,31.8602,31.5362,31.8762
2023-08-26,1,Locarno-Magadino,3,197.0000,62.2060,5.7675,33.7338,32.0443,32.9406,34.8063,32.7170,32.3018,32.3189,32.1232,32.1348,32.3652,32.4565,32.5612,32.9996
2023-08-26,2,Lugano,3,273.0000,46.2864,5.7675,33.7214,32.1237,33.1594,34.7654,33.0814,32.7132,32.7564,32.7379,32.7445,32.7587,32.8891,32.8854,33.3280
2023-08-26,3,Paganella,2,2125.0000,86.1858,5.7675,31.2720,31.0106,32.1815,31.6754,32.0428,31.4912,31.5635,31.8623,31.8332,31.5722,31.6057,31.6484,31.7828
2023-08-26,4,Aviano,3,128.0000,53.5302,5.7675,32.3397,30.8651,32.4380,31.9640,31.7320,32.0272,31.7642,31.7283,31.6522,32.0754,31.8340,32.3105,32.1311
2023-08-26,5,Pian Rosa,4,3480.0000,33.9630,5.7675,32.6737,31.4607,31.9672,32.9578,31.6996,31.6928,31.7993,32.1050,32.4094,32.6692,32.6565,31.6508,31.8791
2023-08-26,6,Torino / Caselle,2,301.0000,62.2905,5.7675,33.5587,32.2124,33.8523,33.7492,33.2246,33.4066,33.6685,34.1634,34.0405,33.5086,33.7031,33.3365,33.7183
2023-08-26,7,Torino / Bric Della Croce,2,709.0000,72.5131,5.7675,34.7627,32.1972,34.4263,34.0108,34.1657,33.6212,33.9623,34.2356,33.9784,33.7693,34.0407,33.7325,34.1542
2023-08-26,8,Novara / Cameri,1,178.0000,49.0769,5.7675,34.9427,33.0754,35.6213,34.4628,34.7345,34.8373,35.4819,35.6141,35.2841,34.9026,35.5226,34.6416,35.3862
2023-08-26,9,Milano / Malpensa,1,234.0000,46.2864,5.7675,34.8509,33.0990,35.6616,34.5146,34.8230,34.9072,35.5764,35.9119,35.5562,34.9683,35.6152,34.6614,35.4203
2023-08-26,10,Bergamo / Orio Al Serio,2,238.0000,41.5983,5.7675,34.1994,32.4928,35.1477,34.3516,35.0066,34.1836,34.7822,34.9449,34.5219,34.3105,34.8365,34.0599,34.6533
2023-08-26,11,Milano / Linate,4,107.0000,41.5983,5.7675,36.1941,32.9774,35.0144,34.7684,34.9720,35.0284,35.2588,35.3163,35.2700,35.0513,35.2951,34.5769,34.9712
2023-08-26,12,Piacenza,2,134.0000,55.9905,5.7675,33.9762,32.2946,33.8117,34.1370,33.2278,33.1899,33.6554,33.4887,33.0709,33.1917,33.5977,33.0807,33.5310
2023-08-26,13,Brescia / Ghedi,2,102.0000,45.8189,5.7675,34.7693,32.7250,35.2865,33.7402,34.8640,34.4705,34.7707,35.0158,34.7933,34.5456,34.7876,34.4032,34.7348
2023-08-26,16,Padova,3,13.0000,37.0588,5.7675,33.0968,31.9110,32.9222,32.2446,33.0450,33.6243,33.2162,33.3411,33.4295,33.5447,33.1523,33.3156,33.0590
2023-08-26,17,Treviso / Istrana,1,45.0000,37.0588,5.7675,32.4362,31.3726,32.1930,32.1632,32.3560,32.6295,32.4712,32.3335,32.7383,32.6846,32.4895,32.5198,32.3866
2023-08-26,18,Treviso / S. Angelo,1,18.0000,38.0901,5.7675,33.0889,31.2759,32.7608,32.1340,32.4351,33.0271,32.8744,32.6127,33.0059,33.0627,32.8743,33.0286,32.8862
2023-08-26,19,Venezia / Tessera,1,2.0000,39.4195,5.7675,30.2162,30.3353,30.4757,31.9334,29.8583,30.6440,30.4157,29.5351,29.9956,30.6765,30.4041,30.6314,30.4327
2023-08-26,20,Monte Settepani / Caragna,0,1381.0000,55.2369,5.7675,31.9732,31.0023,31.8521,34.3383,31.3602,32.0010,32.3120,31.8923,31.8263,31.7068,32.1163,31.7567,32.3040
2023-08-26,22,Monte Malanotte,0,1741.0000,85.7364,5.7675,32.7404,31.2988,31.8090,34.3471,31.5679,32.0648,32.4486,31.6194,31.4985,31.8305,32.3237,31.9228,32.5265
2023-08-26,23,Passo Dei Giovi,0,468.0000,24.9535,5.7675,32.0431,31.0258,31.6130,34.2098,31.2095,31.5049,31.7514,31.2551,31.1875,31.3860,31.7201,31.2960,31.7947
2023-08-26,24,Genova / Sestri,1,2.0000,24.9535,5.7675,32.5148,30.6895,33.0919,33.6444,31.3793,32.4128,32.9594,33.0898,32.5995,32.4458,32.9740,32.2422,32.8723
2023-08-26,25,Albenga,0,45.0000,71.3337,5.7675,33.2839,31.3785,32.2287,34.2353,31.7315,32.8221,33.1409,32.8842,32.8108,32.7326,33.1301,32.2331,32.7860
2023-08-26,26,Passo Della Cisa,4,1039.0000,55.9905,5.7675,32.2685,31.3418,32.1548,32.9658,31.7815,31.8674,32.1441,32.0350,31.8069,31.7896,32.0949,31.8170,32.1830
2023-08-26,27,Sarzana / Luni,4,9.0000,94.6868,5.7675,33.3569,31.1535,33.2493,32.5820,32.7047,32.8322,33.0506,33.1224,32.9667,32.8193,33.0553,32.8335,33.1588
2023-08-26,28,Bologna / Borgo Panigale,0,51.0000,41.0210,5.7675,34.6217,32.6848,34.0173,32.8602,34.3606,34.4755,34.0877,34.2271,34.5570,34.4877,34.1211,34.2429,33.9639
2023-08-26,29,Ferrara / Fontana,4,9.0000,39.9528,5.7675,32.9402,32.4549,33.7287,32.5346,33.5291,33.9803,33.7179,33.8815,34.0863,33.9736,33.7077,33.8460,33.7014
2023-08-26,31,Ferrara,4,10.0000,41.7377,5.7675,32.8898,32.4570,33.7256,32.5328,33.7184,34.0992,33.8365,34.0300,34.2359,34.1059,33.8406,33.8548,33.7093
2023-08-26,32,Bologna / Borgo Panigale,0,36.0000,39.9528,5.7675,34.4908,32.6856,33.9777,32.8481,34.5740,34.4727,34.0780,34.2014,34.5381,34.4837,34.1098,34.2318,33.9454
2023-08-26,33,Punta Marina,1,2.0000,25.9357,5.7675,28.6208,30.4319,30.4902,31.9011,30.0877,30.3875,30.0124,29.3833,29.7181,30.3753,29.9853,30.5876,30.1044
2023-08-26,34,Forli,3,27.0000,33.4500,5.7675,33.1804,31.6622,32.2506,32.7494,33.1980,33.1977,32.2813,32.9017,33.2330,33.1734,32.2766,32.9904,32.2681
2023-08-26,35,Cervia,3,6.0000,25.9357,5.7675,31.5713,30.7232,31.0583,32.7434,31.8641,31.7412,30.6624,30.9118,31.3084,31.7018,30.6327,32.0462,31.1873
2023-08-26,36,Rimini,3,12.0000,52.7910,5.7675,29.5482,30.3505,30.5943,33.1155,31.0586,30.7918,29.7763,29.5424,29.9136,30.7834,29.7735,31.4723,30.6211
2023-08-26,37,Torino / Collegno,2,287.0000,74.9769,5.7675,35.5227,32.2769,34.6621,33.9243,34.7508,34.1185,34.4219,34.8619,34.6526,34.2809,34.5171,33.9360,34.3337
2023-08-26,38,Aosta / Pollein,0,546.0000,20.6866,5.7675,31.9649,31.4619,31.9574,32.9810,32.3179,32.2904,32.1486,31.9051,32.0840,32.1563,32.0097,32.1974,32.5946
2023-08-27,0,Grand St. Bernard / Grand Saint Bernard,3,2472.0000,20.6866,9.0233,27.6828,29.4353,30.0239,30.3508,30.4376,30.0211,29.8864,29.5788,29.8229,29.9247,29.8263,29.7432,29.6815
2023-08-27,1,Locarno-Magadino,3,197.0000,62.2060,9.0233,31.8285,31.4530,32.0592,34.2037,32.0597,31.7208,31.8975,32.2030,32.1279,31.7573,31.9836,31.7844,32.0849
2023-08-27,2,Lugano,3,273.0000,46.2864,9.0233,34.0103,31.5892,32.8392,34.1298,32.8144,32.5059,32.7306,32.9978,32.8822,32.5340,32.8069,32.4466,32.7762
2023-08-27,3,Paganella,2,2125.0000,86.1858,9.0233,30.4708,30.6187,30.8048,31.6440,31.1875,30.9240,30.4412,30.2496,30.7433,30.9838,30.5067,31.1147,30.7189
2023-08-27,4,Aviano,3,128.0000,53.5302,9.0233,31.4119,31.0484,31.9604,31.8943,32.3935,32.2544,31.4031,31.3852,32.0005,32.3029,31.4453,32.5658,31.8069
2023-08-27,5,Pian Rosa,4,3480.0000,33.9630,9.0233,29.6721,29.6644,29.5713,30.5979,29.9178,29.9667,29.5461,29.9535,30.6233,30.2327,29.7440,29.8474,29.4883
2023-08-27,6,Torino / Caselle,2,301.0000,62.2905,9.0233,31.0558,30.8439,31.5070,30.5949,31.9346,32.0967,31.8599,32.3938,32.5688,32.2456,31.9646,31.7892,31.3760
2023-08-27,7,Torino / Bric Della Croce,2,709.0000,72.5131,9.0233,32.0170,30.8040,32.2130,30.6467,32.9090,32.5269,32.2544,32.7526,32.8624,32.6907,32.3763,32.3413,31.8636
2023-08-27,8,Novara / Cameri,1,178.0000,49.0769,9.0233,33.8014,31.6127,33.3896,33.2558,33.2019,33.3666,33.5298,33.8221,33.6970,33.4248,33.5645,33.0987,33.2043
2023-08-27,9,Milano / Malpensa,1,234.0000,46.2864,9.0233,34.2779,31.8531,33.8776,33.4325,33.4170,33.7542,34.0465,34.5425,34.2921,33.8139,34.0844,33.4316,33.6299
2023-08-27,10,Bergamo / Orio Al Serio,2,238.0000,41.5983,9.0233,34.7322,32.0431,34.1078,33.8586,34.5715,33.8817,33.9401,34.2936,34.2149,33.9837,34.0033,33.7103,33.7221
2023-08-27,11,Milano / Linate,4,107.0000,41.5983,9.0233,33.8578,31.8103,34.0921,33.4941,34.0750,33.6243,34.0732,34.0798,33.8847,33.6222,34.0960,33.4908,33.8227
2023-08-27,12,Piacenza,2,134.0000,55.9905,9.0233,32.2113,31.0388,31.8867,32.5358,32.5874,31.7630,31.0783,31.2530,31.6137,31.7937,31.0652,32.3327,31.7436
2023-08-27,13,Brescia / Ghedi,2,102.0000,45.8189,9.0233,33.9991,31.7058,33.2099,33.4901,33.5395,33.1273,32.6831,32.8052,33.1720,33.1000,32.6264,33.3005,32.9606
2023-08-27,14,Verona / Rivoltella,2,64.0000,25.9799,9.0233,33.1643,31.6036,32.9960,33.1876,33.5611,33.1096,32.5562,32.7202,33.2479,33.0992,32.5303,33.1862,32.7932
2023-08-27,15,Verona / Villafranca,1,67.0000,25.9799,9.0233,32.2583,31.4613,32.8322,32.9760,32.7586,33.0193,32.9538,32.9980,32.8464,33.0824,32.9762,32.8432,32.7385
2023-08-27,16,Padova,3,13.0000,37.0588,9.0233,31.9276,30.4420,31.2146,32.1405,31.9267,32.3195,31.4818,31.5359,32.1042,32.2468,31.3984,31.9594,31.3208
2023-08-27,17,Treviso / Istrana,1,45.0000,37.0588,9.0233,30.9267,30.4201,31.0677,31.9226,31.6965,31.4698,31.0547,31.1116,31.6137,31.5040,31.0470,31.5977,31.2284
2023-08-27,18,Treviso / S. Angelo,1,18.0000,38.0901,9.0233,31.5772,30.3186,31.4231,31.8975,31.4364,31.7877,31.3704,31.4201,31.9329,31.8201,31.3620,31.9476,31.5586
2023-08-27,19,Venezia / Tessera,1,2.0000,39.4195,9.0233,26.5940,28.7189,28.6259,31.7897,28.4052,29.0757,28.6286,27.7530,28.2836,29.1127,28.6137,28.9803,28.5921
2023-08-27,21,Mondovi,0,559.0000,72.5131,9.0233,30.5192,30.5082,30.0245,30.5570,31.0379,30.9043,30.1994,29.6875,30.2153,30.7839,30.0928,31.2005,30.5746
2023-08-27,22,Monte Malanotte,0,1741.0000,85.7364,9.0233,28.6001,30.1197,28.4334,30.5206,29.9889,30.3991,29.6653,28.6263,29.1444,30.3065,29.5829,30.2355,29.5696
2023-08-27,23,Passo Dei Giovi,0,468.0000,24.9535,9.0233,30.9319,30.1536,29.3858,32.1838,30.6536,30.8607,29.9495,30.1091,30.3423,30.6567,29.7317,30.7461,29.7640
2023-08-27,24,Genova / Sestri,1,2.0000,24.9535,9.0233,27.9780,29.5370,29.4323,31.7128,29.4079,29.6508,29.2163,28.1833,28.0855,29.6276,29.1984,30.3208,29.8355
2023-08-27,25,Albenga,0,45.0000,71.3337,9.0233,30.3434,30.5491,29.6957,30.9023,30.9751,31.1623,30.7147,30.6670,30.9029,31.0972,30.6583,31.3456,30.5149
2023-08-27,27,Sarzana / Luni,4,9.0000,94.6868,9.0233,27.8136,29.9624,30.2341,31.4063,30.7622,30.4982,30.2993,29.7583,29.8873,30.5070,30.3370,31.1361,30.7207
2023-08-27,28,Bologna / Borgo Panigale,0,51.0000,41.0210,9.0233,32.3503,31.4582,32.6858,31.7878,33.4061,32.9349,32.3154,32.4197,32.6994,32.9225,32.3691,32.9463,32.4724
2023-08-27,29,Ferrara / Fontana,4,9.0000,39.9528,9.0233,32.8085,30.9987,32.0429,31.9324,32.2542,32.6673,32.1077,32.1515,32.7214,32.6419,32.0937,32.4315,32.0837
2023-08-27,30,Monte Cimone,4,2165.0000,59.3732,9.0233,29.3333,30.6218,29.7934,31.6999,31.0829,31.0464,30.7346,30.5435,30.8286,31.0017,30.7120,30.8660,30.5307
2023-08-27,31,Ferrara,4,10.0000,41.7377,9.0233,32.2819,31.0095,31.9290,31.9623,32.2769,32.6877,32.1282,32.1369,32.7077,32.6749,32.1281,32.3664,32.0153
2023-08-27,32,Bologna / Borgo Panigale,0,36.0000,39.9528,9.0233,32.4068,31.4600,32.7048,31.7672,33.7218,32.9373,32.3300,32.4137,32.6853,32.9230,32.3802,32.9618,32.4946
2023-08-27,33,Punta Marina,1,2.0000,25.9357,9.0233,30.0239,29.6900,30.4974,31.1721,29.6221,30.9152,30.8260,30.7442,30.8133,31.0109,30.8900,29.9132,29.8103
2023-08-27,34,Forli,3,27.0000,33.4500,9.0233,31.3065,30.4266,31.4182,31.7219,31.7833,31.3227,30.4865,30.8588,31.3222,31.3637,30.5629,31.6403,31.3213
2023-08-27,35,Cervia,3,6.0000,25.9357,9.0233,32.1869,30.1403,31.5471,31.8363,31.7733,32.1931,31.3522,31.3374,31.8057,32.1089,31.2904,31.7018,31.4370
2023-08-27,36,Rimini,3,12.0000,52.7910,9.0233,31.5683,30.3548,31.3979,32.2599,31.7425,31.8951,31.1719,31.1287,31.5326,31.8503,31.1420,31.7601,31.4910
2023-08-27,37,Torino / Collegno,2,287.0000,74.9769,9.0233,33.0956,30.7987,32.2054,30.5508,33.0630,32.4499,32.1720,32.7825,32.9279,32.5829,32.2619,32.3415,31.8687
2023-08-27,38,Aosta / Pollein,0,546.0000,20.6866,9.0233,30.6679,29.8051,29.2059,30.3927,30.8666,30.6374,29.3835,29.2239,30.3264,30.5168,29.2687,30.6802,29.9261
2023-08-28,1,Locarno-Magadino,3,197.0000,62.2060,4.3897,28.9507,29.9446,30.0691,31.2258,30.8301,30.1890,29.7247,29.6809,30.2482,30.2425,29.8248,30.4867,30.0576
2023-08-28,2,Lugano,3,273.0000,46.2864,4.3897,29.8759,30.0301,30.5480,31.1601,31.4493,30.7976,30.0788,30.4237,31.3432,30.8459,30.2105,30.9868,30.5815
2023-08-28,3,Paganella,2,2125.0000,86.1858,4.3897,30.0460,29.6309,30.0396,30.1165,30.3972,29.9460,29.8548,29.9262,30.1555,30.0076,29.8845,30.1830,30.1591
2023-08-28,4,Aviano,3,128.0000,53.5302,4.3897,29.0233,28.6703,30.4145,29.9852,29.8167,29.7784,29.7467,29.4983,29.5298,29.8374,29.8187,30.1305,30.2637
2023-08-28,5,Pian Rosa,4,3480.0000,33.9630,4.3897,27.7941,28.4938,27.3871,28.0361,28.9260,28.7549,27.1866,27.0821,28.7973,29.5936,28.2528,28.6614,27.5107
2023-08-28,6,Torino / Caselle,2,301.0000,62.2905,4.3897,28.7436,28.3951,29.0172,28.6227,29.5123,29.6660,28.8233,29.0970,30.0049,29.7917,28.8715,29.5575,28.9036
2023-08-28,7,Torino / Bric Della Croce,2,709.0000,72.5131,4.3897,29.1811,28.3263,29.0078,28.8245,29.9754,29.5826,28.8953,28.9674,29.7002,29.7129,28.9517,29.4862,28.9372
2023-08-28,8,Novara / Cameri,1,178.0000,49.0769,4.3897,30.4435,29.7820,30.7460,30.0234,31.5013,31.3401,30.6265,30.7381,31.7403,31.3882,30.6338,31.2746,30.7723
2023-08-28,9,Milano / Malpensa,1,234.0000,46.2864,4.3897,31.2785,30.0704,30.9027,30.2599,31.7508,31.6793,30.9267,31.2585,32.3226,31.7255,30.9365,31.5190,30.9605
2023-08-28,10,Bergamo / Orio Al Serio,2,238.0000,41.5983,4.3897,31.6620,30.8528,31.9934,31.0948,32.8907,32.0090,31.6531,31.8504,32.5732,32.1020,31.6648,32.1807,31.9369
2023-08-28,11,Milano / Linate,4,107.0000,41.5983,4.3897,32.1681,30.4593,31.7747,30.7573,32.3805,32.5963,32.1534,32.3611,33.1374,32.6191,32.2077,32.0994,31.7263
2023-08-28,12,Piacenza,2,134.0000,55.9905,4.3897,30.6747,29.2829,30.6974,30.0594,30.5462,30.5578,30.4624,30.0895,30.3278,30.5587,30.3865,30.4555,30.4090
2023-08-28,13,Brescia / Ghedi,2,102.0000,45.8189,4.3897,32.8025,30.8790,32.7049,30.9682,32.7491,32.6967,32.5259,32.6882,33.0673,32.7940,32.5583,32.4791,32.4262
2023-08-28,14,Verona / Rivoltella,2,64.0000,25.9799,4.3897,29.2068,30.2467,31.1544,30.9153,31.3057,30.4803,30.3328,30.0419,30.3937,30.4833,30.2688,31.1740,31.1822
2023-08-28,15,Verona / Villafranca,1,67.0000,25.9799,4.3897,32.0007,30.5011,31.3134,30.9002,31.8615,32.0251,31.5996,31.7309,32.2970,32.1064,31.6639,31.7350,31.2855
2023-08-28,16,Padova,3,13.0000,37.0588,4.3897,31.3050,29.0798,30.9350,30.0811,30.9939,31.0650,30.9986,31.1903,31.2051,30.9775,30.9274,30.7027,30.7877
2023-08-28,17,Treviso / Istrana,1,45.0000,37.0588,4.3897,30.4019,28.8998,29.9095,30.1222,30.5826,30.1587,30.0109,29.9886,30.4818,30.2019,30.0267,30.2489,30.0366
2023-08-28,18,Treviso / S. Angelo,1,18.0000,38.0901,4.3897,30.4189,28.7513,30.1207,30.0647,30.7945,30.7595,30.6111,30.7930,31.2759,30.8456,30.6711,30.4664,30.2429
2023-08-28,19,Venezia / Tessera,1,2.0000,39.4195,4.3897,28.8315,27.6605,27.8913,29.7202,28.0074,28.4069,28.2966,28.0919,28.5721,28.4643,28.3213,27.9915,27.8087
2023-08-28,20,Monte Settepani / Caragna,0,1381.0000,55.2369,4.3897,26.5879,26.7436,26.5644,28.8817,27.2892,27.2707,27.0279,26.4877,26.7198,27.1188,26.9365,27.1331,27.0047
2023-08-28,21,Mondovi,0,559.0000,72.5131,4.3897,27.6407,27.3276,27.4875,29.0333,27.9575,28.2381,27.8753,27.0768,27.4505,28.0656,27.7631,27.9557,27.7653
2023-08-28,22,Monte Malanotte,0,1741.0000,85.7364,4.3897,26.7254,27.0843,26.6101,29.0326,27.5687,27.6757,27.3313,25.9876,26.3386,27.5020,27.2130,27.4733,27.2932
2023-08-28,23,Passo Dei Giovi,0,468.0000,24.9535,4.3897,28.3977,27.2033,27.6058,29.0453,27.4103,28.2277,28.1117,28.0291,28.1326,28.0192,27.9704,27.6714,27.6050
2023-08-28,24,Genova / Sestri,1,2.0000,24.9535,4.3897,28.5603,26.6860,28.5485,28.4745,28.0104,28.2228,28.1714,28.1149,28.2583,28.2282,28.1524,28.3064,28.2998
2023-08-28,25,Albenga,0,45.0000,71.3337,4.3897,27.5726,27.0840,27.3983,28.8474,28.0679,28.5163,28.2655,28.0398,28.2800,28.3692,28.1858,27.9362,27.8021
2023-08-28,26,Passo Della Cisa,4,1039.0000,55.9905,4.3897,28.7295,28.1228,28.6037,29.4096,28.6223,28.6242,28.6404,28.3231,28.2553,28.5553,28.6033,28.6106,28.6937
2023-08-28,27,Sarzana / Luni,4,9.0000,94.6868,4.3897,29.7593,28.0231,30.0624,28.9574,30.0184,30.0322,30.0617,30.1453,30.0856,30.0408,30.0963,29.8786,29.9759
2023-08-28,28,Bologna / Borgo Panigale,0,51.0000,41.0210,4.3897,31.1805,28.9740,30.8845,30.4606,31.3702,31.0658,30.7212,31.2952,31.4069,31.0760,30.7985,30.7846,30.6269
2023-08-28,30,Monte Cimone,4,2165.0000,59.3732,4.3897,27.2915,28.0782,28.4060,30.3697,28.7043,28.7280,28.7989,28.5738,28.4964,28.6334,28.7187,28.6225,28.7793
2023-08-28,31,Ferrara,4,10.0000,41.7377,4.3897,30.9324,28.9525,31.0923,30.0828,31.4570,31.0227,31.0766,31.3767,31.3367,31.0475,31.1018,30.6633,30.8019
2023-08-28,32,Bologna / Borgo Panigale,0,36.0000,39.9528,4.3897,31.5136,28.9706,30.8082,30.4441,31.7051,31.0418,30.7029,31.2331,31.3451,31.0483,30.7751,30.7293,30.5757
2023-08-28,33,Punta Marina,1,2.0000,25.9357,4.3897,25.9684,26.5915,26.9887,29.0374,26.9461,26.7064,26.7771,26.4437,26.7944,26.7136,26.7473,26.7596,26.7541
2023-08-28,34,Forli,3,27.0000,33.4500,4.3897,30.2556,27.6363,29.2601,29.6366,29.8561,29.7199,29.3416,29.7516,29.9305,29.6568,29.2941,29.3376,29.1168
2023-08-28,35,Cervia,3,6.0000,25.9357,4.3897,28.9073,26.8357,28.6446,29.5214,29.5840,28.8010,28.3809,28.6978,28.8993,28.7353,28.3272,28.7709,28.5023
2023-08-28,36,Rimini,3,12.0000,52.7910,4.3897,25.7711,26.3287,27.1489,29.6239,27.6951,27.0136,26.5559,26.1359,26.3540,26.9969,26.5547,27.5489,27.2866
2023-08-28,37,Torino / Collegno,2,287.0000,74.9769,4.3897,29.6838,28.3899,29.3285,28.7452,30.4709,29.9711,29.2235,29.5082,30.2928,30.1065,29.2818,29.7586,29.1620
2023-08-28,38,Aosta / Pollein,0,546.0000,20.6866,4.3897,27.4082,28.3350,27.9858,27.9793,29.5642,29.4598,28.2698,27.1166,28.1591,29.2764,28.0664,29.1679,28.5771
2023-08-29,0,Grand St. Bernard / Grand Saint Bernard,3,2472.0000,20.6866,6.6190,29.9630,30.2035,30.3106,28.0162,32.1095,30.8226,28.9234,28.8220,30.7067,30.7482,28.9087,30.6220,29.5691
2023-08-29,1,Locarno-Magadino,3,197.0000,62.2060,6.6190,27.2139,27.8672,28.5514,29.5467,28.4984,27.9795,27.8802,27.9558,28.0778,28.0082,27.9448,28.2964,28.3140
2023-08-29,2,Lugano,3,273.0000,46.2864,6.6190,28.0296,27.8992,28.6945,29.5048,28.7390,28.4992,28.3228,28.3818,28.6155,28.5363,28.4279,28.5922,28.6214
2023-08-29,3,Paganella,2,2125.0000,86.1858,6.6190,30.4691,28.9944,28.9248,29.3824,28.9112,29.1557,29.1165,28.9635,29.1389,29.1742,29.1154,29.1789,29.2077
2023-08-29,4,Aviano,3,128.0000,53.5302,6.6190,28.2080,28.3353,29.6193,29.0030,28.8626,28.9283,28.9437,28.6391,28.5888,28.9581,28.9865,29.1333,29.4675
2023-08-29,5,Pian Rosa,4,3480.0000,33.9630,6.6190,31.3433,30.1127,29.3778,28.0763,30.3477,30.5408,29.2502,29.3109,30.7519,31.4577,30.2767,30.3152,29.2553
2023-08-29,6,Torino / Caselle,2,301.0000,62.2905,6.6190,28.2206,28.0177,28.1995,28.5869,28.7989,28.9044,28.1717,28.7282,29.3789,28.9968,28.2053,28.8602,28.2994
2023-08-29,8,Novara / Cameri,1,178.0000,49.0769,6.6190,28.8446,27.7514,28.4640,28.9208,28.7351,28.7217,28.3439,27.7223,28.2530,28.7360,28.3245,28.8397,28.6188
2023-08-29,9,Milano / Malpensa,1,234.0000,46.2864,6.6190,29.0329,27.9057,28.5908,29.0176,28.9973,29.0584,28.6693,28.3699,28.9076,29.0790,28.6597,28.9924,28.7547
2023-08-29,10,Bergamo / Orio Al Serio,2,238.0000,41.5983,6.6190,29.8226,28.4174,30.0258,29.5268,30.6519,29.7068,29.5468,29.8328,30.2147,29.8193,29.5905,29.9311,29.8645
2023-08-29,11,Milano / Linate,4,107.0000,41.5983,6.6190,29.9093,28.1023,29.9410,29.1170,30.3889,30.2723,30.2372,30.5912,30.8031,30.2953,30.2871,29.7908,29.7395
2023-08-29,12,Piacenza,2,134.0000,55.9905,6.6190,28.8188,27.4519,29.0661,28.9477,28.6943,28.7477,28.8382,28.6497,28.6907,28.7435,28.7662,28.6621,28.7449
2023-08-29,13,Brescia / Ghedi,2,102.0000,45.8189,6.6190,31.0898,28.7894,30.5533,29.8235,30.6285,30.6266,30.5834,30.9411,31.1643,30.7382,30.6480,30.3143,30.3411
2023-08-29,14,Verona / Rivoltella,2,64.0000,25.9799,6.6190,29.9635,28.5064,30.1574,29.9617,30.5209,29.9295,29.9065,29.9484,30.1585,30.0089,29.9500,29.9712,30.0204
2023-08-29,15,Verona / Villafranca,1,67.0000,25.9799,6.6190,30.2772,28.7434,30.5340,30.0807,30.1922,30.1883,30.3342,30.3612,30.5225,30.2276,30.3304,30.1276,30.3045
2023-08-29,16,Padova,3,13.0000,37.0588,6.6190,30.0727,27.9746,29.9443,29.2077,29.8456,29.9194,30.0069,30.1830,30.0156,29.8411,29.9461,29.5044,29.8556
2023-08-29,17,Treviso / Istrana,1,45.0000,37.0588,6.6190,29.6721,27.9335,29.5195,29.0346,29.8397,29.3846,29.3730,29.5697,29.8483,29.4323,29.3909,29.4338,29.4289
2023-08-29,18,Treviso / S. Angelo,1,18.0000,38.0901,6.6190,28.5910,27.7485,28.9926,28.9953,29.2749,29.4214,29.3684,29.4124,29.7215,29.4880,29.4051,29.1408,29.1014
2023-08-29,19,Venezia / Tessera,1,2.0000,39.4195,6.6190,28.6667,26.9054,27.2753,28.7946,26.9584,28.1396,28.0424,27.5198,27.8906,28.2511,28.1179,27.2135,27.1496
2023-08-29,20,Monte Settepani / Caragna,0,1381.0000,55.2369,6.6190,25.8960,26.8944,26.6054,28.8219,26.3523,27.4764,27.4890,26.9870,26.9938,27.3543,27.4353,27.1302,27.1475
2023-08-29,22,Monte Malanotte,0,1741.0000,85.7364,6.6190,28.2136,28.8487,28.5199,28.9230,29.0408,29.2173,29.1773,28.6354,28.7220,29.0615,29.0863,29.2433,29.2233
2023-08-29,23,Passo Dei Giovi,0,468.0000,24.9535,6.6190,28.1433,26.2296,27.2721,28.4671,26.8067,27.6764,27.7523,27.8044,27.7257,27.4300,27.5774,27.1044,27.1928
2023-08-29,24,Genova / Sestri,1,2.0000,24.9535,6.6190,27.2565,25.5653,27.1490,28.2910,26.5189,26.9069,26.8837,26.6631,26.7102,26.9148,26.8620,27.0680,27.0462
2023-08-29,25,Albenga,0,45.0000,71.3337,6.6190,25.9478,26.8182,26.7166,28.8088,26.7647,27.6296,27.6360,27.1664,27.1811,27.5510,27.6228,27.2747,27.2867
2023-08-29,26,Passo Della Cisa,4,1039.0000,55.9905,6.6190,28.0323,27.2368,27.2662,29.2089,27.5117,27.7151,27.6449,27.4283,27.5325,27.6425,27.6059,27.5860,27.6089
2023-08-29,27,Sarzana / Luni,4,9.0000,94.6868,6.6190,28.0077,26.5277,27.8331,28.9627,27.9692,28.2915,28.1727,28.3671,28.5020,28.3034,28.2138,28.1243,28.1081
2023-08-29,28,Bologna / Borgo Panigale,0,51.0000,41.0210,6.6190,29.8664,28.8534,30.5250,29.9122,30.6294,30.5199,30.3636,30.3839,30.5443,30.5263,30.3883,30.3611,30.4430
2023-08-29,29,Ferrara / Fontana,4,9.0000,39.9528,6.6190,30.3086,28.5487,30.0063,29.5919,29.9427,30.2673,29.9823,30.1152,30.2618,30.2792,29.9993,30.0059,29.9652
2023-08-29,31,Ferrara,4,10.0000,41.7377,6.6190,30.3918,28.5249,30.0131,29.5930,30.1889,30.2764,30.0063,30.1151,30.2511,30.2945,30.0298,29.9964,29.9670
2023-08-29,32,Bologna / Borgo Panigale,0,36.0000,39.9528,6.6190,29.7332,28.8564,30.5149,29.8957,30.8721,30.5239,30.3653,30.3785,30.5414,30.5275,30.3866,30.3612,30.4419
2023-08-29,33,Punta Marina,1,2.0000,25.9357,6.6190,28.1052,27.3449,27.5351,28.7243,27.4734,28.1516,27.4397,26.7733,27.6311,28.2308,27.4761,27.5600,26.9525
2023-08-29,34,Forli,3,27.0000,33.4500,6.6190,29.0397,28.3743,30.1227,29.1349,30.1613,30.1325,29.9133,30.2995,30.1337,30.0866,29.9057,29.8029,30.0219
2023-08-29,36,Rimini,3,12.0000,52.7910,6.6190,26.8588,27.5456,28.6858,29.1075,28.4512,28.2113,28.0186,27.7801,27.5140,28.1892,28.0352,28.5509,28.8249
2023-08-29,37,Torino / Collegno,2,287.0000,74.9769,6.6190,29.4277,28.2151,28.9986,28.6955,29.9981,29.2813,28.5864,28.9640,29.5376,29.3878,28.6356,29.4922,28.9333
2023-08-29,38,Aosta / Pollein,0,546.0000,20.6866,6.6190,27.6740,29.4350,29.4747,28.0843,30.4619,30.3583,29.8791,29.7681,30.1257,30.1996,29.7123,30.2440,30.1245
2023-08-30,0,Grand St. Bernard / Grand Saint Bernard,3,2472.0000,20.6866,24.7374,24.7779,23.9157,25.7663,27.1426,25.6305,24.3697,25.2942,25.1107,24.9340,24.2726,25.2395,24.2363,25.0888
2023-08-30,1,Locarno-Magadino,3,197.0000,62.2060,24.7374,26.9797,25.7844,26.0813,28.9638,26.5742,25.4862,25.5580,25.8743,26.5121,25.5283,25.6247,26.0077,25.9257
2023-08-30,2,Lugano,3,273.0000,46.2864,24.7374,26.6891,26.2300,26.6632,28.9485,27.4882,26.1501,26.2607,25.9879,26.8436,26.1927,26.3327,26.8141,26.6830
2023-08-30,3,Paganella,2,2125.0000,86.1858,24.7374,27.2552,27.8176,28.4128,28.6787,28.8131,27.6150,27.6279,27.2888,27.7052,27.6365,27.6428,28.1874,28.2432
2023-08-30,4,Aviano,3,128.0000,53.5302,24.7374,28.1800,27.2587,28.9551,28.7993,28.1406,27.5432,27.7096,27.1244,27.7798,27.5861,27.7544,28.2774,28.6909
2023-08-30,5,Pian Rosa,4,3480.0000,33.9630,24.7374,25.1306,23.4230,24.1567,27.2053,24.1811,23.7643,24.9201,25.6016,26.1714,24.3604,25.2961,23.5948,23.9568
2023-08-30,6,Torino / Caselle,2,301.0000,62.2905,24.7374,26.3646,26.1838,27.6494,27.2549,27.3241,26.4271,27.0134,27.0604,27.3556,26.5014,27.0361,27.0860,27.3508
2023-08-30,7,Torino / Bric Della Croce,2,709.0000,72.5131,24.7374,26.8636,26.5044,28.1442,27.2861,28.5962,27.1853,27.5454,27.4760,27.8936,27.2666,27.5785,27.6642,27.8104
2023-08-30,9,Milano / Malpensa,1,234.0000,46.2864,24.7374,27.3835,27.0114,28.1992,28.3147,28.4370,27.3527,27.7233,27.3720,28.0516,27.2570,27.6803,28.0975,28.2071
2023-08-30,10,Bergamo / Orio Al Serio,2,238.0000,41.5983,24.7374,29.4576,28.5940,29.6540,29.2605,30.3331,29.5048,29.6207,29.9528,30.5407,29.6000,29.6841,29.6750,29.6086
2023-08-30,11,Milano / Linate,4,107.0000,41.5983,24.7374,29.9315,28.4377,29.9686,28.7462,30.6722,29.7440,29.7618,29.9376,30.7198,29.7564,29.7956,30.0330,29.8826
2023-08-30,13,Brescia / Ghedi,2,102.0000,45.8189,24.7374,29.5801,29.2581,30.2625,29.5100,30.7592,30.3966,30.1935,30.7411,31.4868,30.4031,30.1780,30.3826,30.2311
2023-08-30,14,Verona / Rivoltella,2,64.0000,25.9799,24.7374,30.5658,29.3971,30.3036,29.6292,31.0731,30.5364,30.1719,30.6752,31.5949,30.6088,30.2335,30.4977,30.3265
2023-08-30,15,Verona / Villafranca,1,67.0000,25.9799,24.7374,29.8647,29.4077,30.4817,30.0696,30.4091,30.5552,30.5200,30.6551,31.2011,30.5909,30.5326,30.5025,30.3840
2023-08-30,16,Padova,3,13.0000,37.0588,24.7374,30.9469,28.8278,30.9201,29.9318,30.4497,30.6450,30.5810,30.4873,31.3110,30.6072,30.5560,30.3607,30.6758
2023-08-30,18,Treviso / S. Angelo,1,18.0000,38.0901,24.7374,30.0882,28.0793,29.3958,29.3649,29.1646,29.4502,29.7780,29.9625,29.9739,29.4793,29.7991,29.3980,29.4829
2023-08-30,19,Venezia / Tessera,1,2.0000,39.4195,24.7374,28.9093,27.4648,28.3971,29.4507,27.6751,29.1634,29.5136,29.4696,29.4854,29.2497,29.5875,27.8529,28.0004
2023-08-30,20,Monte Settepani / Caragna,0,1381.0000,55.2369,24.7374,25.0375,24.8579,24.6072,27.4685,25.5168,25.8822,25.8295,26.8932,27.8293,25.6988,25.7422,25.3862,24.9442
2023-08-30,22,Monte Malanotte,0,1741.0000,85.7364,24.7374,24.7569,25.2173,24.5231,27.2550,25.9267,26.1140,26.0090,26.8555,27.8589,25.9966,25.9841,25.5669,25.1357
2023-08-30,23,Passo Dei Giovi,0,468.0000,24.9535,24.7374,27.7303,26.0841,26.0424,27.6724,26.4923,26.7250,26.6541,26.7342,27.6182,26.6011,26.6155,26.5675,26.1073
2023-08-30,24,Genova / Sestri,1,2.0000,24.9535,24.7374,26.2578,25.4292,26.7227,27.1845,26.3115,25.9729,26.3509,26.4785,26.8309,26.0105,26.3792,26.6442,26.6639
2023-08-30,25,Albenga,0,45.0000,71.3337,24.7374,25.5580,24.8789,24.6835,27.2975,26.0172,25.9705,25.9036,26.9017,27.8494,25.7727,25.8006,25.4928,25.0513
2023-08-30,26,Passo Della Cisa,4,1039.0000,55.9905,24.7374,26.3180,27.2858,27.0127,27.4824,27.6613,27.1071,27.2432,26.1263,26.6486,27.0622,27.2286,27.3033,27.3153
2023-08-30,27,Sarzana / Luni,4,9.0000,94.6868,24.7374,25.9212,26.7989,27.2053,27.0718,27.1125,26.7899,26.9121,26.0753,26.6345,26.7907,26.9381,27.5160,27.5399
2023-08-30,29,Ferrara / Fontana,4,9.0000,39.9528,24.7374,31.4261,29.2218,30.9973,30.1737,30.7492,30.7412,30.5996,30.5456,31.3965,30.7262,30.5939,30.5747,30.8138
2023-08-30,30,Monte Cimone,4,2165.0000,59.3732,24.7374,26.5923,27.6328,27.6086,29.0185,28.1405,28.0343,27.9755,26.9035,27.6431,27.9620,27.9175,27.9461,28.0192
2023-08-30,31,Ferrara,4,10.0000,41.7377,24.7374,31.0611,29.2287,31.0221,30.2027,30.9830,30.7586,30.6185,30.6045,31.4500,30.7485,30.6181,30.6014,30.8409
2023-08-30,32,Bologna / Borgo Panigale,0,36.0000,39.9528,24.7374,30.6521,29.2949,30.8009,29.4950,31.3780,30.9615,30.7757,30.8391,31.7790,30.9584,30.8491,30.6472,30.6040
2023-08-30,33,Punta Marina,1,2.0000,25.9357,24.7374,29.4694,27.9330,28.9948,29.6111,27.8754,29.4653,29.7479,29.8208,30.1883,29.5595,29.8089,28.1189,28.3820
2023-08-30,34,Forli,3,27.0000,33.4500,24.7374,29.7506,28.1918,30.0828,29.4525,29.5431,29.3576,29.1559,29.5705,30.3912,29.3591,29.1913,29.2662,29.7147
2023-08-30,35,Cervia,3,6.0000,25.9357,24.7374,29.7101,27.9147,30.2510,29.6302,29.4450,29.4016,29.2280,29.6122,30.3853,29.3985,29.2622,29.2840,29.8498
2023-08-30,36,Rimini,3,12.0000,52.7910,24.7374,28.4930,27.6219,29.3920,29.7821,28.2806,29.1121,28.9429,29.0308,29.7697,29.0585,28.9243,28.6866,29.2524
2023-08-30,37,Torino / Collegno,2,287.0000,74.9769,24.7374,27.0500,26.3911,28.1524,27.2502,28.4282,26.9299,27.3446,27.3118,27.6817,27.0307,27.3954,27.5773,27.7683
2023-08-30,38,Aosta / Pollein,0,546.0000,20.6866,24.7374,26.4443,24.2557,25.2031,27.1587,25.6883,25.0596,25.5214,25.5567,25.9159,24.8944,25.3707,25.1145,25.4255
2023-08-31,0,Grand St. Bernard / Grand Saint Bernard,3,2472.0000,20.6866,10.0865,25.7482,25.2058,27.5920,29.1293,26.8207,25.7780,27.4963,27.8299,27.1211,25.6211,27.3755,25.5386,26.7769
2023-08-31,1,Locarno-Magadino,3,197.0000,62.2060,10.0865,26.8430,25.8995,26.6398,29.2957,26.6998,25.9196,26.1212,26.0849,26.0876,25.9358,26.1463,26.1390,26.3646
2023-08-31,2,Lugano,3,273.0000,46.2864,10.0865,28.2904,26.3627,27.5003,29.2799,27.5705,26.5160,26.8674,26.8392,26.9320,26.5729,26.9364,27.1197,27.2911
2023-08-31,3,Paganella,2,2125.0000,86.1858,10.0865,27.8852,27.9719,28.9975,28.9280,29.4074,28.3738,28.4309,28.4208,28.4160,28.4254,28.4592,28.5052,28.6617
2023-08-31,4,Aviano,3,128.0000,53.5302,10.0865,30.0038,28.5814,30.3032,30.5263,29.6769,29.2792,29.5328,29.3468,28.9622,29.3130,29.5705,29.5890,29.8902
2023-08-31,6,Torino / Caselle,2,301.0000,62.2905,10.0865,28.7307,27.2457,29.1552,29.3634,28.4624,28.2324,29.1889,29.4604,29.0347,28.3074,29.2007,28.1407,28.8728
2023-08-31,7,Torino / Bric Della Croce,2,709.0000,72.5131,10.0865,28.7822,27.3043,29.5148,29.4362,29.4677,28.5512,29.3858,29.6398,29.2172,28.6737,29.4395,28.4938,29.1813
2023-08-31,8,Novara / Cameri,1,178.0000,49.0769,10.0865,29.8647,27.8598,29.7017,29.2263,29.4065,29.3021,29.7739,29.7483,29.7270,29.3345,29.8176,29.2459,29.5440
2023-08-31,9,Milano / Malpensa,1,234.0000,46.2864,10.0865,30.0865,27.7520,29.3508,29.2318,28.9327,28.9536,29.5052,29.5644,29.4799,28.9646,29.5411,28.9544,29.2505
2023-08-31,10,Bergamo / Orio Al Serio,2,238.0000,41.5983,10.0865,28.5407,28.6245,30.0007,29.0791,30.7559,29.2673,29.4256,29.5357,29.8342,29.3333,29.4290,29.7056,29.9583
2023-08-31,11,Milano / Linate,4,107.0000,41.5983,10.0865,29.9195,28.8844,30.3090,29.4106,30.7849,30.4663,30.4829,30.7984,31.1154,30.4827,30.5236,30.2694,30.3380
2023-08-31,12,Piacenza,2,134.0000,55.9905,10.0865,30.1597,29.4592,30.5607,29.4986,30.7476,30.5641,30.5349,30.7819,30.9871,30.5686,30.4811,30.3074,30.4559
2023-08-31,14,Verona / Rivoltella,2,64.0000,25.9799,10.0865,27.6151,29.6175,30.2908,29.7096,31.2735,30.0222,29.9529,29.7525,29.8503,30.0394,29.9239,30.3656,30.4060
2023-08-31,15,Verona / Villafranca,1,67.0000,25.9799,10.0865,31.4445,30.4505,30.4811,30.6230,31.8011,31.5690,30.2930,30.3874,31.3633,31.5985,30.2778,31.5944,30.6433
2023-08-31,16,Padova,3,13.0000,37.0588,10.0865,31.0154,29.8090,31.4726,30.9438,31.1538,31.5201,31.4162,31.6202,31.5154,31.4517,31.3559,31.2891,31.3002
2023-08-31,17,Treviso / Istrana,1,45.0000,37.0588,10.0865,30.7656,29.2464,30.1195,30.8406,30.4906,30.3213,30.0910,30.2188,30.4367,30.3578,30.1037,30.3948,30.1287
2023-08-31,18,Treviso / S. Angelo,1,18.0000,38.0901,10.0865,31.6331,29.1290,30.1506,30.8151,30.2321,30.6902,30.5038,30.4249,30.6018,30.7449,30.5379,30.4906,30.2390
2023-08-31,19,Venezia / Tessera,1,2.0000,39.4195,10.0865,29.5691,28.4835,28.9292,30.6430,28.2074,29.3682,29.1539,28.6926,28.8677,29.4245,29.1879,28.8345,28.5395
2023-08-31,20,Monte Settepani / Caragna,0,1381.0000,55.2369,10.0865,24.7832,24.8148,25.1991,29.3140,24.8728,25.5279,25.9123,25.2894,24.9612,25.3777,25.8526,25.1334,25.5231
2023-08-31,21,Mondovi,0,559.0000,72.5131,10.0865,27.7392,25.8048,26.9997,29.5271,26.9276,26.9851,27.3466,27.1592,26.9699,26.7651,27.2121,26.6701,27.0800
2023-08-31,22,Monte Malanotte,0,1741.0000,85.7364,10.0865,26.0080,24.8083,25.1844,29.5235,25.3452,25.8593,26.2312,25.9309,25.7105,25.6210,26.0865,25.3139,25.7221
2023-08-31,23,Passo Dei Giovi,0,468.0000,24.9535,10.0865,27.9532,26.4673,27.4587,28.9275,27.3861,27.4086,27.6790,27.7337,27.4563,27.2178,27.5638,27.0236,27.3024
2023-08-31,24,Genova / Sestri,1,2.0000,24.9535,10.0865,27.7762,25.8873,27.4767,28.4032,26.8094,27.0523,27.3999,26.8772,26.6186,27.0740,27.4047,27.0461,27.3974
2023-08-31,25,Albenga,0,45.0000,71.3337,10.0865,26.8606,24.8760,26.1447,29.2792,26.2718,26.3907,26.7737,26.1890,25.8702,26.2872,26.7375,25.9199,26.3107
2023-08-31,26,Passo Della Cisa,4,1039.0000,55.9905,10.0865,28.4887,28.4262,28.3485,29.3129,28.9446,28.9023,28.6653,28.4720,28.6591,28.8773,28.6609,28.5978,28.5772
2023-08-31,27,Sarzana / Luni,4,9.0000,94.6868,10.0865,29.5131,28.1713,29.1767,28.8851,29.1813,29.0018,28.8114,28.3605,28.4641,28.9900,28.8201,29.2792,29.2796
2023-08-31,28,Bologna / Borgo Panigale,0,51.0000,41.0210,10.0865,31.8260,31.1569,31.8154,31.3120,32.4002,32.5420,31.7953,31.9581,32.5206,32.5466,31.8449,32.2869,31.7957
2023-08-31,29,Ferrara / Fontana,4,9.0000,39.9528,10.0865,32.1982,30.8880,32.3526,30.9631,32.6569,32.4237,32.0276,32.3960,32.6582,32.4248,32.0288,32.4333,32.1484
2023-08-31,30,Monte Cimone,4,2165.0000,59.3732,10.0865,27.7377,28.9263,28.2645,31.1480,28.6948,29.6210,29.1684,29.0345,29.3909,29.5936,29.1388,28.9743,28.7741
2023-08-31,31,Ferrara,4,10.0000,41.7377,10.0865,31.7938,30.8778,32.1988,30.9573,32.6807,32.3465,31.9494,32.2989,32.5658,32.3541,31.9576,32.3286,32.0449
2023-08-31,32,Bologna / Borgo Panigale,0,36.0000,39.9528,10.0865,32.2437,31.1546,31.8382,31.3027,32.8170,32.5646,31.8266,31.9860,32.5385,32.5707,31.8767,32.3136,31.8234
2023-08-31,33,Punta Marina,1,2.0000,25.9357,10.0865,27.7244,28.6088,28.3869,30.5998,27.9189,28.6764,28.1841,27.6309,27.7770,28.6774,28.1746,28.7149,28.1429
2023-08-31,34,Forli,3,27.0000,33.4500,10.0865,30.7493,29.8528,30.8421,31.0885,31.1968,31.1841,30.5140,30.9380,31.1353,31.1519,30.4900,30.9969,30.4974
2023-08-31,35,Cervia,3,6.0000,25.9357,10.0865,29.2301,28.6323,29.5741,31.0808,29.6282,29.6745,28.9841,28.9222,29.0926,29.6407,28.9550,29.7965,29.2732
2023-08-31,36,Rimini,3,12.0000,52.7910,10.0865,27.6105,27.9603,28.5569,31.2633,28.4215,28.3359,27.5840,27.5305,27.7163,28.3279,27.5841,28.7883,28.2779
2023-08-31,37,Torino / Collegno,2,287.0000,74.9769,10.0865,30.0581,27.4461,30.3228,29.4210,30.2378,28.8776,29.7564,30.0651,29.6317,28.9880,29.8021,29.0648,29.7698
2023-08-31,38,Aosta / Pollein,0,546.0000,20.6866,10.0865,27.9414,25.4692,26.1422,29.1544,26.9808,26.1679,26.4595,26.9234,27.0604,26.0030,26.3223,26.2269,26.6245
